{"type": "FeatureCollection",
"attribution": "© OpenStreetMap contributors, ODbL 1.0 (https://www.openstreetmap.org/copyright)",
"features": [
{"type": "Feature", "properties": {"osm_way": 49967705, "osm_name": "North Spine", "height_m": 17.5, "min_height_m": 0.0}, "geometry": {"type": "Polygon", "coordinates": [[[103.6806042, 1.3450551], [103.6805558, 1.3450558], [103.6805549, 1.3456048], [103.6805577, 1.3458529], [103.680554, 1.3459998], [103.6805599, 1.3463297], [103.6805569, 1.3465088], [103.6805569, 1.3467171], [103.680557, 1.3468513], [103.6805578, 1.3474955], [103.6805588, 1.3475275], [103.6805672, 1.3476015], [103.680591, 1.3476723], [103.6806285, 1.34773], [103.6806853, 1.3477785], [103.6807492, 1.3478118], [103.6808126, 1.3478281], [103.680882, 1.3478332], [103.6809504, 1.3478238], [103.6810165, 1.3477946], [103.6810674, 1.347757], [103.68111, 1.3477152], [103.6811445, 1.3476689], [103.6811762, 1.3475983], [103.6811865, 1.3475477], [103.6811914, 1.3472139], [103.6812207, 1.3471948], [103.6812229, 1.3471661], [103.6812218, 1.3469582], [103.6812228, 1.3468054], [103.6812203, 1.3464386], [103.6812203, 1.3462879], [103.6812175, 1.3460887], [103.681214, 1.3454436], [103.6811717, 1.3454434], [103.6811704, 1.345369], [103.6811053, 1.3453465], [103.6810559, 1.3453466], [103.6810543, 1.3454568], [103.6809227, 1.3454561], [103.6809212, 1.3453464], [103.6809216, 1.345118], [103.6809226, 1.3450526], [103.6808193, 1.3450535], [103.6807108, 1.3450545], [103.6806042, 1.3450551]]]}},
{"type": "Feature", "properties": {"osm_way": 49967706, "osm_name": "South Spine", "building": "SS"}, "geometry": {"type": "Polygon", "coordinates": [[[103.6806994, 1.3437706], [103.6808497, 1.3436207], [103.6808056, 1.3435739], [103.6812853, 1.3430857], [103.6812949, 1.3430767], [103.6814299, 1.3429507], [103.6818648, 1.3425079], [103.6819988, 1.3423714], [103.6820441, 1.3423308], [103.6820815, 1.3423078], [103.6821345, 1.3422909], [103.6821913, 1.3422803], [103.682239, 1.3422825], [103.6823005, 1.3422917], [103.6823738, 1.3423308], [103.6824359, 1.3423815], [103.6824819, 1.3424452], [103.6825072, 1.3425024], [103.6825166, 1.3425545], [103.6825201, 1.3426233], [103.6825048, 1.3426898], [103.6824824, 1.3427482], [103.6824356, 1.3428138], [103.682259, 1.3429912], [103.6821595, 1.3430877], [103.6820485, 1.3431963], [103.6815431, 1.3437055], [103.6814227, 1.3437889], [103.6813679, 1.3438447], [103.6813411, 1.3438191], [103.6812856, 1.3438719], [103.6812577, 1.3438985], [103.6812148, 1.3438577], [103.6811219, 1.3440006], [103.6810605, 1.3440625], [103.6808834, 1.3438847], [103.6806178, 1.3441536], [103.680483, 1.3442623], [103.6803567, 1.3441072], [103.6806994, 1.3437706]]]}},
{"type": "Feature", "properties": {"osm_way": 49967805, "osm_name": "Nanyang Business School (S3)", "building": "S3"}, "geometry": {"type": "Polygon", "coordinates": [[[103.6832507, 1.3444507], [103.6832623, 1.3444389], [103.683295, 1.3444711], [103.6833201, 1.3444456], [103.6832837, 1.3444098], [103.6833452, 1.3443474], [103.6833823, 1.3443841], [103.6834102, 1.344356], [103.6833765, 1.3443224], [103.6833932, 1.3443059], [103.6827394, 1.3436465], [103.6822992, 1.3432015], [103.6822508, 1.3431526], [103.6822216, 1.3431231], [103.6821881, 1.3430891], [103.6821734, 1.3431024], [103.6821595, 1.3430877], [103.6820485, 1.3431963], [103.6820633, 1.3432124], [103.6820406, 1.3432342], [103.6820753, 1.3432673], [103.6821087, 1.3432996], [103.6825988, 1.3437925], [103.6832507, 1.3444507]]]}},
{"type": "Feature", "properties": {"osm_way": 49967806, "osm_name": "S. Rajaratnam School of International Studies (S4)", "height_m": 10.0, "min_height_m": 0.0}, "geometry": {"type": "Polygon", "coordinates": [[[103.6827878, 1.344925], [103.6816569, 1.3437856], [103.6816293, 1.3437569], [103.681612, 1.3437396], [103.6815799, 1.3437083], [103.6815634, 1.3437251], [103.6815431, 1.3437055], [103.6814227, 1.3437889], [103.6814646, 1.3438316], [103.6814394, 1.3438564], [103.6814711, 1.3438887], [103.6814906, 1.3439074], [103.6815133, 1.3439305], [103.6826482, 1.3450732], [103.6826792, 1.3450437], [103.682715, 1.3450817], [103.6827556, 1.3450414], [103.6828116, 1.3449859], [103.6827674, 1.3449435], [103.6827878, 1.344925]]]}},
{"type": "Feature", "properties": {"osm_way": 49967807, "osm_name": "School of Physical and Mathematical Sciences", "height_m": 10.0, "min_height_m": 0.0}, "geometry": {"type": "Polygon", "coordinates": [[[103.681005, 1.3420719], [103.6812817, 1.3417863], [103.6813554, 1.3418507], [103.6813848, 1.3418309], [103.6813619, 1.3418106], [103.6813646, 1.3417786], [103.6813757, 1.3417564], [103.6813931, 1.3417384], [103.6814163, 1.3417273], [103.6814358, 1.3417259], [103.6814662, 1.3417532], [103.6814881, 1.3417354], [103.681475, 1.3417159], [103.6815139, 1.3416863], [103.6815003, 1.3416689], [103.6815637, 1.3416217], [103.6816631, 1.3415611], [103.6817583, 1.3415154], [103.6818562, 1.3414825], [103.6819422, 1.341455], [103.68205, 1.3414336], [103.682156, 1.3414227], [103.682159, 1.3414536], [103.6822059, 1.3414521], [103.6822175, 1.3419166], [103.6823048, 1.341916], [103.6823083, 1.3418648], [103.6823787, 1.3418757], [103.6824341, 1.3418894], [103.6825037, 1.3419169], [103.6825621, 1.341948], [103.6826106, 1.3419788], [103.6826482, 1.341926], [103.682654, 1.3419236], [103.6826661, 1.3419269], [103.682672, 1.3419359], [103.6826723, 1.3419478], [103.6826356, 1.3420001], [103.6826634, 1.3420147], [103.6826965, 1.3419769], [103.6827545, 1.3420272], [103.6828425, 1.3421205], [103.682806, 1.3421534], [103.6828428, 1.3422102], [103.6826434, 1.3423422], [103.6825902, 1.3422711], [103.6825485, 1.3422325], [103.6825285, 1.342214], [103.6824638, 1.3421734], [103.6823726, 1.3421366], [103.6822868, 1.3421192], [103.682294, 1.342077], [103.6822638, 1.3420705], [103.6822201, 1.3420682], [103.6822228, 1.3421128], [103.6821494, 1.3421135], [103.6820647, 1.3421301], [103.6819784, 1.3421678], [103.6818939, 1.3422316], [103.6818787, 1.3422479], [103.6818835, 1.3422545], [103.6815975, 1.3425488], [103.6815519, 1.3425026], [103.6815002, 1.3425539], [103.681005, 1.3420719]]]}},
{"type": "Feature", "properties": {"osm_way": 49967820, "osm_name": "School of Electrical and Electronic Engineering (S2)", "height_m": 10.0, "min_height_m": 0.0}, "geometry": {"type": "Polygon", "coordinates": [[[103.6800764, 1.341865], [103.6802245, 1.3417155], [103.6803466, 1.3418421], [103.6807628, 1.3422736], [103.6808777, 1.3423902], [103.6814299, 1.3429507], [103.6812949, 1.3430767], [103.6812853, 1.3430857], [103.6807208, 1.3425229], [103.6806211, 1.3424176], [103.6800764, 1.341865]]]}},
{"type": "Feature", "properties": {"osm_way": 49967822, "osm_name": "School of Electrical and Electronic Engineering (S1)", "height_m": 10.0, "min_height_m": 0.0}, "geometry": {"type": "Polygon", "coordinates": [[[103.6794838, 1.3425151], [103.679503, 1.3424965], [103.6794828, 1.3424755], [103.6795096, 1.342451], [103.6795311, 1.342474], [103.6795975, 1.3424096], [103.6795672, 1.3423775], [103.6795933, 1.3423505], [103.680144, 1.3428823], [103.6808056, 1.3435739], [103.6808497, 1.3436207], [103.6806994, 1.3437706], [103.6794838, 1.3425151]]]}},
{"type": "Feature", "properties": {"osm_way": 49967851, "osm_name": "Wee Kim Wee School of Communication and Information (WKWSCI)", "height_m": 10.0, "min_height_m": 0.0}, "geometry": {"type": "Polygon", "coordinates": [[[103.6799939, 1.3425825], [103.6802434, 1.3423342], [103.6798856, 1.3419846], [103.6799437, 1.3419291], [103.6798553, 1.3418367], [103.6797955, 1.3418929], [103.6797247, 1.341835], [103.6796849, 1.3418154], [103.6796424, 1.3418093], [103.6795858, 1.3418103], [103.6795307, 1.3418287], [103.6794484, 1.3418963], [103.6794798, 1.3419244], [103.6794036, 1.3419987], [103.6799939, 1.3425825]]]}},
{"type": "Feature", "properties": {"osm_way": 49967856, "osm_name": "School of Humanities and Social Sciences", "height_m": 10.0, "min_height_m": 0.0}, "geometry": {"type": "Polygon", "coordinates": [[[103.6832466, 1.3439438], [103.6835865, 1.3442905], [103.6836195, 1.3443241], [103.6836918, 1.3442534], [103.683667, 1.3442281], [103.6833153, 1.3438693], [103.6832839, 1.343899], [103.6832664, 1.3438805], [103.6833178, 1.3438319], [103.6833388, 1.3438541], [103.6833484, 1.3438451], [103.6833677, 1.3438655], [103.6833975, 1.3438374], [103.6834503, 1.3438821], [103.6834426, 1.3438937], [103.6835218, 1.3439461], [103.6835288, 1.3439356], [103.6835819, 1.3439707], [103.6835676, 1.3439922], [103.6836436, 1.3440424], [103.6836539, 1.3440301], [103.6836962, 1.344071], [103.6836818, 1.3440856], [103.6837488, 1.3441523], [103.6837612, 1.3441416], [103.6837682, 1.3441487], [103.6838013, 1.3441828], [103.6838652, 1.3441208], [103.6838317, 1.3440863], [103.683822, 1.3440763], [103.6839003, 1.344], [103.6838365, 1.3439346], [103.6837632, 1.344006], [103.6837104, 1.3439531], [103.6837741, 1.343872], [103.6837017, 1.343813], [103.6836355, 1.3438946], [103.6835722, 1.3438511], [103.6836317, 1.3437646], [103.6835572, 1.3437135], [103.6834942, 1.3438052], [103.6834721, 1.3437885], [103.6834202, 1.3437368], [103.6834269, 1.3437301], [103.6834591, 1.3437622], [103.6834802, 1.3437411], [103.6834464, 1.3437074], [103.6835197, 1.3436338], [103.6832191, 1.3433207], [103.6830012, 1.3435443], [103.6829689, 1.3435129], [103.6828975, 1.3435862], [103.6831624, 1.3438585], [103.683133, 1.3438898], [103.683194, 1.3439472], [103.6832274, 1.3439118], [103.6832535, 1.3439364], [103.6832466, 1.3439438]]]}},
{"type": "Feature", "properties": {"osm_way": 49967874, "osm_name": "Research Techno Plaza", "height_m": 21.0, "min_height_m": 0.0}, "geometry": {"type": "Polygon", "coordinates": [[[103.6792709, 1.3436302], [103.6791628, 1.3437488], [103.6792167, 1.3437893], [103.6792807, 1.3438115], [103.679359, 1.3438134], [103.6794271, 1.3437848], [103.6794596, 1.3437502], [103.6794799, 1.3437034], [103.6794941, 1.3436586], [103.6794962, 1.3436077], [103.6794927, 1.343482], [103.6798675, 1.3430938], [103.6797129, 1.3429447], [103.6795833, 1.3430731], [103.6794705, 1.3429703], [103.6794852, 1.3428249], [103.6792062, 1.3427968], [103.6791782, 1.3430741], [103.6792363, 1.34308], [103.679202, 1.3434508], [103.6791476, 1.3435047], [103.6792017, 1.3435569], [103.6791682, 1.3435915], [103.6792211, 1.3436426], [103.6792513, 1.3436113], [103.6792709, 1.3436302]]]}},
{"type": "Feature", "properties": {"osm_way": 49967875, "osm_name": "School of Mechnical and Aerospace Engineering", "height_m": 10.0, "min_height_m": 0.0}, "geometry": {"type": "Polygon", "coordinates": [[[103.6828215, 1.3471732], [103.6827653, 1.3471711], [103.682323, 1.3471702], [103.6818114, 1.3471692], [103.6812229, 1.3471661], [103.6812218, 1.3469582], [103.6817994, 1.3469639], [103.6823275, 1.346958], [103.682842, 1.3469629], [103.6829167, 1.3469624], [103.6829194, 1.3469909], [103.6829481, 1.3469907], [103.6829515, 1.3470685], [103.6829489, 1.3471477], [103.6829167, 1.347148], [103.6829164, 1.3471734], [103.6828215, 1.3471732]]]}},
{"type": "Feature", "properties": {"osm_way": 49967883, "osm_name": "College of Computing and Data Science", "height_m": 10.0, "min_height_m": 0.0}, "geometry": {"type": "Polygon", "coordinates": [[[103.6829655, 1.3462876], [103.6829652, 1.3461056], [103.6829652, 1.3460855], [103.6812175, 1.3460887], [103.6812203, 1.3462879], [103.6818152, 1.3462898], [103.6823305, 1.3462888], [103.6828409, 1.3462879], [103.6829655, 1.3462876]]]}},
{"type": "Feature", "properties": {"osm_way": 49967895, "osm_name": "School of Materials Science and Engineering", "height_m": 10.0, "min_height_m": 0.0}, "geometry": {"type": "Polygon", "coordinates": [[[103.6829977, 1.3466206], [103.6829984, 1.3464189], [103.6830328, 1.346419], [103.6830331, 1.3463369], [103.6828405, 1.3463363], [103.6825928, 1.3463354], [103.6825908, 1.3469018], [103.6828388, 1.3469027], [103.6829592, 1.3469031], [103.683029, 1.3469033], [103.6830292, 1.3468256], [103.682997, 1.3468254], [103.6829977, 1.3466206]]]}},
{"type": "Feature", "properties": {"osm_way": 49967975, "osm_name": "School of Civil and Environmental Engineering", "height_m": 10.0, "min_height_m": 0.0}, "geometry": {"type": "Polygon", "coordinates": [[[103.678849, 1.3456217], [103.6805549, 1.3456048], [103.6805577, 1.3458529], [103.6788517, 1.3458697], [103.678849, 1.3456217]]]}},
{"type": "Feature", "properties": {"osm_way": 49968001, "osm_name": "School of Chemical and Biomedical Engineering (SCBE - CBE)", "height_m": 10.0, "min_height_m": 0.0}, "geometry": {"type": "Polygon", "coordinates": [[[103.6796277, 1.3455968], [103.6796258, 1.3452619], [103.6793334, 1.3452636], [103.6793332, 1.3453918], [103.679173, 1.3453904], [103.6791719, 1.3452723], [103.678834, 1.3452752], [103.6788329, 1.3451431], [103.6787859, 1.3451457], [103.6787368, 1.3451611], [103.6786927, 1.3451887], [103.6786532, 1.345222], [103.6786236, 1.345259], [103.6786075, 1.3452992], [103.6785687, 1.3452993], [103.6785698, 1.345613], [103.6785954, 1.3456129], [103.6785988, 1.3456338], [103.6786229, 1.3456458], [103.6786417, 1.345647], [103.6786419, 1.3456697], [103.6786499, 1.34567], [103.6786519, 1.345615], [103.6789133, 1.345615], [103.6789133, 1.3455372], [103.6790769, 1.3455372], [103.6790769, 1.3455909], [103.679175, 1.3455909], [103.6791739, 1.34548], [103.6793337, 1.3454805], [103.6793344, 1.3455984], [103.6796277, 1.3455968]]]}},
{"type": "Feature", "properties": {"osm_way": 49968067, "osm_name": "School of Biological Sciences", "height_m": 10.0, "min_height_m": 0.0}, "geometry": {"type": "Polygon", "coordinates": [[[103.6794505, 1.3448439], [103.6794533, 1.3447391], [103.6794622, 1.3446435], [103.6794645, 1.344566], [103.6796416, 1.3446129], [103.6796619, 1.3445079], [103.6797031, 1.3445143], [103.679727, 1.3443849], [103.6795968, 1.3443612], [103.679615, 1.3442707], [103.6790414, 1.3441469], [103.6790208, 1.3442525], [103.6789437, 1.3442366], [103.6789171, 1.3443605], [103.6789749, 1.3443737], [103.6789519, 1.3445135], [103.6789324, 1.3446798], [103.6789316, 1.3448536], [103.6789236, 1.3449331], [103.6788676, 1.3449336], [103.678867, 1.3450522], [103.6789413, 1.3450519], [103.6789416, 1.3451373], [103.6801727, 1.3451327], [103.6801724, 1.3450379], [103.6801819, 1.3450264], [103.6801727, 1.3449507], [103.6801346, 1.3449494], [103.6800254, 1.3449486], [103.6800214, 1.3448972], [103.6800195, 1.3448719], [103.6797226, 1.3448655], [103.6797277, 1.3449484], [103.6796267, 1.3449458], [103.6796259, 1.3448444], [103.6794505, 1.3448439]]]}},
{"type": "Feature", "properties": {"osm_way": 49968075, "osm_name": "Asian School of the Environment", "height_m": 17.5, "min_height_m": 0.0}, "geometry": {"type": "Polygon", "coordinates": [[[103.6788287, 1.3467293], [103.6788287, 1.3466076], [103.6788287, 1.3465179], [103.6805569, 1.3465088], [103.6805569, 1.3467171], [103.6790105, 1.346728], [103.6788287, 1.3467293]]]}},
{"type": "Feature", "properties": {"osm_way": 49968086, "osm_name": "Research Support Building", "height_m": 10.0, "min_height_m": 0.0}, "geometry": {"type": "Polygon", "coordinates": [[[103.6782062, 1.3454267], [103.6783095, 1.3450467], [103.6782957, 1.3450156], [103.678262, 1.344995], [103.6782278, 1.344997], [103.6781985, 1.3450187], [103.6781286, 1.3452575], [103.6781103, 1.3452527], [103.6780739, 1.3453921], [103.6782062, 1.3454267]]]}},
{"type": "Feature", "properties": {"osm_way": 49968559, "osm_name": "School of Art, Design and Media", "height_m": 10.0, "min_height_m": 0.0}, "geometry": {"type": "Polygon", "coordinates": [[[103.683279, 1.3494406], [103.6834822, 1.3495731], [103.6834824, 1.3495344], [103.6834899, 1.3494852], [103.6835047, 1.3494476], [103.6835137, 1.3494286], [103.6835258, 1.3494096], [103.6835245, 1.3494345], [103.6835272, 1.3494584], [103.6835312, 1.3494829], [103.6835383, 1.3495073], [103.6835438, 1.3495282], [103.6835515, 1.3495527], [103.6835688, 1.3495904], [103.6835908, 1.3496263], [103.6836179, 1.3496622], [103.6836403, 1.349687], [103.6836657, 1.3497112], [103.6837066, 1.3497425], [103.6837502, 1.3497701], [103.6837881, 1.3497872], [103.6838257, 1.349799], [103.6838562, 1.3498062], [103.6838835, 1.3498118], [103.6839039, 1.3498142], [103.6839125, 1.3497917], [103.683878, 1.3497738], [103.6838479, 1.349754], [103.6838182, 1.3497334], [103.6837938, 1.349711], [103.6837695, 1.3496877], [103.6837513, 1.3496618], [103.6837335, 1.3496349], [103.6837198, 1.3495984], [103.6837825, 1.3496536], [103.683828, 1.3496906], [103.6838763, 1.3497239], [103.6839171, 1.3497506], [103.6839539, 1.3497729], [103.6839933, 1.3497925], [103.6841149, 1.3498395], [103.6841925, 1.3498601], [103.684291, 1.3498661], [103.6843762, 1.3498568], [103.6844632, 1.349833], [103.6845427, 1.3497973], [103.6846031, 1.3497524], [103.684665, 1.349695], [103.6846985, 1.3496495], [103.6847299, 1.3496034], [103.6845115, 1.3494617], [103.6844714, 1.3495097], [103.6844105, 1.3495559], [103.6843578, 1.349593], [103.6842998, 1.349615], [103.684226, 1.3496328], [103.6841532, 1.349632], [103.6840766, 1.3496207], [103.684009, 1.3495989], [103.6839422, 1.3495704], [103.6838833, 1.3495358], [103.6838266, 1.3494908], [103.6837805, 1.3494439], [103.6837332, 1.3493929], [103.683717, 1.3493236], [103.683733, 1.3492552], [103.6837583, 1.3492421], [103.6838217, 1.3492305], [103.6838906, 1.3492245], [103.683969, 1.3492362], [103.6840425, 1.3492636], [103.6841049, 1.3492995], [103.6841562, 1.3493427], [103.6842018, 1.3494075], [103.6842181, 1.3494354], [103.6842431, 1.3494946], [103.6843515, 1.3494549], [103.6843236, 1.3493736], [103.684259, 1.3492757], [103.6842205, 1.3492298], [103.6841625, 1.3491757], [103.6840991, 1.3491313], [103.6840322, 1.3490978], [103.6839551, 1.3490713], [103.6838842, 1.3490586], [103.684018, 1.348997], [103.6840056, 1.348948], [103.683933, 1.3489498], [103.68389, 1.3489622], [103.6838501, 1.3489737], [103.6838152, 1.3489869], [103.6837829, 1.3490033], [103.6837533, 1.3490225], [103.6837234, 1.3490449], [103.6836951, 1.3490686], [103.6836603, 1.349076], [103.6836285, 1.3490848], [103.6836251, 1.3490586], [103.6836221, 1.3490235], [103.6836212, 1.3489889], [103.6836196, 1.3489593], [103.6836259, 1.3489163], [103.6836353, 1.3488624], [103.6836464, 1.3488152], [103.683654, 1.3487869], [103.6834407, 1.3487139], [103.6834358, 1.348746], [103.6834332, 1.3487804], [103.6834292, 1.3488442], [103.6834282, 1.3488952], [103.6834342, 1.3489578], [103.683438, 1.3490095], [103.6834473, 1.3490651], [103.6834615, 1.3491192], [103.6834803, 1.3491728], [103.6834117, 1.3492091], [103.6833757, 1.3492456], [103.6833486, 1.3492754], [103.6833285, 1.3493087], [103.6833059, 1.3493444], [103.6832874, 1.3493977], [103.683279, 1.3494406]]]}},
{"type": "Feature", "properties": {"osm_way": 49968619, "osm_name": "Nanyang Auditorium", "height_m": 10.0, "min_height_m": 0.0}, "geometry": {"type": "Polygon", "coordinates": [[[103.679602, 1.3438951], [103.6800445, 1.3443391], [103.6798367, 1.3445682], [103.680037, 1.3446023], [103.6802322, 1.3446356], [103.680507, 1.3443439], [103.6805365, 1.3443144], [103.680483, 1.3442623], [103.6803567, 1.3441072], [103.6800795, 1.3438466], [103.6801259, 1.3437894], [103.6799151, 1.343574], [103.6796948, 1.3436411], [103.6797277, 1.343768], [103.679602, 1.3438951]]]}},
{"type": "Feature", "properties": {"osm_way": 49968758, "osm_name": "NTU Administration Building", "height_m": 10.0, "min_height_m": 0.0}, "geometry": {"type": "Polygon", "coordinates": [[[103.6806959, 1.3443342], [103.6807437, 1.3443822], [103.6808437, 1.3444838], [103.681061, 1.3447016], [103.6812539, 1.3447048], [103.6809011, 1.344333], [103.6806959, 1.3443342]]]}},
{"type": "Feature", "properties": {"osm_way": 49968763, "osm_name": "Chinese Heritage Centre", "height_m": 10.0, "min_height_m": 0.0}, "geometry": {"type": "Polygon", "coordinates": [[[103.6835841, 1.3435214], [103.6838729, 1.3437714], [103.6838565, 1.3437892], [103.6838983, 1.3438232], [103.6838826, 1.3438414], [103.6839709, 1.3439147], [103.683984, 1.3439256], [103.6839936, 1.3439141], [103.6840379, 1.3439509], [103.6840539, 1.3439317], [103.6843468, 1.344175], [103.6844286, 1.3440766], [103.6841343, 1.3438321], [103.684146, 1.343818], [103.6840946, 1.3437753], [103.6841157, 1.3437499], [103.6840707, 1.3437125], [103.6840327, 1.343681], [103.6840119, 1.343706], [103.6839652, 1.3436672], [103.6839519, 1.3436833], [103.6836528, 1.3434348], [103.6835841, 1.3435214]]]}},
{"type": "Feature", "properties": {"osm_way": 49968776, "osm_name": "Student Services Centre", "height_m": 10.0, "min_height_m": 0.0}, "geometry": {"type": "Polygon", "coordinates": [[[103.6831429, 1.3453879], [103.6832928, 1.3454176], [103.6832854, 1.3454652], [103.6834462, 1.3454974], [103.6835105, 1.3455126], [103.6835183, 1.3454839], [103.6835294, 1.3454857], [103.6835352, 1.3454513], [103.68351, 1.3454473], [103.6835693, 1.3451259], [103.6832132, 1.3450543], [103.6831429, 1.3453879]]]}},
{"type": "Feature", "properties": {"osm_way": 49968787, "osm_name": "University Health Service", "height_m": 10.0, "min_height_m": 0.0}, "geometry": {"type": "Polygon", "coordinates": [[[103.6824847, 1.3454567], [103.6825619, 1.3454742], [103.6825761, 1.3454099], [103.6826836, 1.3454328], [103.6826634, 1.3455182], [103.6827654, 1.3455423], [103.682817, 1.3453242], [103.6826133, 1.3452761], [103.682606, 1.345307], [103.6825202, 1.3452885], [103.6824847, 1.3454567]]]}},
{"type": "Feature", "properties": {"osm_way": 49968793, "osm_name": "", "height_m": 10.0, "min_height_m": 0.0}, "geometry": {"type": "Polygon", "coordinates": [[[103.683231, 1.3475064], [103.6832856, 1.3475053], [103.6832849, 1.3474672], [103.6834291, 1.3474643], [103.6834301, 1.3475162], [103.6833984, 1.3475168], [103.6833993, 1.3475604], [103.6833114, 1.3475621], [103.683312, 1.3475922], [103.6832327, 1.3475938], [103.683231, 1.3475064]]]}},
{"type": "Feature", "properties": {"osm_way": 49968849, "osm_name": "SIMTECH Valley Block", "height_m": 10.5, "min_height_m": 0.0}, "geometry": {"type": "Polygon", "coordinates": [[[103.6824892, 1.3485247], [103.6828363, 1.3491368], [103.683097, 1.3489912], [103.6827453, 1.3483843], [103.6824892, 1.3485247]]]}},
{"type": "Feature", "properties": {"osm_way": 49969010, "osm_name": "New Innovation Centre", "height_m": 14.0, "min_height_m": 0.0}, "geometry": {"type": "Polygon", "coordinates": [[[103.6812992, 1.3483458], [103.6816367, 1.3485469], [103.6816719, 1.3485678], [103.6816906, 1.3485575], [103.681712, 1.3485819], [103.6817246, 1.3485927], [103.6817399, 1.3486004], [103.6817541, 1.348606], [103.6817688, 1.348608], [103.6817841, 1.3486066], [103.6818006, 1.348603], [103.6818138, 1.3485942], [103.6818262, 1.348584], [103.6818357, 1.3485698], [103.6818418, 1.3485571], [103.6818445, 1.3485453], [103.6818455, 1.3485353], [103.6818461, 1.3485256], [103.6818445, 1.3485158], [103.6818418, 1.3485058], [103.6818381, 1.3484958], [103.6818281, 1.3484761], [103.6818492, 1.3484656], [103.6818486, 1.3483562], [103.6819268, 1.3483565], [103.6819262, 1.3483167], [103.6818904, 1.3483167], [103.6818917, 1.3482483], [103.6819382, 1.3482482], [103.6819387, 1.3480218], [103.6816355, 1.3480122], [103.6816369, 1.3481373], [103.6814986, 1.3482181], [103.6814044, 1.348165], [103.681398, 1.3481759], [103.6813244, 1.3483005], [103.6812992, 1.3483458]]]}},
{"type": "Feature", "properties": {"osm_way": 49989264, "osm_name": "Nanyang House", "height_m": 10.0, "min_height_m": 0.0}, "geometry": {"type": "Polygon", "coordinates": [[[103.6865503, 1.3497168], [103.6865633, 1.3496938], [103.6866247, 1.3495754], [103.686946, 1.3497447], [103.687148, 1.3498505], [103.6870742, 1.3499913], [103.6870016, 1.3499532], [103.6869808, 1.3499886], [103.6870167, 1.3500075], [103.6869609, 1.3501137], [103.6868043, 1.3500314], [103.6868601, 1.3499252], [103.6869414, 1.3499679], [103.6869613, 1.3499322], [103.6865503, 1.3497168]]]}},
{"type": "Feature", "properties": {"osm_way": 49989555, "osm_name": "Electromagnetic Effects Research Lab", "height_m": 10.0, "min_height_m": 0.0}, "geometry": {"type": "Polygon", "coordinates": [[[103.6788944, 1.3514928], [103.6792157, 1.3518433], [103.6792982, 1.3517676], [103.6793351, 1.3518079], [103.6790997, 1.3520236], [103.6787415, 1.3516328], [103.6788944, 1.3514928]]]}},
{"type": "Feature", "properties": {"osm_way": 83889023, "osm_name": "Nanyang Executive Center", "height_m": 10.0, "min_height_m": 0.0}, "geometry": {"type": "Polygon", "coordinates": [[[103.6883382, 1.3514283], [103.6883394, 1.3514166], [103.6883441, 1.3514057], [103.6883518, 1.3513968], [103.6883618, 1.3513906], [103.6883733, 1.3513876], [103.6883851, 1.3513883], [103.6883961, 1.3513924], [103.6884054, 1.3513997], [103.6884121, 1.3514094], [103.6884156, 1.3514206], [103.6884156, 1.3514324], [103.6884122, 1.3514433], [103.6884058, 1.3514527], [103.6883969, 1.3514599], [103.6883864, 1.3514642], [103.6883751, 1.3514653], [103.688375, 1.3514741], [103.688397, 1.3514744], [103.6883997, 1.3515606], [103.6880588, 1.3515651], [103.6880581, 1.3515348], [103.688049, 1.3515349], [103.6880462, 1.3515449], [103.6880408, 1.3515538], [103.6880333, 1.351561], [103.6880242, 1.3515659], [103.688014, 1.3515683], [103.6880036, 1.3515678], [103.6879937, 1.3515646], [103.687985, 1.3515589], [103.6879782, 1.3515511], [103.6879736, 1.3515417], [103.6879717, 1.3515315], [103.6879722, 1.3515232], [103.6879744, 1.3515152], [103.6879783, 1.3515078], [103.6879837, 1.3515015], [103.6879903, 1.3514964], [103.6879978, 1.3514929], [103.688006, 1.351491], [103.6880143, 1.3514909], [103.6880142, 1.351472], [103.6879891, 1.351472], [103.6879889, 1.3513964], [103.6878662, 1.3513589], [103.6878528, 1.351395], [103.6878351, 1.3514205], [103.6878021, 1.3514514], [103.6877614, 1.3514722], [103.6877083, 1.3514793], [103.6876574, 1.351469], [103.6876211, 1.3514436], [103.6875834, 1.351402], [103.687566, 1.3513515], [103.6875624, 1.3513152], [103.6875688, 1.3512754], [103.6875911, 1.3512351], [103.6874311, 1.3512844], [103.6873634, 1.3511872], [103.6879542, 1.350988], [103.6879566, 1.3510804], [103.6880698, 1.3510777], [103.6880706, 1.3510405], [103.688229, 1.3510393], [103.6884111, 1.3510379], [103.6884103, 1.3511226], [103.6883846, 1.3511217], [103.6883852, 1.3511322], [103.6883967, 1.351135], [103.6884067, 1.3511413], [103.6884142, 1.3511504], [103.6884183, 1.3511615], [103.6884187, 1.3511733], [103.6884153, 1.3511846], [103.6884082, 1.3511945], [103.6883982, 1.3512015], [103.6883864, 1.3512048], [103.6883742, 1.3512041], [103.688363, 1.3511994], [103.6883539, 1.3511912], [103.6883481, 1.3511804], [103.6883461, 1.3511684], [103.6883379, 1.3511684], [103.6883384, 1.3512072], [103.6883206, 1.3512069], [103.6883206, 1.3512801], [103.6883206, 1.3513873], [103.688334, 1.3513877], [103.6883332, 1.3514282], [103.6883382, 1.3514283]]]}},
{"type": "Feature", "properties": {"osm_way": 83889088, "osm_name": "PUB Service Reservoir", "height_m": 10.0, "min_height_m": 0.0}, "geometry": {"type": "Polygon", "coordinates": [[[103.6825944, 1.3511399], [103.6826506, 1.3505642], [103.6835188, 1.3506488], [103.6834626, 1.3512246], [103.6825944, 1.3511399]]]}},
{"type": "Feature", "properties": {"osm_way": 83889089, "osm_name": "PUB Service Reservoir", "height_m": 10.0, "min_height_m": 0.0}, "geometry": {"type": "Polygon", "coordinates": [[[103.6837916, 1.3512559], [103.6840403, 1.3510191], [103.6845293, 1.3515322], [103.6842806, 1.351769], [103.6837916, 1.3512559]]]}},
{"type": "Feature", "properties": {"osm_way": 83889090, "osm_name": "PUB Service Reservoir", "height_m": 10.0, "min_height_m": 0.0}, "geometry": {"type": "Polygon", "coordinates": [[[103.6837399, 1.3525778], [103.6839836, 1.352355], [103.6847813, 1.3532269], [103.6845376, 1.3534497], [103.6837399, 1.3525778]]]}},
{"type": "Feature", "properties": {"osm_way": 83889191, "osm_name": "", "height_m": 10.0, "min_height_m": 0.0}, "geometry": {"type": "Polygon", "coordinates": [[[103.6817878, 1.3500142], [103.6818993, 1.3498348], [103.6820764, 1.3499448], [103.6819649, 1.3501242], [103.6817878, 1.3500142]]]}},
{"type": "Feature", "properties": {"osm_way": 83889441, "osm_name": "N3.1", "height_m": 10.0, "min_height_m": 0.0}, "geometry": {"type": "Polygon", "coordinates": [[[103.6825839, 1.3482809], [103.6825897, 1.3472425], [103.6826875, 1.347246], [103.6826917, 1.3472142], [103.6827662, 1.3472119], [103.6827653, 1.3471711], [103.6828215, 1.3471732], [103.6828217, 1.3472164], [103.6829528, 1.3472155], [103.6829471, 1.3474457], [103.6828931, 1.3474459], [103.6828933, 1.3475223], [103.6829538, 1.3475221], [103.6829551, 1.3478848], [103.6829099, 1.3478849], [103.6829102, 1.347962], [103.6829518, 1.3479619], [103.6829524, 1.348124], [103.6828489, 1.3481244], [103.6828497, 1.3483562], [103.6824482, 1.3483577], [103.6824479, 1.3482814], [103.6825839, 1.3482809]]]}},
{"type": "Feature", "properties": {"osm_way": 83889958, "osm_name": "The Arc - Learning Hub North", "height_m": 10.0, "min_height_m": 0.0}, "geometry": {"type": "Polygon", "coordinates": [[[103.6812124, 1.3477863], [103.6812569, 1.3476415], [103.6813217, 1.3475356], [103.6813591, 1.3474781], [103.6814011, 1.3474275], [103.6814599, 1.347374], [103.6815051, 1.3473409], [103.6815234, 1.3473275], [103.6816117, 1.347281], [103.6817024, 1.3472438], [103.6818045, 1.3472125], [103.681842, 1.3472082], [103.6819987, 1.3472114], [103.6819862, 1.3473822], [103.6819709, 1.347554], [103.6819707, 1.3477314], [103.6819829, 1.3478968], [103.6819616, 1.347898], [103.6819186, 1.3478952], [103.6818859, 1.3478886], [103.6818514, 1.3478801], [103.6818237, 1.3478725], [103.681796, 1.3478628], [103.6817718, 1.3478513], [103.6817503, 1.3478385], [103.6817106, 1.3478091], [103.6816813, 1.3477878], [103.6816489, 1.3477745], [103.6816157, 1.3477669], [103.6815864, 1.3477648], [103.6815524, 1.3477641], [103.6815187, 1.347767], [103.6814529, 1.3477879], [103.6814298, 1.3477899], [103.681405, 1.3477921], [103.6813545, 1.3477998], [103.6813011, 1.3477981], [103.6812124, 1.3477863]]]}},
{"type": "Feature", "properties": {"osm_way": 83889959, "osm_name": "N3.2", "height_m": 10.0, "min_height_m": 0.0}, "geometry": {"type": "Polygon", "coordinates": [[[103.6821764, 1.3479773], [103.6821762, 1.3472239], [103.6823242, 1.3472284], [103.6824669, 1.3472252], [103.6824688, 1.3479751], [103.6821764, 1.3479773]]]}},
{"type": "Feature", "properties": {"osm_way": 83889960, "osm_name": "Academic Block North", "height_m": 10.0, "min_height_m": 0.0}, "geometry": {"type": "Polygon", "coordinates": [[[103.6825451, 1.3463712], [103.6825448, 1.3468492], [103.6823282, 1.3468491], [103.6817986, 1.3468655], [103.6816209, 1.3468486], [103.6816213, 1.3463706], [103.6818151, 1.3463707], [103.6823306, 1.3463711], [103.6825451, 1.3463712]]]}},
{"type": "Feature", "properties": {"osm_way": 83890075, "osm_name": "LT2A", "height_m": 10.0, "min_height_m": 0.0}, "geometry": {"type": "Polygon", "coordinates": [[[103.6812228, 1.3468054], [103.6813527, 1.3468078], [103.6813534, 1.3468309], [103.6814019, 1.3468134], [103.6814053, 1.3468028], [103.6814926, 1.3468031], [103.6814934, 1.3467095], [103.6815122, 1.3467092], [103.6815135, 1.3466844], [103.6815216, 1.3466542], [103.681525, 1.3466311], [103.6815247, 1.3466037], [103.6815208, 1.3465729], [103.6815134, 1.3465529], [103.681513, 1.3465302], [103.6814955, 1.3465292], [103.6814941, 1.3464394], [103.681408, 1.3464373], [103.6814067, 1.3464277], [103.6813577, 1.3464088], [103.6813543, 1.346438], [103.6812203, 1.3464386], [103.6812228, 1.3468054]]]}},
{"type": "Feature", "properties": {"osm_way": 93861052, "osm_name": "City Harvest Church", "height_m": 17.5, "min_height_m": 0.0}, "geometry": {"type": "Polygon", "coordinates": [[[103.6915938, 1.3429807], [103.6917436, 1.3427808], [103.6917972, 1.3427092], [103.6919067, 1.3427912], [103.6921687, 1.3429874], [103.6921815, 1.3430697], [103.6920726, 1.3432064], [103.6919968, 1.343146], [103.6919551, 1.3431983], [103.6918269, 1.3431795], [103.6918386, 1.3431639], [103.6917026, 1.3430621], [103.6915938, 1.3429807]]]}},
{"type": "Feature", "properties": {"osm_way": 93996055, "osm_name": "", "height_m": 42.0, "min_height_m": 0.0}, "geometry": {"type": "Polygon", "coordinates": [[[103.6893385, 1.342866], [103.6899349, 1.342796], [103.6899373, 1.3428166], [103.6899855, 1.3428109], [103.6899834, 1.342793], [103.6901709, 1.342771], [103.6901844, 1.3428857], [103.6895775, 1.3429567], [103.6895815, 1.3429917], [103.6895508, 1.3429953], [103.6895467, 1.3429601], [103.6893522, 1.342983], [103.6893385, 1.342866]]]}},
{"type": "Feature", "properties": {"osm_way": 93996061, "osm_name": "", "height_m": 45.5, "min_height_m": 0.0}, "geometry": {"type": "Polygon", "coordinates": [[[103.6895135, 1.3423323], [103.6895008, 1.3422335], [103.6895218, 1.3422309], [103.6895167, 1.3421917], [103.6894958, 1.3421943], [103.6894811, 1.3420804], [103.6899748, 1.3420168], [103.6899719, 1.341994], [103.6900058, 1.3419896], [103.6900087, 1.3420119], [103.6900817, 1.3420025], [103.6900967, 1.3421187], [103.690081, 1.3421207], [103.6900856, 1.342156], [103.6901006, 1.3421541], [103.6901144, 1.342261], [103.6900105, 1.3422743], [103.6899988, 1.3421835], [103.6900121, 1.3421818], [103.6900071, 1.3421436], [103.6896263, 1.3421926], [103.6896244, 1.3421781], [103.6895918, 1.3421823], [103.6895978, 1.3422286], [103.6896147, 1.3422264], [103.6896264, 1.3423177], [103.6895135, 1.3423323]]]}},
{"type": "Feature", "properties": {"osm_way": 93996063, "osm_name": "", "height_m": 45.5, "min_height_m": 0.0}, "geometry": {"type": "Polygon", "coordinates": [[[103.6882411, 1.3424857], [103.6882301, 1.3423926], [103.6882519, 1.3423902], [103.6882472, 1.3423502], [103.6882236, 1.342353], [103.6882115, 1.3422485], [103.6882938, 1.3422387], [103.6882899, 1.3422048], [103.688316, 1.3422018], [103.6883199, 1.3422355], [103.6891119, 1.3421405], [103.6891073, 1.3421002], [103.689136, 1.3420972], [103.6891406, 1.3421371], [103.6892155, 1.3421277], [103.6892271, 1.3422278], [103.6892117, 1.34223], [103.6892163, 1.3422697], [103.6892329, 1.3422674], [103.6892454, 1.3423729], [103.6891306, 1.3423869], [103.6891188, 1.3422877], [103.6891329, 1.342286], [103.6891289, 1.3422528], [103.6883184, 1.3423502], [103.6883223, 1.3423825], [103.6883384, 1.3423808], [103.6883491, 1.3424717], [103.6882411, 1.3424857]]]}},
{"type": "Feature", "properties": {"osm_way": 93996064, "osm_name": "", "height_m": 42.0, "min_height_m": 0.0}, "geometry": {"type": "Polygon", "coordinates": [[[103.6883085, 1.3429765], [103.6885868, 1.3429404], [103.6885895, 1.3429609], [103.688644, 1.342954], [103.6886414, 1.3429333], [103.6887483, 1.3429194], [103.688751, 1.3429404], [103.6888095, 1.342933], [103.6888068, 1.3429117], [103.6889173, 1.3428973], [103.68892, 1.342919], [103.6889775, 1.3429117], [103.6889747, 1.3428898], [103.6890822, 1.3428758], [103.689085, 1.342898], [103.6891114, 1.3428947], [103.6891086, 1.3428723], [103.6892583, 1.3428528], [103.6892683, 1.3429316], [103.6892435, 1.3429347], [103.6892479, 1.3429697], [103.6892207, 1.3429731], [103.6892231, 1.342992], [103.6891943, 1.3429957], [103.6891952, 1.3430028], [103.6891291, 1.3430114], [103.6891334, 1.3430448], [103.6891076, 1.3430482], [103.6891033, 1.3430155], [103.6884963, 1.3430947], [103.6885012, 1.3431323], [103.688465, 1.343137], [103.6884604, 1.3431014], [103.6884042, 1.3431087], [103.688403, 1.3430993], [103.688367, 1.343104], [103.6883648, 1.3430868], [103.6883407, 1.34309], [103.688336, 1.3430545], [103.6883189, 1.3430567], [103.6883085, 1.3429765]]]}},
{"type": "Feature", "properties": {"osm_way": 93996069, "osm_name": "", "height_m": 42.0, "min_height_m": 0.0}, "geometry": {"type": "Polygon", "coordinates": [[[103.6883802, 1.3434337], [103.6883656, 1.3433195], [103.6891499, 1.3432199], [103.6891451, 1.3431822], [103.689172, 1.3431788], [103.689177, 1.3432184], [103.689391, 1.3431909], [103.6894057, 1.3433064], [103.6887112, 1.3433948], [103.6887084, 1.3433724], [103.6886722, 1.343377], [103.6886747, 1.3433962], [103.6883802, 1.3434337]]]}},
{"type": "Feature", "properties": {"osm_way": 94642349, "osm_name": "", "height_m": 10.0, "min_height_m": 0.0}, "geometry": {"type": "Polygon", "coordinates": [[[103.6924053, 1.3417272], [103.6926326, 1.3418993], [103.6928017, 1.342031], [103.6928279, 1.3419969], [103.6929574, 1.3420966], [103.6929119, 1.3421557], [103.6928098, 1.342288], [103.6927992, 1.3422798], [103.6926804, 1.3421883], [103.6927259, 1.3421293], [103.6924583, 1.3419243], [103.6923452, 1.3418377], [103.6923297, 1.3418258], [103.6924053, 1.3417272]]]}},
{"type": "Feature", "properties": {"osm_way": 94642353, "osm_name": "UWJ67/UWJ68M", "height_m": 10.5, "min_height_m": 0.0}, "geometry": {"type": "Polygon", "coordinates": [[[103.6914938, 1.3420151], [103.6916694, 1.3417893], [103.6921599, 1.3421703], [103.6920863, 1.342265], [103.6920759, 1.3422784], [103.692066, 1.3422911], [103.6919843, 1.3423962], [103.6915754, 1.3420785], [103.691564, 1.3420697], [103.6914938, 1.3420151]]]}},
{"type": "Feature", "properties": {"osm_way": 94642357, "osm_name": "", "height_m": 14.0, "min_height_m": 0.0}, "geometry": {"type": "Polygon", "coordinates": [[[103.6913094, 1.3415135], [103.6911382, 1.3417332], [103.6913729, 1.3419164], [103.6913875, 1.3419281], [103.6913941, 1.3419195], [103.6914109, 1.3418984], [103.6914269, 1.3418777], [103.6915527, 1.3419761], [103.6916855, 1.3418064], [103.6916694, 1.3417893], [103.6915662, 1.3417131], [103.6915591, 1.341708], [103.6913094, 1.3415135]]]}},
{"type": "Feature", "properties": {"osm_way": 94642359, "osm_name": "Jin Fu Gong Temple", "height_m": 10.0, "min_height_m": 0.0}, "geometry": {"type": "Polygon", "coordinates": [[[103.6903804, 1.3411509], [103.6903495, 1.340919], [103.6904209, 1.3409108], [103.6904064, 1.3407951], [103.6905975, 1.3407742], [103.6906407, 1.3411194], [103.6903804, 1.3411509]]]}},
{"type": "Feature", "properties": {"osm_way": 94642393, "osm_name": "", "height_m": 3.5, "min_height_m": 0.0}, "geometry": {"type": "Polygon", "coordinates": [[[103.6904061, 1.3415823], [103.6903749, 1.3413445], [103.6905436, 1.3413207], [103.6905595, 1.3414285], [103.6907372, 1.3414078], [103.6908973, 1.3413899], [103.6910411, 1.3415017], [103.6910931, 1.3415434], [103.6910094, 1.3416496], [103.6908557, 1.34153], [103.6907528, 1.3415419], [103.6904061, 1.3415823]]]}},
{"type": "Feature", "properties": {"osm_way": 94847840, "osm_name": "", "height_m": 31.5, "min_height_m": 0.0}, "geometry": {"type": "Polygon", "coordinates": [[[103.691926, 1.3442953], [103.6923396, 1.3437814], [103.6924262, 1.3438511], [103.6921192, 1.3442325], [103.6921061, 1.3442219], [103.6920628, 1.3442757], [103.692448, 1.3445854], [103.6924813, 1.3445439], [103.6925301, 1.3445406], [103.6925336, 1.3445924], [103.6924403, 1.3447076], [103.6923693, 1.3446502], [103.6922653, 1.344566], [103.692291, 1.3445342], [103.692268, 1.3445156], [103.6922424, 1.3445472], [103.692038, 1.3443821], [103.6920613, 1.3443533], [103.6920399, 1.344336], [103.692015, 1.3443669], [103.691926, 1.3442953]]]}},
{"type": "Feature", "properties": {"osm_way": 95078868, "osm_name": "", "height_m": 42.0, "min_height_m": 0.0}, "geometry": {"type": "Polygon", "coordinates": [[[103.6882352, 1.3410331], [103.688245, 1.3411164], [103.6879895, 1.3411464], [103.6879871, 1.3411259], [103.6879316, 1.3411324], [103.6879337, 1.3411503], [103.6878268, 1.3411629], [103.6878241, 1.3411403], [103.6877611, 1.3411478], [103.6877636, 1.3411689], [103.6876632, 1.3411807], [103.6876608, 1.3411606], [103.6876232, 1.341165], [103.6876256, 1.3411855], [103.6874965, 1.3412007], [103.6874886, 1.3411336], [103.6875095, 1.3411312], [103.687505, 1.341093], [103.6875386, 1.341089], [103.687536, 1.3410672], [103.6876192, 1.3410575], [103.6876159, 1.3410296], [103.6876364, 1.3410272], [103.6876386, 1.3410462], [103.6881805, 1.3409827], [103.6881833, 1.3410062], [103.6882133, 1.3410026], [103.6882171, 1.3410352], [103.6882352, 1.3410331]]]}},
{"type": "Feature", "properties": {"osm_way": 95078883, "osm_name": "", "height_m": 31.5, "min_height_m": 0.0}, "geometry": {"type": "Polygon", "coordinates": [[[103.6894631, 1.3398851], [103.6894325, 1.3396727], [103.689443, 1.3396597], [103.6894179, 1.3396399], [103.6894331, 1.3396206], [103.6894585, 1.3396405], [103.6896077, 1.3394553], [103.6897471, 1.3394336], [103.690059, 1.3396829], [103.6900856, 1.3396493], [103.6901083, 1.3396673], [103.6900816, 1.339701], [103.6901387, 1.3397466], [103.6900775, 1.3398238], [103.6900607, 1.3398105], [103.6900355, 1.3398423], [103.6900538, 1.3398568], [103.6899903, 1.3399372], [103.6899038, 1.3398689], [103.6899611, 1.3397963], [103.689974, 1.3398016], [103.6899947, 1.3397757], [103.6897174, 1.3395532], [103.6897318, 1.3395353], [103.6897188, 1.3395249], [103.6896663, 1.339529], [103.689656, 1.3395421], [103.6896781, 1.3395596], [103.6895599, 1.3397096], [103.6895833, 1.3398673], [103.6894631, 1.3398851]]]}},
{"type": "Feature", "properties": {"osm_way": 95078945, "osm_name": "", "height_m": 42.0, "min_height_m": 0.0}, "geometry": {"type": "Polygon", "coordinates": [[[103.6896171, 1.3401966], [103.6894755, 1.3402135], [103.6894733, 1.340195], [103.6894503, 1.3401978], [103.6894524, 1.3402156], [103.6893361, 1.3402295], [103.6893339, 1.3402112], [103.6892863, 1.3402169], [103.6892884, 1.3402339], [103.689171, 1.340248], [103.6891689, 1.3402299], [103.6891181, 1.340236], [103.68912, 1.3402521], [103.689007, 1.3402656], [103.6890048, 1.3402471], [103.6889511, 1.3402535], [103.6889535, 1.340273], [103.6888377, 1.3402867], [103.6888359, 1.3402717], [103.6888075, 1.3402751], [103.6888092, 1.3402894], [103.6886751, 1.3403052], [103.6886672, 1.3402386], [103.6886875, 1.3402362], [103.6886826, 1.3401946], [103.6887056, 1.3401919], [103.6887024, 1.3401652], [103.6887848, 1.3401554], [103.6887812, 1.3401247], [103.6888156, 1.3401207], [103.6888192, 1.340151], [103.6889001, 1.3401414], [103.6889017, 1.340155], [103.6890365, 1.340139], [103.6890345, 1.3401229], [103.6894298, 1.3400759], [103.6894266, 1.3400489], [103.6894567, 1.3400453], [103.6894606, 1.3400778], [103.6895503, 1.3400671], [103.6895529, 1.340089], [103.6895811, 1.3400856], [103.6895855, 1.3401226], [103.6896079, 1.3401199], [103.6896171, 1.3401966]]]}},
{"type": "Feature", "properties": {"osm_way": 95078950, "osm_name": "", "height_m": 42.0, "min_height_m": 0.0}, "geometry": {"type": "Polygon", "coordinates": [[[103.6888097, 1.3405828], [103.6888007, 1.3405013], [103.6890523, 1.3404736], [103.6890537, 1.3404866], [103.6891017, 1.3404813], [103.6891002, 1.3404671], [103.689227, 1.3404531], [103.6892289, 1.3404707], [103.689268, 1.3404664], [103.689266, 1.3404478], [103.6895496, 1.3404164], [103.6895583, 1.3404944], [103.689532, 1.3404973], [103.6895363, 1.340536], [103.6895031, 1.3405397], [103.6895056, 1.340562], [103.6894313, 1.3405702], [103.6894344, 1.3405981], [103.6894102, 1.3406008], [103.6894071, 1.340573], [103.6888646, 1.3406328], [103.6888621, 1.3406096], [103.6888316, 1.3406129], [103.6888281, 1.3405808], [103.6888097, 1.3405828]]]}},
{"type": "Feature", "properties": {"osm_way": 95078954, "osm_name": "", "height_m": 42.0, "min_height_m": 0.0}, "geometry": {"type": "Polygon", "coordinates": [[[103.6896042, 1.3408575], [103.6896149, 1.3409414], [103.6893677, 1.340973], [103.6893654, 1.3409554], [103.6893146, 1.3409619], [103.6893181, 1.3409892], [103.689195, 1.3410049], [103.6891916, 1.340978], [103.6891485, 1.3409835], [103.6891505, 1.3409995], [103.688865, 1.3410361], [103.688855, 1.3409577], [103.6888733, 1.3409553], [103.6888684, 1.3409169], [103.6888954, 1.3409134], [103.6888926, 1.3408913], [103.6889869, 1.3408793], [103.6889834, 1.3408516], [103.6890092, 1.3408483], [103.6890128, 1.3408761], [103.6895487, 1.3408077], [103.6895517, 1.3408312], [103.6895819, 1.3408274], [103.689586, 1.3408598], [103.6896042, 1.3408575]]]}},
{"type": "Feature", "properties": {"osm_way": 95078962, "osm_name": "", "height_m": 42.0, "min_height_m": 0.0}, "geometry": {"type": "Polygon", "coordinates": [[[103.6887837, 1.3412557], [103.688922, 1.3412396], [103.6889243, 1.3412591], [103.688948, 1.3412562], [103.6889457, 1.3412369], [103.6890674, 1.3412227], [103.6890697, 1.3412414], [103.6891107, 1.3412364], [103.6891084, 1.3412179], [103.6892273, 1.3412041], [103.6892295, 1.341222], [103.6892841, 1.3412154], [103.689282, 1.3411977], [103.6893938, 1.3411847], [103.6893959, 1.3412018], [103.6894477, 1.3411955], [103.6894457, 1.3411786], [103.6895645, 1.3411648], [103.6895665, 1.3411811], [103.6895896, 1.3411783], [103.6895876, 1.3411621], [103.689733, 1.3411452], [103.6897418, 1.3412166], [103.6897256, 1.3412191], [103.6897303, 1.3412574], [103.6896988, 1.3412613], [103.6897018, 1.3412858], [103.6896098, 1.341297], [103.6896129, 1.3413219], [103.6895818, 1.3413256], [103.6895792, 1.3413043], [103.6895106, 1.3413126], [103.6895073, 1.3412855], [103.6893717, 1.341302], [103.6893746, 1.3413259], [103.6889654, 1.3413756], [103.6889685, 1.3414013], [103.6889485, 1.3414037], [103.688945, 1.3413752], [103.688851, 1.3413866], [103.6888476, 1.3413583], [103.6888193, 1.3413617], [103.6888149, 1.341325], [103.6887924, 1.3413277], [103.6887837, 1.3412557]]]}},
{"type": "Feature", "properties": {"osm_way": 95078966, "osm_name": "", "height_m": 42.0, "min_height_m": 0.0}, "geometry": {"type": "Polygon", "coordinates": [[[103.6874888, 1.3414212], [103.6876348, 1.3414044], [103.6876371, 1.341424], [103.6876632, 1.3414209], [103.6876609, 1.3414013], [103.6877791, 1.3413877], [103.6877814, 1.3414066], [103.6878271, 1.341401], [103.6878248, 1.3413824], [103.6879442, 1.3413686], [103.6879464, 1.3413866], [103.6879951, 1.3413807], [103.6879929, 1.341363], [103.6881096, 1.3413495], [103.6881117, 1.3413666], [103.68816, 1.3413608], [103.6881579, 1.3413439], [103.6882791, 1.3413299], [103.6882811, 1.3413462], [103.688304, 1.3413434], [103.6883021, 1.3413273], [103.6884305, 1.3413125], [103.6884384, 1.3413777], [103.6884163, 1.3413803], [103.688422, 1.3414268], [103.6883628, 1.3414333], [103.688365, 1.3414522], [103.6883115, 1.3414587], [103.6883149, 1.3414869], [103.6882878, 1.3414902], [103.6882844, 1.341462], [103.6882124, 1.3414709], [103.6882098, 1.3414503], [103.6880784, 1.3414649], [103.6880811, 1.341487], [103.6876735, 1.3415369], [103.6876763, 1.3415598], [103.687648, 1.3415631], [103.6876453, 1.3415404], [103.6875556, 1.3415514], [103.6875523, 1.3415232], [103.687524, 1.3415263], [103.6875199, 1.3414924], [103.6874976, 1.3414951], [103.6874888, 1.3414212]]]}},
{"type": "Feature", "properties": {"osm_way": 95079013, "osm_name": "", "height_m": 45.5, "min_height_m": 0.0}, "geometry": {"type": "Polygon", "coordinates": [[[103.687914, 1.3400583], [103.6879013, 1.3399535], [103.6879275, 1.3399503], [103.6879231, 1.3399139], [103.6878985, 1.3399169], [103.6878858, 1.3398118], [103.6879629, 1.3398024], [103.6879569, 1.3397527], [103.6879835, 1.3397495], [103.6879896, 1.3397997], [103.6886047, 1.3397255], [103.6886002, 1.3396886], [103.6886209, 1.3396861], [103.6886254, 1.3397234], [103.6887089, 1.3397133], [103.6887219, 1.3398215], [103.6886989, 1.3398243], [103.6887026, 1.3398552], [103.6887204, 1.339853], [103.6887328, 1.3399559], [103.6886261, 1.3399688], [103.6886148, 1.3398753], [103.6886237, 1.3398742], [103.6886195, 1.3398393], [103.6879982, 1.3399144], [103.6880029, 1.3399526], [103.6880186, 1.3399507], [103.6880299, 1.3400443], [103.687914, 1.3400583]]]}},
{"type": "Feature", "properties": {"osm_way": 95079021, "osm_name": "", "height_m": 42.0, "min_height_m": 0.0}, "geometry": {"type": "Polygon", "coordinates": [[[103.6883155, 1.3403603], [103.6881749, 1.3403769], [103.6881727, 1.3403583], [103.6881524, 1.3403607], [103.6881545, 1.3403786], [103.6880297, 1.3403934], [103.6880276, 1.3403751], [103.6879895, 1.3403796], [103.6879915, 1.3403965], [103.6878707, 1.3404109], [103.6878686, 1.3403929], [103.6878117, 1.3403996], [103.6878137, 1.3404158], [103.6877044, 1.3404288], [103.6877022, 1.3404103], [103.6876476, 1.3404168], [103.6876499, 1.3404362], [103.6875341, 1.34045], [103.6875323, 1.3404349], [103.6875061, 1.340438], [103.6875079, 1.3404527], [103.6873683, 1.3404692], [103.6873601, 1.3403999], [103.687381, 1.3403974], [103.6873752, 1.3403488], [103.6874001, 1.3403459], [103.6873979, 1.3403274], [103.6874944, 1.3403161], [103.6874917, 1.3402928], [103.6875184, 1.3402896], [103.6875212, 1.3403129], [103.6875976, 1.3403039], [103.6875996, 1.3403204], [103.6877195, 1.3403063], [103.6877176, 1.3402897], [103.688136, 1.3402407], [103.6881335, 1.3402198], [103.6881551, 1.340217], [103.6881575, 1.3402379], [103.6882485, 1.3402271], [103.6882511, 1.3402497], [103.6882793, 1.3402463], [103.6882837, 1.3402831], [103.6883061, 1.3402805], [103.6883155, 1.3403603]]]}},
{"type": "Feature", "properties": {"osm_way": 95079032, "osm_name": "", "height_m": 42.0, "min_height_m": 0.0}, "geometry": {"type": "Polygon", "coordinates": [[[103.6874384, 1.3407478], [103.6874304, 1.3406746], [103.6876843, 1.340647], [103.6876859, 1.3406621], [103.6877375, 1.3406565], [103.6877347, 1.3406311], [103.6878465, 1.340619], [103.6878493, 1.340644], [103.6878943, 1.3406392], [103.6878924, 1.3406212], [103.6880128, 1.3406082], [103.6880142, 1.3406211], [103.6880414, 1.3406182], [103.6880449, 1.340602], [103.6881761, 1.3405877], [103.6881841, 1.3406606], [103.6881726, 1.3406619], [103.6881768, 1.3407006], [103.688153, 1.3407031], [103.6881554, 1.3407253], [103.6880582, 1.3407359], [103.6880613, 1.3407638], [103.6880359, 1.3407666], [103.6880329, 1.340739], [103.6874932, 1.3407979], [103.6874907, 1.3407746], [103.6874602, 1.3407779], [103.6874567, 1.3407458], [103.6874384, 1.3407478]]]}},
{"type": "Feature", "properties": {"osm_way": 95079054, "osm_name": "", "height_m": 31.5, "min_height_m": 0.0}, "geometry": {"type": "Polygon", "coordinates": [[[103.6888164, 1.3392483], [103.6887911, 1.3392288], [103.6887716, 1.339254], [103.6888014, 1.339277], [103.688795, 1.3392853], [103.6888718, 1.3399301], [103.6889913, 1.3399158], [103.6889206, 1.3393223], [103.6889961, 1.3392243], [103.688895, 1.3391464], [103.6888164, 1.3392483]]]}},
{"type": "Feature", "properties": {"osm_way": 95079065, "osm_name": "", "height_m": 45.5, "min_height_m": 0.0}, "geometry": {"type": "Polygon", "coordinates": [[[103.6872818, 1.3419777], [103.6872697, 1.3418693], [103.6872967, 1.3418663], [103.6872925, 1.3418284], [103.6872628, 1.3418318], [103.6872509, 1.3417254], [103.6873666, 1.3417125], [103.6873772, 1.3418071], [103.6873635, 1.3418087], [103.6873676, 1.3418454], [103.6877564, 1.3418018], [103.687758, 1.3418163], [103.6877825, 1.3418127], [103.6877767, 1.3417609], [103.6877632, 1.3417621], [103.6877524, 1.3416662], [103.6878499, 1.3416547], [103.6878611, 1.3417538], [103.6878412, 1.3417555], [103.6878466, 1.3418034], [103.6878689, 1.3418001], [103.6878811, 1.3419099], [103.6873816, 1.3419666], [103.6873872, 1.3420168], [103.6873656, 1.3420192], [103.6873599, 1.3419689], [103.6872818, 1.3419777]]]}},
{"type": "Feature", "properties": {"osm_way": 95516581, "osm_name": "", "height_m": 10.0, "min_height_m": 0.0}, "geometry": {"type": "Polygon", "coordinates": [[[103.6915662, 1.3417131], [103.691735, 1.3415031], [103.6918532, 1.341598], [103.6922392, 1.3419089], [103.6922921, 1.3418447], [103.6923209, 1.3418685], [103.6923817, 1.3419185], [103.6922616, 1.3420643], [103.6917861, 1.3416815], [103.6916855, 1.3418064], [103.6916694, 1.3417893], [103.6915662, 1.3417131]]]}},
{"type": "Feature", "properties": {"osm_way": 95516582, "osm_name": "", "height_m": 3.5, "min_height_m": 0.0}, "geometry": {"type": "Polygon", "coordinates": [[[103.6911082, 1.3415249], [103.6910562, 1.3414828], [103.6910054, 1.3414416], [103.6910636, 1.3413697], [103.6917004, 1.3412876], [103.6918983, 1.3414426], [103.69189, 1.3414535], [103.6918471, 1.34151], [103.6918181, 1.3415495], [103.6916609, 1.3414294], [103.691134, 1.3414931], [103.6911082, 1.3415249]]]}},
{"type": "Feature", "properties": {"osm_way": 95940461, "osm_name": "Caltex", "height_m": 10.0, "min_height_m": 0.0}, "geometry": {"type": "Polygon", "coordinates": [[[103.692486, 1.3388389], [103.6927454, 1.3383179], [103.6929184, 1.3384187], [103.6929091, 1.3390148], [103.6928191, 1.3390147], [103.692486, 1.3388389]]]}},
{"type": "Feature", "properties": {"osm_way": 95946289, "osm_name": "", "height_m": 31.5, "min_height_m": 0.0}, "geometry": {"type": "Polygon", "coordinates": [[[103.6915512, 1.343749], [103.6916494, 1.3436221], [103.6916741, 1.3436412], [103.6917002, 1.3436079], [103.6916756, 1.3435889], [103.691798, 1.3434313], [103.691795, 1.3434097], [103.6918323, 1.3434058], [103.6918292, 1.3433754], [103.6917918, 1.3433793], [103.6917893, 1.3433583], [103.6916201, 1.3432262], [103.6916522, 1.3431849], [103.6916307, 1.3431683], [103.6915987, 1.3432095], [103.6915425, 1.3431662], [103.6915244, 1.3431515], [103.6914559, 1.3432399], [103.6916688, 1.343405], [103.6916799, 1.3433907], [103.691691, 1.3433993], [103.6916939, 1.3434203], [103.6916858, 1.3434308], [103.6916666, 1.343416], [103.6914419, 1.3437073], [103.6913427, 1.3436308], [103.6912743, 1.3437196], [103.6913531, 1.3437804], [103.69139, 1.3437326], [103.6914247, 1.3437593], [103.6913855, 1.3438101], [103.6914595, 1.3438672], [103.6915335, 1.3437719], [103.6915679, 1.3437983], [103.6915856, 1.3437755], [103.6915512, 1.343749]]]}},
{"type": "Feature", "properties": {"osm_way": 95946292, "osm_name": "", "height_m": 31.5, "min_height_m": 0.0}, "geometry": {"type": "Polygon", "coordinates": [[[103.6914408, 1.3424712], [103.6913624, 1.3424102], [103.6912896, 1.3425037], [103.6915029, 1.3426695], [103.6915166, 1.3426518], [103.6915253, 1.3426586], [103.6915297, 1.3426804], [103.691522, 1.3426903], [103.6915064, 1.3426782], [103.6912194, 1.3430468], [103.691292, 1.3431033], [103.6913294, 1.3430552], [103.691365, 1.343083], [103.6913273, 1.3431315], [103.6913999, 1.3431879], [103.6914645, 1.3431048], [103.6914325, 1.3430798], [103.6913699, 1.343031], [103.6914868, 1.3428843], [103.6915135, 1.3429051], [103.6915359, 1.3428762], [103.6915095, 1.3428557], [103.6916356, 1.3426958], [103.6916328, 1.3426714], [103.69168, 1.3426674], [103.6916774, 1.3426378], [103.6916295, 1.3426419], [103.6916267, 1.342617], [103.6914652, 1.3424901], [103.6914902, 1.3424579], [103.6914658, 1.3424389], [103.6914408, 1.3424712]]]}},
{"type": "Feature", "properties": {"osm_way": 95946296, "osm_name": "", "height_m": 31.5, "min_height_m": 0.0}, "geometry": {"type": "Polygon", "coordinates": [[[103.6904943, 1.3426998], [103.6906609, 1.3426788], [103.6906525, 1.3426122], [103.6905968, 1.3426192], [103.6905755, 1.3424502], [103.6905551, 1.3424527], [103.6905534, 1.342439], [103.6905692, 1.3424199], [103.6905841, 1.3424182], [103.6905865, 1.3424396], [103.6910982, 1.3423819], [103.6910951, 1.3423541], [103.6911053, 1.3423529], [103.6911997, 1.3424273], [103.6912651, 1.3423444], [103.6911818, 1.3422787], [103.6912148, 1.3422369], [103.691196, 1.342222], [103.6911627, 1.3422642], [103.6911402, 1.3422465], [103.6911274, 1.3422627], [103.6909485, 1.3422847], [103.6909423, 1.3422344], [103.6909079, 1.3422386], [103.6909141, 1.3422889], [103.690748, 1.3423094], [103.6907441, 1.3422773], [103.6906961, 1.3422832], [103.6906999, 1.342314], [103.6905035, 1.3423381], [103.6904925, 1.3423521], [103.6904522, 1.3423203], [103.6904363, 1.3423404], [103.6904766, 1.3423722], [103.6904569, 1.3423972], [103.6904824, 1.3425986], [103.6904308, 1.3426051], [103.6904348, 1.3426368], [103.6904855, 1.3426304], [103.6904943, 1.3426998]]]}},
{"type": "Feature", "properties": {"osm_way": 95946298, "osm_name": "", "height_m": 31.5, "min_height_m": 0.0}, "geometry": {"type": "Polygon", "coordinates": [[[103.6909168, 1.3434999], [103.6910534, 1.3436053], [103.6910272, 1.3436437], [103.6910482, 1.3436595], [103.6910759, 1.3436227], [103.6911628, 1.3436899], [103.6912219, 1.3436146], [103.6911733, 1.3435765], [103.6911966, 1.3435468], [103.6912448, 1.3435846], [103.6913085, 1.3435034], [103.6912187, 1.3434331], [103.6911447, 1.3435274], [103.6906912, 1.3431717], [103.6906858, 1.3431785], [103.6906741, 1.3431693], [103.6906481, 1.3429582], [103.6906913, 1.3429529], [103.6906832, 1.342887], [103.6905226, 1.3429036], [103.6905298, 1.3429714], [103.6904839, 1.342979], [103.6904873, 1.3430059], [103.6905327, 1.3429986], [103.6905515, 1.3431791], [103.6905097, 1.3431833], [103.6905134, 1.3432122], [103.6905546, 1.3432073], [103.6905556, 1.3432149], [103.6907262, 1.34335], [103.690706, 1.3433751], [103.690744, 1.343406], [103.6907631, 1.3433812], [103.6908935, 1.3434819], [103.6908637, 1.3435204], [103.6908885, 1.3435392], [103.6909168, 1.3434999]]]}},
{"type": "Feature", "properties": {"osm_way": 95946314, "osm_name": "", "height_m": 38.5, "min_height_m": 0.0}, "geometry": {"type": "Polygon", "coordinates": [[[103.6904366, 1.3445553], [103.6904096, 1.3445904], [103.6904287, 1.3446051], [103.6904558, 1.3445698], [103.6905322, 1.3446286], [103.6906027, 1.344537], [103.6905297, 1.3444808], [103.6904433, 1.3437656], [103.6903278, 1.3437796], [103.6903403, 1.3438831], [103.6902984, 1.3438893], [103.6903017, 1.3439211], [103.6903456, 1.3439147], [103.6903651, 1.3440768], [103.6903332, 1.3440807], [103.6903393, 1.3441319], [103.6903719, 1.344128], [103.6903921, 1.3442968], [103.6903413, 1.344304], [103.6903438, 1.3443279], [103.6903952, 1.3443207], [103.6904217, 1.3445438], [103.6904366, 1.3445553]]]}},
{"type": "Feature", "properties": {"osm_way": 95946320, "osm_name": "", "height_m": 38.5, "min_height_m": 0.0}, "geometry": {"type": "Polygon", "coordinates": [[[103.6905938, 1.3434929], [103.6905899, 1.3434533], [103.6905673, 1.3434556], [103.6905711, 1.3434945], [103.6903935, 1.3435145], [103.6903895, 1.3434736], [103.6903608, 1.3434765], [103.6903647, 1.3435167], [103.6902929, 1.3435248], [103.6903124, 1.3436972], [103.6903894, 1.3436885], [103.6903832, 1.3436329], [103.6905734, 1.3436114], [103.6908905, 1.3438567], [103.6908137, 1.3439559], [103.6909068, 1.344028], [103.6909724, 1.3439434], [103.6909229, 1.3439051], [103.6909435, 1.3438785], [103.6909925, 1.3439165], [103.6910531, 1.3438383], [103.690964, 1.3437693], [103.6909929, 1.343732], [103.6909696, 1.343714], [103.6909403, 1.3437518], [103.6908113, 1.3436518], [103.6908313, 1.3436261], [103.6907936, 1.3435968], [103.6907733, 1.3436229], [103.6906043, 1.3434917], [103.6905938, 1.3434929]]]}},
{"type": "Feature", "properties": {"osm_way": 96007274, "osm_name": "", "height_m": 42.0, "min_height_m": 0.0}, "geometry": {"type": "Polygon", "coordinates": [[[103.6866839, 1.3410922], [103.6862841, 1.3411387], [103.6861139, 1.3413608], [103.6860818, 1.3413349], [103.6860615, 1.3413635], [103.6860926, 1.3413885], [103.68605, 1.3414442], [103.6861444, 1.3415144], [103.686159, 1.3414951], [103.6861844, 1.3415144], [103.6861685, 1.3415354], [103.6862506, 1.3415977], [103.6863178, 1.3415093], [103.6862414, 1.3414513], [103.6862345, 1.3414604], [103.6862069, 1.3414394], [103.686326, 1.3412827], [103.6863132, 1.341273], [103.6863412, 1.3412361], [103.6863568, 1.3412342], [103.6863587, 1.3412494], [103.6867147, 1.3412064], [103.686719, 1.3412422], [103.686709, 1.3412435], [103.686721, 1.3413428], [103.6868317, 1.3413295], [103.6868185, 1.3412207], [103.6868038, 1.3412225], [103.6867998, 1.3411893], [103.6868133, 1.3411877], [103.6868001, 1.3410782], [103.6867276, 1.3410869], [103.6867226, 1.3410453], [103.6866789, 1.3410505], [103.6866839, 1.3410922]]]}},
{"type": "Feature", "properties": {"osm_way": 96007275, "osm_name": "", "height_m": 42.0, "min_height_m": 0.0}, "geometry": {"type": "Polygon", "coordinates": [[[103.6860527, 1.3406299], [103.6860499, 1.3406065], [103.6860195, 1.3406102], [103.6860148, 1.3405724], [103.6859932, 1.340575], [103.6859842, 1.3405016], [103.6862405, 1.3404707], [103.6862428, 1.3404896], [103.6862918, 1.3404841], [103.6862894, 1.3404647], [103.6864066, 1.3404506], [103.6864092, 1.3404707], [103.6864658, 1.3404643], [103.6864633, 1.3404438], [103.6865716, 1.3404307], [103.6865742, 1.3404519], [103.6866026, 1.3404487], [103.6865999, 1.3404273], [103.6867388, 1.3404105], [103.6867477, 1.3404818], [103.6867258, 1.3404845], [103.6867305, 1.3405219], [103.6867031, 1.3405253], [103.6867066, 1.3405529], [103.6866172, 1.340564], [103.6866211, 1.340596], [103.6865919, 1.3405997], [103.6865878, 1.3405671], [103.6865166, 1.3405759], [103.6865137, 1.3405527], [103.6863822, 1.3405688], [103.6863847, 1.3405893], [103.6860527, 1.3406299]]]}},
{"type": "Feature", "properties": {"osm_way": 96007283, "osm_name": "", "height_m": 42.0, "min_height_m": 0.0}, "geometry": {"type": "Polygon", "coordinates": [[[103.6860555, 1.3409006], [103.6860528, 1.3408711], [103.6860369, 1.3408725], [103.6860217, 1.3407078], [103.6861416, 1.3406967], [103.6861622, 1.3409208], [103.6859368, 1.3412175], [103.685971, 1.3412435], [103.6859574, 1.3412614], [103.6859212, 1.3412339], [103.6858735, 1.3412967], [103.6857878, 1.3412317], [103.6858039, 1.3412104], [103.6857732, 1.3411872], [103.685758, 1.3412072], [103.6856792, 1.3411475], [103.6857479, 1.3410569], [103.6858256, 1.3411159], [103.6858174, 1.3411267], [103.685848, 1.3411498], [103.6860236, 1.340918], [103.6860355, 1.3409271], [103.6860555, 1.3409006]]]}},
{"type": "Feature", "properties": {"osm_way": 96007293, "osm_name": "", "height_m": 38.5, "min_height_m": 0.0}, "geometry": {"type": "Polygon", "coordinates": [[[103.6858174, 1.3418097], [103.6858798, 1.3417303], [103.6859357, 1.3417741], [103.685955, 1.3417496], [103.6858988, 1.3417055], [103.6859565, 1.3416321], [103.6859959, 1.341663], [103.685987, 1.3416744], [103.686024, 1.3417034], [103.6860337, 1.3416911], [103.6860679, 1.3417179], [103.686014, 1.3417865], [103.6866152, 1.3422584], [103.6866698, 1.3421888], [103.6867053, 1.3422167], [103.6866965, 1.3422279], [103.6867315, 1.3422553], [103.6867407, 1.3422435], [103.6867797, 1.342274], [103.68672, 1.3423501], [103.686666, 1.3423078], [103.6866449, 1.3423348], [103.6866995, 1.3423776], [103.6866396, 1.3424539], [103.6864841, 1.342332], [103.6865111, 1.3422975], [103.686467, 1.3422629], [103.6864398, 1.3422975], [103.6863765, 1.3422478], [103.6864034, 1.3422135], [103.6863637, 1.3421824], [103.6863367, 1.3422168], [103.6863027, 1.3421901], [103.6863295, 1.3421559], [103.6862886, 1.3421238], [103.6862617, 1.3421581], [103.6862265, 1.3421305], [103.6862533, 1.3420964], [103.6862141, 1.3420657], [103.6861873, 1.3420999], [103.6861239, 1.3420502], [103.6861506, 1.3420162], [103.68611, 1.3419843], [103.6860832, 1.3420183], [103.6860187, 1.3419677], [103.6860453, 1.3419338], [103.6860054, 1.3419025], [103.6859788, 1.3419364], [103.6858174, 1.3418097]]]}},
{"type": "Feature", "properties": {"osm_way": 96007304, "osm_name": "", "height_m": 42.0, "min_height_m": 0.0}, "geometry": {"type": "Polygon", "coordinates": [[[103.6869072, 1.3420976], [103.6869312, 1.3421173], [103.686943, 1.3421028], [103.6869191, 1.3420833], [103.6869227, 1.3420789], [103.68684, 1.3414233], [103.6867239, 1.3414379], [103.686801, 1.3420485], [103.6867286, 1.3421371], [103.6868164, 1.3422088], [103.6869072, 1.3420976]]]}},
{"type": "Feature", "properties": {"osm_way": 96007416, "osm_name": "", "height_m": 31.5, "min_height_m": 0.0}, "geometry": {"type": "Polygon", "coordinates": [[[103.6891711, 1.339889], [103.6891456, 1.3396705], [103.6891972, 1.3396645], [103.6891932, 1.33963], [103.6891616, 1.3396056], [103.6893782, 1.3393253], [103.6893956, 1.3393387], [103.6894034, 1.3393286], [103.6893977, 1.3392758], [103.6893866, 1.339267], [103.6893719, 1.3392854], [103.6890929, 1.3390641], [103.6890667, 1.3390972], [103.6890767, 1.3391051], [103.689024, 1.3391714], [103.6889392, 1.339104], [103.6889927, 1.3390368], [103.6890112, 1.3390515], [103.6890426, 1.339012], [103.6890228, 1.3389963], [103.6890875, 1.338915], [103.6891457, 1.3389613], [103.6891772, 1.3389218], [103.6892045, 1.3389436], [103.6891762, 1.3389791], [103.6894797, 1.3392207], [103.6894975, 1.3393707], [103.6892691, 1.3396481], [103.6893094, 1.3396812], [103.689292, 1.3397022], [103.6892571, 1.3396735], [103.6892808, 1.3398762], [103.6891711, 1.339889]]]}},
{"type": "Feature", "properties": {"osm_way": 96007417, "osm_name": "", "height_m": 10.0, "min_height_m": 0.0}, "geometry": {"type": "Polygon", "coordinates": [[[103.6884102, 1.3403293], [103.6883945, 1.3401924], [103.6884674, 1.3401841], [103.6884831, 1.340321], [103.6884102, 1.3403293]]]}},
{"type": "Feature", "properties": {"osm_way": 96337869, "osm_name": "", "height_m": 38.5, "min_height_m": 0.0}, "geometry": {"type": "Polygon", "coordinates": [[[103.6894986, 1.3434337], [103.6892571, 1.3437437], [103.689171, 1.3436766], [103.6890929, 1.3437768], [103.6891776, 1.3438428], [103.6892164, 1.343793], [103.6892425, 1.3438134], [103.6892036, 1.3438633], [103.6892848, 1.3439266], [103.6893576, 1.3438335], [103.6893943, 1.3438621], [103.6894156, 1.3438349], [103.6893742, 1.3438025], [103.689473, 1.3436763], [103.6894962, 1.3436944], [103.6895218, 1.3436617], [103.6894938, 1.3436398], [103.689624, 1.3434731], [103.6896217, 1.3434528], [103.6896554, 1.3434498], [103.6896538, 1.3434317], [103.6896197, 1.3434347], [103.6895994, 1.3432515], [103.6896373, 1.3432482], [103.6896349, 1.3432209], [103.6895964, 1.3432241], [103.6895904, 1.3431695], [103.6894285, 1.3431834], [103.6894344, 1.3432523], [103.6894827, 1.3432482], [103.6894986, 1.3434337]]]}},
{"type": "Feature", "properties": {"osm_way": 96337870, "osm_name": "", "height_m": 38.5, "min_height_m": 0.0}, "geometry": {"type": "Polygon", "coordinates": [[[103.6895278, 1.343918], [103.689495, 1.343893], [103.6894726, 1.3439223], [103.6895081, 1.3439494], [103.6894408, 1.3440374], [103.6895155, 1.3440944], [103.6895501, 1.3440491], [103.689581, 1.3440727], [103.6895448, 1.3441201], [103.6896247, 1.3441811], [103.6896928, 1.3440919], [103.689595, 1.3440172], [103.6898282, 1.3437117], [103.6900179, 1.3436895], [103.6900244, 1.3437449], [103.690116, 1.3437342], [103.690094, 1.3435461], [103.6900423, 1.343552], [103.6900382, 1.3435149], [103.6899998, 1.3435201], [103.6900037, 1.3435564], [103.6898328, 1.3435758], [103.6898281, 1.3435377], [103.6897955, 1.3435413], [103.6898002, 1.3435796], [103.6897838, 1.3435814], [103.6896569, 1.3437469], [103.6896308, 1.3437269], [103.689589, 1.3437816], [103.6896162, 1.3438024], [103.6895278, 1.343918]]]}},
{"type": "Feature", "properties": {"osm_way": 96337873, "osm_name": "", "height_m": 42.0, "min_height_m": 0.0}, "geometry": {"type": "Polygon", "coordinates": [[[103.6889113, 1.3426623], [103.6889037, 1.3425929], [103.688925, 1.3425906], [103.6889209, 1.3425534], [103.6889517, 1.3425501], [103.6889487, 1.3425229], [103.6890263, 1.3425144], [103.6890225, 1.3424796], [103.6890577, 1.3424758], [103.6890608, 1.342504], [103.6891478, 1.3424945], [103.6891492, 1.3425074], [103.6892618, 1.3424951], [103.6892597, 1.3424755], [103.689672, 1.3424305], [103.6896684, 1.3423982], [103.6897021, 1.3423945], [103.6897056, 1.3424268], [103.6897908, 1.3424175], [103.689794, 1.3424468], [103.6898217, 1.3424438], [103.689826, 1.3424829], [103.6898494, 1.3424803], [103.689858, 1.3425586], [103.6889113, 1.3426623]]]}},
{"type": "Feature", "properties": {"osm_way": 96337874, "osm_name": "", "height_m": 42.0, "min_height_m": 0.0}, "geometry": {"type": "Polygon", "coordinates": [[[103.6884158, 1.343653], [103.688418, 1.3436679], [103.6885824, 1.3437952], [103.6885636, 1.3438195], [103.688611, 1.3438561], [103.6886334, 1.3438272], [103.6887614, 1.3439263], [103.6887269, 1.3439708], [103.6887489, 1.3439879], [103.688784, 1.3439426], [103.688922, 1.3440494], [103.6888872, 1.3440944], [103.6889088, 1.3441112], [103.6889432, 1.3440668], [103.68903, 1.3441339], [103.6890835, 1.3440648], [103.6890373, 1.344029], [103.6890624, 1.3439967], [103.6891073, 1.3440314], [103.6891689, 1.3439516], [103.6890837, 1.3438859], [103.6890052, 1.3439874], [103.688518, 1.343611], [103.6885051, 1.3435225], [103.6884005, 1.3435377], [103.6884139, 1.3436304], [103.6883684, 1.343637], [103.6883716, 1.3436594], [103.6884158, 1.343653]]]}},
{"type": "Feature", "properties": {"osm_way": 96337876, "osm_name": "", "height_m": 42.0, "min_height_m": 0.0}, "geometry": {"type": "Polygon", "coordinates": [[[103.6898913, 1.3448849], [103.6899235, 1.3448433], [103.6899781, 1.3448857], [103.6900813, 1.3447527], [103.6900242, 1.3447084], [103.689992, 1.3447499], [103.6894912, 1.3443614], [103.689567, 1.3442638], [103.6894766, 1.3441937], [103.6894163, 1.3442714], [103.6894664, 1.3443103], [103.6894414, 1.3443425], [103.6893895, 1.3443022], [103.6893286, 1.3443807], [103.6894181, 1.3444503], [103.6893898, 1.3444868], [103.6894082, 1.3445013], [103.6894366, 1.3444647], [103.6895705, 1.3445688], [103.6895512, 1.3445936], [103.6895919, 1.3446252], [103.6896112, 1.3446004], [103.6897446, 1.3447042], [103.6897138, 1.344744], [103.6897331, 1.3447593], [103.6897641, 1.3447193], [103.6899052, 1.344829], [103.6898731, 1.3448704], [103.6898913, 1.3448849]]]}},
{"type": "Feature", "properties": {"osm_way": 96340290, "osm_name": "", "height_m": 38.5, "min_height_m": 0.0}, "geometry": {"type": "Polygon", "coordinates": [[[103.6901877, 1.3443435], [103.6902336, 1.3443382], [103.6902312, 1.3443177], [103.6901845, 1.3443231], [103.690166, 1.3441641], [103.6901947, 1.3441608], [103.6901896, 1.3441172], [103.6901593, 1.3441208], [103.6901376, 1.3439352], [103.6901814, 1.3439301], [103.6901788, 1.3439075], [103.690135, 1.3439127], [103.6901251, 1.3438297], [103.6900213, 1.3438421], [103.6901031, 1.3445309], [103.6900477, 1.3446049], [103.6901376, 1.3446723], [103.6901879, 1.3446052], [103.6902263, 1.344634], [103.6902441, 1.3446102], [103.6902051, 1.344581], [103.6902137, 1.3445695], [103.6901877, 1.3443435]]]}},
{"type": "Feature", "properties": {"osm_way": 96341527, "osm_name": "", "height_m": 38.5, "min_height_m": 0.0}, "geometry": {"type": "Polygon", "coordinates": [[[103.685571, 1.3416139], [103.6856324, 1.3415359], [103.6855768, 1.341492], [103.6855973, 1.341466], [103.6856533, 1.3415101], [103.6857103, 1.3414379], [103.6856715, 1.3414073], [103.685663, 1.3414181], [103.6856265, 1.3413894], [103.6856366, 1.3413766], [103.6856014, 1.3413488], [103.6855476, 1.3414171], [103.6849472, 1.3409443], [103.6850019, 1.3408749], [103.6849678, 1.340848], [103.6849592, 1.3408589], [103.6849232, 1.3408306], [103.6849328, 1.3408185], [103.6848942, 1.3407881], [103.6848342, 1.3408643], [103.6848877, 1.3409064], [103.6848671, 1.3409325], [103.6848125, 1.3408895], [103.6847517, 1.3409666], [103.6849076, 1.3410902], [103.6849345, 1.3410561], [103.6849772, 1.3410899], [103.6849504, 1.341124], [103.6850144, 1.3411746], [103.6850413, 1.3411406], [103.68508, 1.3411712], [103.6850532, 1.3412052], [103.685088, 1.3412327], [103.6851147, 1.3411986], [103.6851551, 1.3412305], [103.6851283, 1.3412645], [103.6851636, 1.3412924], [103.6851904, 1.3412585], [103.6852293, 1.3412892], [103.6852025, 1.3413231], [103.6852658, 1.3413731], [103.6852926, 1.3413392], [103.685333, 1.3413712], [103.6853063, 1.3414051], [103.6853706, 1.3414559], [103.6853974, 1.3414221], [103.6854372, 1.3414536], [103.6854105, 1.3414874], [103.685571, 1.3416139]]]}},
{"type": "Feature", "properties": {"osm_way": 96341533, "osm_name": "", "height_m": 42.0, "min_height_m": 0.0}, "geometry": {"type": "Polygon", "coordinates": [[[103.6855553, 1.3403427], [103.6855474, 1.3402738], [103.6855681, 1.3402715], [103.6855638, 1.3402343], [103.6855897, 1.3402313], [103.6855876, 1.3402125], [103.6856267, 1.340208], [103.6856255, 1.340198], [103.6856773, 1.3401921], [103.6856738, 1.3401622], [103.6857121, 1.3401578], [103.6857158, 1.34019], [103.6857841, 1.3401822], [103.6857863, 1.3402013], [103.6859142, 1.3401867], [103.6859118, 1.3401652], [103.686217, 1.3401303], [103.6862175, 1.340135], [103.6862515, 1.3401311], [103.6862537, 1.3401507], [103.6862809, 1.3401476], [103.686285, 1.3401836], [103.6863046, 1.3401813], [103.6863131, 1.340256], [103.6855553, 1.3403427]]]}},
{"type": "Feature", "properties": {"osm_way": 97192510, "osm_name": "", "height_m": 45.5, "min_height_m": 0.0}, "geometry": {"type": "Polygon", "coordinates": [[[103.6860186, 1.3399138], [103.6860268, 1.3399752], [103.6861466, 1.3399628], [103.6861457, 1.3399528], [103.6861711, 1.3399498], [103.686172, 1.33996], [103.6862821, 1.3399475], [103.6862697, 1.3398393], [103.6861671, 1.3398513], [103.6861686, 1.3398643], [103.6861363, 1.3398681], [103.6861059, 1.3396056], [103.6860825, 1.3396083], [103.6860803, 1.3395896], [103.6861085, 1.3395534], [103.686124, 1.3395654], [103.6862504, 1.3394053], [103.6861495, 1.3393267], [103.685972, 1.3395572], [103.6860135, 1.3398751], [103.6859651, 1.3398821], [103.6859698, 1.3399207], [103.6860186, 1.3399138]]]}},
{"type": "Feature", "properties": {"osm_way": 97192511, "osm_name": "", "height_m": 45.5, "min_height_m": 0.0}, "geometry": {"type": "Polygon", "coordinates": [[[103.6862839, 1.3391522], [103.6861676, 1.3393032], [103.6862688, 1.339382], [103.6864634, 1.3391354], [103.6864143, 1.3390972], [103.6864336, 1.3390724], [103.6865909, 1.339195], [103.6866011, 1.3391819], [103.6866193, 1.339196], [103.6866246, 1.3392382], [103.6866047, 1.3392407], [103.6866292, 1.3394323], [103.6867433, 1.3394177], [103.6867065, 1.3391292], [103.6864532, 1.3389325], [103.6863079, 1.3391211], [103.6862866, 1.3391046], [103.6862625, 1.3391356], [103.6862839, 1.3391522]]]}},
{"type": "Feature", "properties": {"osm_way": 97192585, "osm_name": "", "height_m": 14.0, "min_height_m": 0.0}, "geometry": {"type": "Polygon", "coordinates": [[[103.6849433, 1.3407126], [103.6850352, 1.3407838], [103.6853885, 1.3403281], [103.6854992, 1.3403199], [103.6854912, 1.3402111], [103.6853539, 1.3402213], [103.6853513, 1.3401861], [103.6853266, 1.3401879], [103.685329, 1.3402206], [103.6850823, 1.3405391], [103.6850598, 1.3405216], [103.6850432, 1.3405431], [103.6850629, 1.3405583], [103.6849433, 1.3407126]]]}},
{"type": "Feature", "properties": {"osm_way": 97192587, "osm_name": "", "height_m": 45.5, "min_height_m": 0.0}, "geometry": {"type": "Polygon", "coordinates": [[[103.687056, 1.3401573], [103.6870442, 1.3400615], [103.6870646, 1.3400589], [103.6870602, 1.3400231], [103.6870405, 1.3400255], [103.6870276, 1.339922], [103.6871075, 1.339912], [103.6871021, 1.3398681], [103.6871261, 1.3398651], [103.6871317, 1.33991], [103.6876302, 1.3398483], [103.6876437, 1.3399571], [103.687624, 1.3399595], [103.6876283, 1.3399942], [103.6876488, 1.3399917], [103.6876604, 1.3400853], [103.6875564, 1.3400981], [103.6875452, 1.3400076], [103.6875548, 1.3400064], [103.6875504, 1.3399708], [103.6871383, 1.3400219], [103.6871424, 1.3400544], [103.6871575, 1.3400525], [103.6871688, 1.3401433], [103.687056, 1.3401573]]]}},
{"type": "Feature", "properties": {"osm_way": 97192658, "osm_name": "", "height_m": 14.0, "min_height_m": 0.0}, "geometry": {"type": "Polygon", "coordinates": [[[103.6872634, 1.3407487], [103.6872605, 1.3407185], [103.6872358, 1.3407212], [103.6872388, 1.3407514], [103.6872239, 1.3407531], [103.6871661, 1.3402166], [103.6871524, 1.3402181], [103.6871494, 1.3401905], [103.6870319, 1.3402032], [103.6870467, 1.3403399], [103.6870862, 1.3403356], [103.687088, 1.3403524], [103.6870517, 1.3403563], [103.687112, 1.3409121], [103.6872116, 1.3409013], [103.6872032, 1.3408237], [103.68725, 1.3408186], [103.6872581, 1.3408933], [103.6873398, 1.3408844], [103.687324, 1.3407422], [103.6872634, 1.3407487]]]}},
{"type": "Feature", "properties": {"osm_way": 97192659, "osm_name": "", "height_m": 14.0, "min_height_m": 0.0}, "geometry": {"type": "Polygon", "coordinates": [[[103.6872861, 1.3412178], [103.687293, 1.3412171], [103.6872972, 1.3412509], [103.6873296, 1.341247], [103.6873256, 1.3412137], [103.6873842, 1.3412077], [103.6873665, 1.3410621], [103.6872797, 1.3410726], [103.6872891, 1.3411502], [103.6872466, 1.3411553], [103.6872384, 1.3410878], [103.6871466, 1.3410989], [103.6871983, 1.3415253], [103.6872311, 1.3415213], [103.6872332, 1.3415382], [103.6871996, 1.3415423], [103.6872159, 1.341676], [103.6873293, 1.3416621], [103.6873261, 1.3416355], [103.6873373, 1.3416341], [103.6872861, 1.3412178]]]}},
{"type": "Feature", "properties": {"osm_way": 97192701, "osm_name": "", "height_m": 45.5, "min_height_m": 0.0}, "geometry": {"type": "Polygon", "coordinates": [[[103.6881699, 1.3418669], [103.6881587, 1.3417684], [103.6881801, 1.3417659], [103.6881757, 1.3417269], [103.688149, 1.3417299], [103.6881381, 1.3416339], [103.688257, 1.3416204], [103.6882672, 1.3417101], [103.6882513, 1.3417119], [103.6882555, 1.3417488], [103.6890779, 1.3416555], [103.6890722, 1.3416056], [103.6890535, 1.3416078], [103.6890433, 1.341518], [103.6891534, 1.3415055], [103.6891644, 1.3416034], [103.6891462, 1.3416055], [103.6891507, 1.3416461], [103.6891698, 1.3416439], [103.6891821, 1.3417524], [103.6890994, 1.3417617], [103.6891044, 1.3418058], [103.6890747, 1.3418092], [103.6890699, 1.3417669], [103.688271, 1.3418571], [103.6882768, 1.3419084], [103.6882523, 1.3419111], [103.6882463, 1.3418582], [103.6881699, 1.3418669]]]}},
{"type": "Feature", "properties": {"osm_way": 97192716, "osm_name": "", "height_m": 45.5, "min_height_m": 0.0}, "geometry": {"type": "Polygon", "coordinates": [[[103.6894384, 1.3417162], [103.6899398, 1.3416595], [103.6899455, 1.3417095], [103.6899795, 1.3417056], [103.6899738, 1.3416549], [103.6900382, 1.3416476], [103.6900234, 1.3415327], [103.6900058, 1.3415347], [103.6900018, 1.3414988], [103.6900187, 1.3414969], [103.6900063, 1.3414006], [103.6899094, 1.3414114], [103.6899195, 1.3415022], [103.689941, 1.3414998], [103.6899458, 1.3415432], [103.6895514, 1.3415869], [103.689553, 1.3416015], [103.6895182, 1.3416054], [103.6895123, 1.3415527], [103.6895273, 1.3415511], [103.6895175, 1.3414635], [103.6894132, 1.3414752], [103.6894237, 1.3415685], [103.6894447, 1.3415661], [103.689449, 1.3416046], [103.6894261, 1.3416072], [103.6894384, 1.3417162]]]}},
{"type": "Feature", "properties": {"osm_way": 97192780, "osm_name": "", "height_m": 14.0, "min_height_m": 0.0}, "geometry": {"type": "Polygon", "coordinates": [[[103.6896735, 1.3405358], [103.6896634, 1.3404314], [103.6897757, 1.3404206], [103.6897408, 1.3401109], [103.6897889, 1.3401062], [103.6897911, 1.3400772], [103.6897475, 1.3400446], [103.6898567, 1.3398988], [103.6899596, 1.339976], [103.6898691, 1.3400967], [103.689899, 1.3401191], [103.6898796, 1.340145], [103.6898567, 1.3401279], [103.6898911, 1.3404293], [103.689912, 1.3404269], [103.6899215, 1.3405098], [103.6898163, 1.3405218], [103.6898091, 1.3405042], [103.689772, 1.3405078], [103.6897738, 1.3405261], [103.6896735, 1.3405358]]]}},
{"type": "Feature", "properties": {"osm_way": 97192781, "osm_name": "", "height_m": 14.0, "min_height_m": 0.0}, "geometry": {"type": "Polygon", "coordinates": [[[103.6899469, 1.3408372], [103.6899898, 1.34083], [103.6899878, 1.3408098], [103.6899557, 1.3408135], [103.6899469, 1.3407251], [103.6898398, 1.3407375], [103.6898422, 1.340758], [103.689815, 1.3407612], [103.6898128, 1.3407417], [103.6897052, 1.3407541], [103.6897184, 1.3408687], [103.6898298, 1.3408559], [103.6898858, 1.3413425], [103.6900077, 1.3413284], [103.689996, 1.3412339], [103.6900277, 1.3412303], [103.6900249, 1.3412002], [103.6899942, 1.3412037], [103.6899469, 1.3408372]]]}},
{"type": "Feature", "properties": {"osm_way": 97553366, "osm_name": "", "height_m": 10.0, "min_height_m": 0.0}, "geometry": {"type": "Polygon", "coordinates": [[[103.6918701, 1.344597], [103.6918387, 1.3446505], [103.6918598, 1.3446627], [103.6916242, 1.3450917], [103.6915224, 1.3450386], [103.6917519, 1.3446004], [103.6917858, 1.3445357], [103.6918382, 1.3444356], [103.6919291, 1.344507], [103.691897, 1.344534], [103.6919312, 1.3445625], [103.6919544, 1.3445268], [103.6921508, 1.3446809], [103.6920866, 1.3447577], [103.6918701, 1.344597]]]}},
{"type": "Feature", "properties": {"osm_way": 97553367, "osm_name": "", "height_m": 28.0, "min_height_m": 0.0}, "geometry": {"type": "Polygon", "coordinates": [[[103.6924369, 1.3450565], [103.6921848, 1.3448577], [103.692257, 1.3447667], [103.6924727, 1.3449376], [103.6925303, 1.3449833], [103.6924846, 1.3450404], [103.6924852, 1.3450459], [103.6925126, 1.3450428], [103.6925155, 1.3450685], [103.6925351, 1.3450664], [103.6925478, 1.3451802], [103.6925122, 1.3451841], [103.6925155, 1.3452131], [103.6925517, 1.3452091], [103.6925641, 1.3453198], [103.6922482, 1.3453551], [103.6922353, 1.3452404], [103.6924547, 1.3452159], [103.6924503, 1.3451762], [103.6924369, 1.3450565]]]}},
{"type": "Feature", "properties": {"osm_way": 97553368, "osm_name": "", "height_m": 49.0, "min_height_m": 0.0}, "geometry": {"type": "Polygon", "coordinates": [[[103.6921879, 1.3463653], [103.6921713, 1.3463798], [103.6921997, 1.3464123], [103.6921037, 1.3464963], [103.6920803, 1.3464695], [103.692042, 1.346503], [103.6920651, 1.3465294], [103.691996, 1.3465898], [103.691624, 1.3461648], [103.6917113, 1.3460884], [103.6919785, 1.3463935], [103.6919647, 1.3464055], [103.6920034, 1.3464497], [103.6921261, 1.3463423], [103.6921115, 1.3461657], [103.692223, 1.3461566], [103.6922383, 1.3463419], [103.6921863, 1.3463462], [103.6921879, 1.3463653]]]}},
{"type": "Feature", "properties": {"osm_way": 98260481, "osm_name": "", "height_m": 49.0, "min_height_m": 0.0}, "geometry": {"type": "Polygon", "coordinates": [[[103.693269, 1.3475189], [103.6931931, 1.3475866], [103.6931313, 1.3475156], [103.6932436, 1.3474181], [103.6931539, 1.3473147], [103.6931309, 1.3473346], [103.6927881, 1.3469398], [103.6928822, 1.3468581], [103.6932617, 1.3472953], [103.6933059, 1.3472999], [103.6933015, 1.3473424], [103.693376, 1.3474281], [103.6932969, 1.3474968], [103.6932722, 1.3474684], [103.6932454, 1.3474917], [103.693269, 1.3475189]]]}},
{"type": "Feature", "properties": {"osm_way": 98260489, "osm_name": "", "height_m": 49.0, "min_height_m": 0.0}, "geometry": {"type": "Polygon", "coordinates": [[[103.6923915, 1.3466436], [103.6923807, 1.3466531], [103.6923284, 1.3465937], [103.6922413, 1.3466704], [103.6922659, 1.3466983], [103.692248, 1.346714], [103.6922216, 1.346684], [103.6921351, 1.3467601], [103.6924548, 1.347117], [103.6925461, 1.3470367], [103.692342, 1.3468076], [103.692327, 1.3468208], [103.6922819, 1.3467696], [103.6924018, 1.3466641], [103.6925505, 1.3466487], [103.6926997, 1.346826], [103.6927915, 1.3467488], [103.6926496, 1.3465801], [103.69259, 1.3466302], [103.6925812, 1.3466197], [103.6925723, 1.3465303], [103.6925296, 1.3465345], [103.6925287, 1.3465252], [103.692426, 1.3465354], [103.6924272, 1.3465472], [103.6923824, 1.3465516], [103.6923915, 1.3466436]]]}},
{"type": "Feature", "properties": {"osm_way": 98260490, "osm_name": "", "height_m": 49.0, "min_height_m": 0.0}, "geometry": {"type": "Polygon", "coordinates": [[[103.6924548, 1.347117], [103.6925461, 1.3470367], [103.6930331, 1.3475996], [103.6931313, 1.3475156], [103.6931931, 1.3475866], [103.6931145, 1.3476567], [103.6930882, 1.3476267], [103.6930628, 1.3476488], [103.6930893, 1.3476792], [103.6930098, 1.3477502], [103.6929383, 1.3476687], [103.6928988, 1.3476652], [103.6928993, 1.3476241], [103.6924548, 1.347117]]]}},
{"type": "Feature", "properties": {"osm_way": 98260996, "osm_name": "", "height_m": 52.5, "min_height_m": 0.0}, "geometry": {"type": "Polygon", "coordinates": [[[103.6926651, 1.3443968], [103.6927772, 1.3443845], [103.6927903, 1.3445039], [103.6930521, 1.3444752], [103.6930643, 1.344587], [103.6929424, 1.3446004], [103.692938, 1.3445598], [103.6929184, 1.344562], [103.6929274, 1.344644], [103.6929375, 1.3446429], [103.6929417, 1.3446806], [103.6929021, 1.3446849], [103.6929037, 1.3446996], [103.6928644, 1.3447039], [103.6928629, 1.3446908], [103.6928253, 1.3446949], [103.6928213, 1.3446585], [103.6928297, 1.3446576], [103.6928205, 1.344574], [103.6928034, 1.3445758], [103.6928075, 1.3446138], [103.6926536, 1.3446307], [103.6926456, 1.3445577], [103.6926977, 1.344552], [103.6926908, 1.3444893], [103.6926754, 1.344491], [103.6926651, 1.3443968]]]}},
{"type": "Feature", "properties": {"osm_way": 98261004, "osm_name": "UWJ75M", "height_m": 17.5, "min_height_m": 0.0}, "geometry": {"type": "Polygon", "coordinates": [[[103.692858, 1.3443624], [103.692827, 1.3440861], [103.6930024, 1.3440665], [103.6930744, 1.3440583], [103.6933603, 1.3440263], [103.6933711, 1.3441222], [103.6933913, 1.3443026], [103.692858, 1.3443624]]]}},
{"type": "Feature", "properties": {"osm_way": 98261005, "osm_name": "", "height_m": 52.5, "min_height_m": 0.0}, "geometry": {"type": "Polygon", "coordinates": [[[103.6927681, 1.343639], [103.6927539, 1.343628], [103.6927442, 1.3436406], [103.6926974, 1.3436049], [103.6926488, 1.3435705], [103.6926568, 1.3435602], [103.6926292, 1.343539], [103.6926288, 1.3435295], [103.6925995, 1.3435307], [103.6926, 1.3435427], [103.6925791, 1.3435682], [103.6925972, 1.3435831], [103.6925629, 1.3436249], [103.6924306, 1.3437853], [103.6923364, 1.343708], [103.6924681, 1.343547], [103.6925436, 1.3434552], [103.6925641, 1.3434531], [103.6925613, 1.3434264], [103.692653, 1.3434167], [103.6926559, 1.3434445], [103.6926765, 1.3434424], [103.6927665, 1.3435152], [103.6928727, 1.3435967], [103.6929075, 1.3439191], [103.6927434, 1.3439368], [103.6927364, 1.343872], [103.6927896, 1.3438663], [103.6927697, 1.3436822], [103.6927853, 1.3436806], [103.6927831, 1.3436602], [103.6927681, 1.343639]]]}},
{"type": "Feature", "properties": {"osm_way": 106857435, "osm_name": "", "height_m": 52.5, "min_height_m": 0.0}, "geometry": {"type": "Polygon", "coordinates": [[[103.6928103, 1.3431105], [103.6928133, 1.3431317], [103.6927887, 1.3431352], [103.6928013, 1.3432244], [103.6928276, 1.3432206], [103.6928306, 1.3432418], [103.6929201, 1.3433163], [103.6929758, 1.3433627], [103.6929957, 1.3435488], [103.6931079, 1.3435366], [103.6930843, 1.3432989], [103.6929995, 1.3432241], [103.6929534, 1.3431835], [103.6929373, 1.3432009], [103.6929146, 1.3431799], [103.6929104, 1.3431483], [103.6929297, 1.3431236], [103.6929455, 1.343136], [103.6929828, 1.3430884], [103.6929626, 1.3430726], [103.6930393, 1.3429748], [103.6930115, 1.342953], [103.6930305, 1.3429288], [103.6930567, 1.3429493], [103.6931618, 1.3428152], [103.6931742, 1.3428249], [103.693234, 1.3427487], [103.6931473, 1.3426808], [103.692886, 1.3430139], [103.6928103, 1.3431105]]]}},
{"type": "Feature", "properties": {"osm_way": 107703012, "osm_name": "", "height_m": 38.5, "min_height_m": 0.0}, "geometry": {"type": "Polygon", "coordinates": [[[103.6930579, 1.3451305], [103.6930556, 1.3451075], [103.6930189, 1.3451112], [103.6930092, 1.3450161], [103.693127, 1.3450048], [103.693128, 1.3450149], [103.6931674, 1.3450102], [103.6931854, 1.3450083], [103.6931839, 1.3449936], [103.6932822, 1.3449818], [103.6932965, 1.3451034], [103.6931299, 1.3451217], [103.6931551, 1.3453571], [103.6930483, 1.3453681], [103.6930365, 1.345248], [103.6930737, 1.3452442], [103.6930711, 1.3452187], [103.6929426, 1.3452318], [103.6929336, 1.3451432], [103.6930579, 1.3451305]]]}},
{"type": "Feature", "properties": {"osm_way": 107703013, "osm_name": "", "height_m": 38.5, "min_height_m": 0.0}, "geometry": {"type": "Polygon", "coordinates": [[[103.6929579, 1.3453774], [103.6930483, 1.3453681], [103.6930658, 1.3453663], [103.693084, 1.3455335], [103.6933218, 1.3455076], [103.6933336, 1.3456155], [103.6932175, 1.3456281], [103.6932143, 1.3455992], [103.6931954, 1.3456012], [103.6932087, 1.3457237], [103.6931131, 1.3457341], [103.6930994, 1.3456086], [103.6930767, 1.3456111], [103.6930804, 1.345645], [103.6929866, 1.3456552], [103.6929732, 1.3455319], [103.6929884, 1.3455303], [103.6929824, 1.3454754], [103.6929687, 1.3454769], [103.6929579, 1.3453774]]]}},
{"type": "Feature", "properties": {"osm_way": 107706826, "osm_name": "", "height_m": 49.0, "min_height_m": 0.0}, "geometry": {"type": "Polygon", "coordinates": [[[103.6921096, 1.3460419], [103.6920773, 1.345756], [103.6920107, 1.3457635], [103.6920128, 1.3457819], [103.6919723, 1.3457864], [103.6919735, 1.3457972], [103.6918647, 1.3458095], [103.6918634, 1.3457982], [103.6918224, 1.3458029], [103.6918205, 1.3457867], [103.6918091, 1.3456867], [103.6921642, 1.3456464], [103.6921755, 1.3457455], [103.6921384, 1.3457497], [103.692143, 1.3457906], [103.6921806, 1.3457864], [103.6922082, 1.3460308], [103.6921096, 1.3460419]]]}},
{"type": "Feature", "properties": {"osm_way": 107706827, "osm_name": "", "height_m": 49.0, "min_height_m": 0.0}, "geometry": {"type": "Polygon", "coordinates": [[[103.6914897, 1.3451583], [103.6914996, 1.3452505], [103.6915337, 1.3452469], [103.6915359, 1.3452677], [103.6914283, 1.3452793], [103.6914385, 1.3453738], [103.6915602, 1.3453607], [103.691562, 1.3453776], [103.6915117, 1.345383], [103.691521, 1.3454768], [103.6916347, 1.3454639], [103.6916338, 1.3454485], [103.6916882, 1.3454427], [103.6916892, 1.3454578], [103.6917822, 1.3454473], [103.6917721, 1.3453453], [103.6916148, 1.3453599], [103.6916049, 1.3452636], [103.6916218, 1.3452618], [103.6916185, 1.3452302], [103.6916026, 1.3452319], [103.6915933, 1.3451446], [103.6915148, 1.3451065], [103.6914897, 1.3451583]]]}},
{"type": "Feature", "properties": {"osm_way": 107706829, "osm_name": "UWJ82M", "height_m": 17.5, "min_height_m": 0.0}, "geometry": {"type": "Polygon", "coordinates": [[[103.6923585, 1.3463469], [103.6923311, 1.3461151], [103.6922787, 1.3456721], [103.6922696, 1.3455943], [103.6922534, 1.3454577], [103.6925208, 1.3454261], [103.6926259, 1.3463153], [103.6923585, 1.3463469]]]}},
{"type": "Feature", "properties": {"osm_way": 107706830, "osm_name": "", "height_m": 49.0, "min_height_m": 0.0}, "geometry": {"type": "Polygon", "coordinates": [[[103.691583, 1.3460222], [103.6915737, 1.3459399], [103.6916139, 1.3459354], [103.6916112, 1.3459116], [103.6914979, 1.3459244], [103.6914877, 1.3458338], [103.6915988, 1.3458212], [103.691596, 1.345796], [103.6915587, 1.3458002], [103.6915491, 1.3457154], [103.6916523, 1.3457038], [103.6916543, 1.3457219], [103.6917201, 1.3457145], [103.6917181, 1.3456969], [103.6918091, 1.3456867], [103.6918205, 1.3457867], [103.691663, 1.3458043], [103.6916738, 1.3459006], [103.6916902, 1.3458988], [103.6916941, 1.3459331], [103.6916777, 1.345935], [103.6916869, 1.3460172], [103.6916276, 1.3460711], [103.691583, 1.3460222]]]}},
{"type": "Feature", "properties": {"osm_way": 115096970, "osm_name": "", "height_m": 10.0, "min_height_m": 0.0}, "geometry": {"type": "Polygon", "coordinates": [[[103.6885879, 1.3516721], [103.6884818, 1.3516657], [103.6884794, 1.3517948], [103.6885673, 1.3517952], [103.6886438, 1.3518118], [103.6887621, 1.3518548], [103.6888396, 1.3519002], [103.6889362, 1.3519855], [103.6889844, 1.3520446], [103.6890481, 1.3521555], [103.6890754, 1.3522358], [103.6890954, 1.3523631], [103.6890909, 1.3524448], [103.6890646, 1.3525682], [103.6890351, 1.3526462], [103.6889664, 1.3527531], [103.6889172, 1.3528131], [103.6888455, 1.3528673], [103.6889296, 1.3529702], [103.6890003, 1.3529074], [103.6890679, 1.3528318], [103.6891092, 1.3527635], [103.6891616, 1.3526741], [103.6891871, 1.3526023], [103.6892179, 1.3524562], [103.689221, 1.3523592], [103.6891984, 1.3522084], [103.6891657, 1.3521128], [103.6890913, 1.3519758], [103.6890302, 1.3518969], [103.6889122, 1.3517988], [103.6888281, 1.3517472], [103.6886829, 1.351691], [103.6885879, 1.3516721]]]}},
{"type": "Feature", "properties": {"osm_way": 115096972, "osm_name": "", "height_m": 10.0, "min_height_m": 0.0}, "geometry": {"type": "Polygon", "coordinates": [[[103.6893517, 1.3514688], [103.6893029, 1.35147], [103.6893021, 1.3515206], [103.6892782, 1.3514947], [103.6892063, 1.3514912], [103.6892054, 1.3515036], [103.6892068, 1.3515147], [103.6892402, 1.3515143], [103.6892947, 1.3515654], [103.68927, 1.3515888], [103.6892061, 1.3515891], [103.689205, 1.3516579], [103.6892513, 1.3517022], [103.6892776, 1.3516775], [103.6892965, 1.3516971], [103.6892742, 1.3517176], [103.6892969, 1.3517401], [103.6892952, 1.3517999], [103.6893652, 1.3518033], [103.6894153, 1.351756], [103.6893887, 1.3517309], [103.6894084, 1.351711], [103.6893725, 1.3516749], [103.6893856, 1.3516591], [103.6894521, 1.3517273], [103.6894764, 1.3517049], [103.6895385, 1.3517075], [103.689543, 1.3516362], [103.6894944, 1.3515901], [103.6894673, 1.3516155], [103.6894491, 1.3515978], [103.6894771, 1.3515722], [103.6894599, 1.3515544], [103.6894843, 1.3515346], [103.6895454, 1.3515972], [103.6895681, 1.3515745], [103.6896323, 1.3515756], [103.6896353, 1.351504], [103.6895863, 1.3514567], [103.6895593, 1.3514832], [103.6895424, 1.3514664], [103.6895671, 1.3514433], [103.6895426, 1.3514216], [103.6895437, 1.3513614], [103.6894719, 1.3513609], [103.6894253, 1.3514052], [103.6894516, 1.3514339], [103.6894315, 1.3514504], [103.6894499, 1.3514708], [103.689425, 1.3514954], [103.6893734, 1.3514473], [103.6893517, 1.3514688]]]}},
{"type": "Feature", "properties": {"osm_way": 115331315, "osm_name": "", "height_m": 10.0, "min_height_m": 0.0}, "geometry": {"type": "Polygon", "coordinates": [[[103.6891939, 1.3554317], [103.6894204, 1.3552865], [103.6892946, 1.3550903], [103.6890946, 1.3552184], [103.6891557, 1.3553139], [103.6891292, 1.3553308], [103.6891939, 1.3554317]]]}},
{"type": "Feature", "properties": {"osm_way": 115331317, "osm_name": "", "height_m": 10.0, "min_height_m": 0.0}, "geometry": {"type": "Polygon", "coordinates": [[[103.6892563, 1.3554406], [103.6895539, 1.3559047], [103.6897444, 1.3557826], [103.6894468, 1.3553185], [103.6892563, 1.3554406]]]}},
{"type": "Feature", "properties": {"osm_way": 115331319, "osm_name": "", "height_m": 10.0, "min_height_m": 0.0}, "geometry": {"type": "Polygon", "coordinates": [[[103.6897204, 1.3563195], [103.6898492, 1.3563825], [103.6899516, 1.3561734], [103.6898228, 1.3561104], [103.6897204, 1.3563195]]]}},
{"type": "Feature", "properties": {"osm_way": 115331320, "osm_name": "", "height_m": 10.0, "min_height_m": 0.0}, "geometry": {"type": "Polygon", "coordinates": [[[103.6872262, 1.3506474], [103.6872545, 1.35067], [103.68726, 1.350664], [103.6872661, 1.3506703], [103.6872613, 1.350678], [103.6872924, 1.3507056], [103.6873082, 1.3506888], [103.6873126, 1.3506979], [103.6873226, 1.3506905], [103.6873322, 1.3507098], [103.6873533, 1.3506944], [103.6873715, 1.3507251], [103.6874175, 1.3506967], [103.6873962, 1.3506616], [103.6874058, 1.35066], [103.6874277, 1.3506947], [103.6874481, 1.3506828], [103.6874378, 1.3506677], [103.6874612, 1.350673], [103.6874564, 1.3506783], [103.6874994, 1.350714], [103.6875031, 1.3507098], [103.6875066, 1.3507131], [103.6875497, 1.3506587], [103.6875445, 1.3506544], [103.6875502, 1.3506474], [103.6875274, 1.3506292], [103.687535, 1.3506197], [103.6875261, 1.3506121], [103.6875484, 1.3505845], [103.6875114, 1.3505547], [103.6875188, 1.3505459], [103.6874858, 1.3505199], [103.6874713, 1.3505382], [103.6874648, 1.3505267], [103.6874558, 1.3505321], [103.6874457, 1.3505152], [103.6874071, 1.3505416], [103.6874025, 1.3505348], [103.6873706, 1.3505564], [103.6873541, 1.3505262], [103.687331, 1.3505393], [103.6873421, 1.3505584], [103.6873183, 1.350551], [103.6873235, 1.3505455], [103.6872788, 1.3505087], [103.6872745, 1.350514], [103.6872714, 1.3505113], [103.6872284, 1.3505645], [103.6872341, 1.3505697], [103.6872296, 1.350576], [103.6872536, 1.350595], [103.6872435, 1.3506077], [103.6872522, 1.3506146], [103.6872262, 1.3506474]]]}},
{"type": "Feature", "properties": {"osm_way": 115331322, "osm_name": "Lien ying chow drive", "height_m": 10.0, "min_height_m": 0.0}, "geometry": {"type": "Polygon", "coordinates": [[[103.689524, 1.3561212], [103.6896594, 1.3561929], [103.689722, 1.3560747], [103.6895866, 1.3560031], [103.689524, 1.3561212]]]}},
{"type": "Feature", "properties": {"osm_way": 115331324, "osm_name": "", "height_m": 10.0, "min_height_m": 0.0}, "geometry": {"type": "Polygon", "coordinates": [[[103.6863704, 1.3506872], [103.6863652, 1.3506807], [103.6863577, 1.3506826], [103.6863475, 1.3506664], [103.6863168, 1.3506878], [103.686282, 1.3507035], [103.686266, 1.3506694], [103.6862485, 1.3506777], [103.6862571, 1.3506963], [103.686233, 1.3506883], [103.6862378, 1.350683], [103.6862069, 1.350655], [103.6862012, 1.3506602], [103.686196, 1.3506557], [103.6861589, 1.3506957], [103.6861631, 1.350699], [103.6861586, 1.3507035], [103.6861795, 1.3507182], [103.6861724, 1.350726], [103.6861799, 1.3507324], [103.6861598, 1.3507533], [103.6861875, 1.3507772], [103.6861684, 1.3507936], [103.686152, 1.3508038], [103.6861356, 1.3507714], [103.686111, 1.350782], [103.686108, 1.350775], [103.6860992, 1.3507787], [103.6860879, 1.3507539], [103.6860398, 1.3507788], [103.6860432, 1.3507849], [103.6860376, 1.3507882], [103.6860432, 1.3508004], [103.6860368, 1.350803], [103.6860484, 1.350826], [103.686054, 1.350824], [103.6860536, 1.350846], [103.6860426, 1.3508357], [103.6860294, 1.3508572], [103.6860021, 1.3508898], [103.6860126, 1.3509006], [103.6859945, 1.3509209], [103.6860151, 1.3509384], [103.6860081, 1.3509442], [103.6860161, 1.3509504], [103.6859947, 1.3509595], [103.68601, 1.3509898], [103.6860188, 1.3509855], [103.6860354, 1.3510204], [103.686057, 1.3510103], [103.6860582, 1.3510155], [103.6860703, 1.3510109], [103.6860807, 1.3510349], [103.6861395, 1.3510073], [103.6861208, 1.3509655], [103.6861159, 1.3509688], [103.6861138, 1.3509211], [103.6861216, 1.3509074], [103.6861436, 1.3509301], [103.6861758, 1.3508979], [103.6861518, 1.3508784], [103.6861668, 1.3508628], [103.6861538, 1.3508516], [103.686161, 1.3508458], [103.6861535, 1.3508385], [103.686174, 1.3508286], [103.6862063, 1.3508047], [103.6862212, 1.3507861], [103.6862267, 1.3507973], [103.686235, 1.3507917], [103.6862412, 1.3508051], [103.6862588, 1.3507947], [103.6862753, 1.3508215], [103.6863104, 1.3508013], [103.6862986, 1.3507736], [103.6863079, 1.3507731], [103.6863224, 1.3508018], [103.6863384, 1.3507955], [103.6863313, 1.3507801], [103.6863561, 1.3507865], [103.6863524, 1.3507895], [103.6863839, 1.3508202], [103.6863887, 1.3508144], [103.6863946, 1.3508194], [103.6864347, 1.350774], [103.6864122, 1.3507533], [103.6864185, 1.3507469], [103.6864142, 1.3507426], [103.6864305, 1.3507236], [103.6864031, 1.3506988], [103.686409, 1.3506927], [103.6863863, 1.3506698], [103.6863704, 1.3506872]]]}},
{"type": "Feature", "properties": {"osm_way": 115591686, "osm_name": "", "height_m": 10.0, "min_height_m": 0.0}, "geometry": {"type": "Polygon", "coordinates": [[[103.680557, 1.3468513], [103.6797333, 1.346859], [103.6797363, 1.3470388], [103.6797237, 1.3470086], [103.6796788, 1.3470273], [103.6797037, 1.3470856], [103.6797022, 1.3471735], [103.679703, 1.3472173], [103.6796762, 1.3472575], [103.6797002, 1.3472756], [103.6797178, 1.3472888], [103.6797446, 1.3472531], [103.6797445, 1.3473224], [103.6797445, 1.3473613], [103.6797409, 1.3474173], [103.6797508, 1.3474577], [103.6797708, 1.3474956], [103.6798149, 1.3475347], [103.6798668, 1.347567], [103.6799282, 1.3475924], [103.6799859, 1.3476015], [103.6800393, 1.3476013], [103.68004, 1.3475203], [103.6801129, 1.3475206], [103.680113, 1.3475829], [103.6804259, 1.3475825], [103.680444, 1.3475825], [103.6804441, 1.347563], [103.6804682, 1.3475631], [103.680469, 1.3474947], [103.6805578, 1.3474955], [103.680557, 1.3468513]]]}},
{"type": "Feature", "properties": {"osm_way": 115591942, "osm_name": "Car Park N2.1", "height_m": 10.0, "min_height_m": 0.0}, "geometry": {"type": "Polygon", "coordinates": [[[103.6788426, 1.3467733], [103.6788435, 1.3469121], [103.6789475, 1.347075], [103.6789796, 1.3471025], [103.6791875, 1.3471441], [103.6792351, 1.3471441], [103.6792915, 1.3471226], [103.679329, 1.3470737], [103.6793391, 1.3470395], [103.6793464, 1.3468283], [103.6793156, 1.346776], [103.6791182, 1.3467749], [103.6790501, 1.3467745], [103.6788426, 1.3467733]]]}},
{"type": "Feature", "properties": {"osm_way": 189522562, "osm_name": "Jalan Bahar Clay Studios", "height_m": 10.0, "min_height_m": 0.0}, "geometry": {"type": "Polygon", "coordinates": [[[103.6928513, 1.3520886], [103.6929974, 1.3520343], [103.6929518, 1.3519117], [103.6931498, 1.3518382], [103.6929526, 1.3513074], [103.6926706, 1.3514122], [103.6927266, 1.3515629], [103.6926645, 1.351586], [103.6928513, 1.3520886]]]}},
{"type": "Feature", "properties": {"osm_way": 189522693, "osm_name": "Thow Kwang Pottery Jungle", "height_m": 10.0, "min_height_m": 0.0}, "geometry": {"type": "Polygon", "coordinates": [[[103.6926981, 1.3536754], [103.6927425, 1.3536598], [103.6930084, 1.3535664], [103.6929929, 1.3535222], [103.6929415, 1.353376], [103.6927742, 1.3534354], [103.6927597, 1.3533942], [103.6928091, 1.3533781], [103.6927856, 1.3533111], [103.6928208, 1.3532958], [103.6927912, 1.3532162], [103.692767, 1.3532234], [103.6927396, 1.3531455], [103.6926761, 1.3531675], [103.6926474, 1.3530851], [103.6925539, 1.3531221], [103.6925813, 1.3531957], [103.6925271, 1.3532148], [103.6925109, 1.3531683], [103.6923708, 1.3532213], [103.6923981, 1.3533047], [103.6923701, 1.3533164], [103.6924221, 1.3534658], [103.6924546, 1.353457], [103.6924682, 1.3534944], [103.6924857, 1.3534874], [103.6925175, 1.3535702], [103.6926453, 1.3535253], [103.6926609, 1.3535695], [103.6926981, 1.3536754]]]}},
{"type": "Feature", "properties": {"osm_way": 189522694, "osm_name": "", "height_m": 10.0, "min_height_m": 0.0}, "geometry": {"type": "Polygon", "coordinates": [[[103.6928039, 1.3538341], [103.6930189, 1.3537586], [103.6929636, 1.3536013], [103.6927486, 1.3536768], [103.6928039, 1.3538341]]]}},
{"type": "Feature", "properties": {"osm_way": 255774307, "osm_name": "Sport Hall", "height_m": 10.0, "min_height_m": 0.0}, "geometry": {"type": "Polygon", "coordinates": [[[103.6874184, 1.3488438], [103.6876546, 1.3496831], [103.6880016, 1.3495855], [103.6877654, 1.3487462], [103.6874184, 1.3488438]]]}},
{"type": "Feature", "properties": {"osm_way": 256159582, "osm_name": "", "height_m": 10.0, "min_height_m": 0.0}, "geometry": {"type": "Polygon", "coordinates": [[[103.6921527, 1.3383276], [103.6921008, 1.3382871], [103.6922169, 1.3381389], [103.6922695, 1.3381799], [103.6921527, 1.3383276]]]}},
{"type": "Feature", "properties": {"osm_way": 256159583, "osm_name": "", "height_m": 10.0, "min_height_m": 0.0}, "geometry": {"type": "Polygon", "coordinates": [[[103.6894876, 1.3383045], [103.6895283, 1.3382525], [103.6896722, 1.3383651], [103.6896314, 1.3384172], [103.6894876, 1.3383045]]]}},
{"type": "Feature", "properties": {"osm_way": 256159584, "osm_name": "", "height_m": 10.0, "min_height_m": 0.0}, "geometry": {"type": "Polygon", "coordinates": [[[103.6919357, 1.3387877], [103.6918705, 1.3387376], [103.6917458, 1.3389024], [103.6918106, 1.3389532], [103.6919357, 1.3387877]]]}},
{"type": "Feature", "properties": {"osm_way": 256159589, "osm_name": "", "height_m": 10.0, "min_height_m": 0.0}, "geometry": {"type": "Polygon", "coordinates": [[[103.6917352, 1.3385581], [103.6916782, 1.3385127], [103.6917991, 1.3383608], [103.6918561, 1.3384062], [103.6917352, 1.3385581]]]}},
{"type": "Feature", "properties": {"osm_way": 256159590, "osm_name": "", "height_m": 10.0, "min_height_m": 0.0}, "geometry": {"type": "Polygon", "coordinates": [[[103.6901522, 1.3384885], [103.690191, 1.3384373], [103.6900204, 1.3383083], [103.6899818, 1.3383598], [103.6901522, 1.3384885]]]}},
{"type": "Feature", "properties": {"osm_way": 256159591, "osm_name": "", "height_m": 10.0, "min_height_m": 0.0}, "geometry": {"type": "Polygon", "coordinates": [[[103.6912886, 1.3393048], [103.6913281, 1.3392542], [103.6911637, 1.3391248], [103.6911239, 1.3391756], [103.6912886, 1.3393048]]]}},
{"type": "Feature", "properties": {"osm_way": 256159594, "osm_name": "", "height_m": 10.0, "min_height_m": 0.0}, "geometry": {"type": "Polygon", "coordinates": [[[103.6918326, 1.3394634], [103.6917925, 1.339514], [103.6919492, 1.3396389], [103.6919886, 1.3395891], [103.6918326, 1.3394634]]]}},
{"type": "Feature", "properties": {"osm_way": 256159596, "osm_name": "", "height_m": 10.0, "min_height_m": 0.0}, "geometry": {"type": "Polygon", "coordinates": [[[103.691288, 1.3397161], [103.6913287, 1.3396637], [103.6911681, 1.3395389], [103.6911274, 1.3395913], [103.691288, 1.3397161]]]}},
{"type": "Feature", "properties": {"osm_way": 256159600, "osm_name": "", "height_m": 10.0, "min_height_m": 0.0}, "geometry": {"type": "Polygon", "coordinates": [[[103.6917925, 1.339514], [103.6917528, 1.339565], [103.6919109, 1.3396886], [103.6919492, 1.3396389], [103.6917925, 1.339514]]]}},
{"type": "Feature", "properties": {"osm_way": 256159602, "osm_name": "", "height_m": 10.0, "min_height_m": 0.0}, "geometry": {"type": "Polygon", "coordinates": [[[103.6913287, 1.3396637], [103.6913694, 1.3396114], [103.6912087, 1.3394867], [103.6911681, 1.3395389], [103.6913287, 1.3396637]]]}},
{"type": "Feature", "properties": {"osm_way": 256159606, "osm_name": "", "height_m": 10.0, "min_height_m": 0.0}, "geometry": {"type": "Polygon", "coordinates": [[[103.6917528, 1.339565], [103.6917125, 1.339618], [103.6918705, 1.3397403], [103.6919109, 1.3396886], [103.6917528, 1.339565]]]}},
{"type": "Feature", "properties": {"osm_way": 256159608, "osm_name": "", "height_m": 10.0, "min_height_m": 0.0}, "geometry": {"type": "Polygon", "coordinates": [[[103.6913694, 1.3396114], [103.6914101, 1.339559], [103.6912493, 1.3394344], [103.6912087, 1.3394867], [103.6913694, 1.3396114]]]}},
{"type": "Feature", "properties": {"osm_way": 256159612, "osm_name": "", "height_m": 10.0, "min_height_m": 0.0}, "geometry": {"type": "Polygon", "coordinates": [[[103.6917125, 1.339618], [103.6916733, 1.3396692], [103.6918313, 1.339791], [103.6918705, 1.3397403], [103.6917125, 1.339618]]]}},
{"type": "Feature", "properties": {"osm_way": 256159614, "osm_name": "", "height_m": 10.0, "min_height_m": 0.0}, "geometry": {"type": "Polygon", "coordinates": [[[103.6914101, 1.339559], [103.6914507, 1.3395068], [103.6912899, 1.3393821], [103.6912493, 1.3394344], [103.6914101, 1.339559]]]}},
{"type": "Feature", "properties": {"osm_way": 256159618, "osm_name": "", "height_m": 10.0, "min_height_m": 0.0}, "geometry": {"type": "Polygon", "coordinates": [[[103.6916733, 1.3396692], [103.6916341, 1.3397195], [103.6917922, 1.3398417], [103.6918313, 1.339791], [103.6916733, 1.3396692]]]}},
{"type": "Feature", "properties": {"osm_way": 256159620, "osm_name": "", "height_m": 10.0, "min_height_m": 0.0}, "geometry": {"type": "Polygon", "coordinates": [[[103.6914507, 1.3395068], [103.6914913, 1.3394545], [103.6913305, 1.3393298], [103.6912899, 1.3393821], [103.6914507, 1.3395068]]]}},
{"type": "Feature", "properties": {"osm_way": 256159635, "osm_name": "", "height_m": 10.0, "min_height_m": 0.0}, "geometry": {"type": "Polygon", "coordinates": [[[103.6920291, 1.3379486], [103.692072, 1.3378929], [103.6920996, 1.3379142], [103.6922526, 1.3380319], [103.692236, 1.3380534], [103.6922611, 1.3380727], [103.6922795, 1.3380489], [103.692331, 1.3380886], [103.6922865, 1.3381465], [103.6920291, 1.3379486]]]}},
{"type": "Feature", "properties": {"osm_way": 256159637, "osm_name": "", "height_m": 10.0, "min_height_m": 0.0}, "geometry": {"type": "Polygon", "coordinates": [[[103.6896891, 1.3380485], [103.6897307, 1.3379952], [103.6898724, 1.3381059], [103.6898317, 1.338159], [103.6896891, 1.3380485]]]}},
{"type": "Feature", "properties": {"osm_way": 256159638, "osm_name": "", "height_m": 10.0, "min_height_m": 0.0}, "geometry": {"type": "Polygon", "coordinates": [[[103.6916617, 1.3385773], [103.6916138, 1.3385405], [103.69149, 1.3387022], [103.6915375, 1.3387394], [103.6916617, 1.3385773]]]}},
{"type": "Feature", "properties": {"osm_way": 256159641, "osm_name": "", "height_m": 10.0, "min_height_m": 0.0}, "geometry": {"type": "Polygon", "coordinates": [[[103.6916341, 1.3397195], [103.6915942, 1.339771], [103.6917523, 1.3398933], [103.6917922, 1.3398417], [103.6916341, 1.3397195]]]}},
{"type": "Feature", "properties": {"osm_way": 256159643, "osm_name": "", "height_m": 10.0, "min_height_m": 0.0}, "geometry": {"type": "Polygon", "coordinates": [[[103.6914913, 1.3394545], [103.6915319, 1.3394022], [103.6913712, 1.3392774], [103.6913305, 1.3393298], [103.6914913, 1.3394545]]]}},
{"type": "Feature", "properties": {"osm_way": 256159647, "osm_name": "", "height_m": 10.0, "min_height_m": 0.0}, "geometry": {"type": "Polygon", "coordinates": [[[103.6915942, 1.339771], [103.6915547, 1.3398222], [103.6917121, 1.3399462], [103.6917523, 1.3398933], [103.6915942, 1.339771]]]}},
{"type": "Feature", "properties": {"osm_way": 256159649, "osm_name": "", "height_m": 10.0, "min_height_m": 0.0}, "geometry": {"type": "Polygon", "coordinates": [[[103.6915319, 1.3394022], [103.6915725, 1.33935], [103.6914119, 1.339225], [103.6913712, 1.3392774], [103.6915319, 1.3394022]]]}},
{"type": "Feature", "properties": {"osm_way": 256159653, "osm_name": "", "height_m": 10.0, "min_height_m": 0.0}, "geometry": {"type": "Polygon", "coordinates": [[[103.6914979, 1.3398518], [103.6914583, 1.3399029], [103.6916568, 1.3400584], [103.6916964, 1.3400073], [103.6914979, 1.3398518]]]}},
{"type": "Feature", "properties": {"osm_way": 256159662, "osm_name": "", "height_m": 10.0, "min_height_m": 0.0}, "geometry": {"type": "Polygon", "coordinates": [[[103.6914583, 1.3399029], [103.6914181, 1.3399548], [103.6916164, 1.3401106], [103.6916568, 1.3400584], [103.6914583, 1.3399029]]]}},
{"type": "Feature", "properties": {"osm_way": 256159669, "osm_name": "", "height_m": 10.0, "min_height_m": 0.0}, "geometry": {"type": "Polygon", "coordinates": [[[103.6914181, 1.3399548], [103.6913791, 1.3400052], [103.6915777, 1.3401606], [103.6916164, 1.3401106], [103.6914181, 1.3399548]]]}},
{"type": "Feature", "properties": {"osm_way": 256159677, "osm_name": "", "height_m": 10.0, "min_height_m": 0.0}, "geometry": {"type": "Polygon", "coordinates": [[[103.6916782, 1.3385127], [103.6916211, 1.3384673], [103.691742, 1.3383154], [103.6917991, 1.3383608], [103.6916782, 1.3385127]]]}},
{"type": "Feature", "properties": {"osm_way": 256159678, "osm_name": "", "height_m": 10.0, "min_height_m": 0.0}, "geometry": {"type": "Polygon", "coordinates": [[[103.690191, 1.3384373], [103.6902298, 1.3383862], [103.6900589, 1.3382568], [103.6900204, 1.3383083], [103.690191, 1.3384373]]]}},
{"type": "Feature", "properties": {"osm_way": 256159679, "osm_name": "", "height_m": 10.0, "min_height_m": 0.0}, "geometry": {"type": "Polygon", "coordinates": [[[103.691249, 1.3393554], [103.6912886, 1.3393048], [103.6911239, 1.3391756], [103.6910842, 1.3392265], [103.691249, 1.3393554]]]}},
{"type": "Feature", "properties": {"osm_way": 256159682, "osm_name": "", "height_m": 10.0, "min_height_m": 0.0}, "geometry": {"type": "Polygon", "coordinates": [[[103.6913791, 1.3400052], [103.6913387, 1.3400572], [103.6915367, 1.3402135], [103.6915777, 1.3401606], [103.6913791, 1.3400052]]]}},
{"type": "Feature", "properties": {"osm_way": 256159686, "osm_name": "", "height_m": 10.0, "min_height_m": 0.0}, "geometry": {"type": "Polygon", "coordinates": [[[103.6913387, 1.3400572], [103.6912979, 1.3401099], [103.6914981, 1.3402633], [103.6915367, 1.3402135], [103.6913387, 1.3400572]]]}},
{"type": "Feature", "properties": {"osm_way": 256159690, "osm_name": "", "height_m": 10.0, "min_height_m": 0.0}, "geometry": {"type": "Polygon", "coordinates": [[[103.6912979, 1.3401099], [103.6912321, 1.3401949], [103.6914324, 1.3403483], [103.6914981, 1.3402633], [103.6912979, 1.3401099]]]}},
{"type": "Feature", "properties": {"osm_way": 256159696, "osm_name": "", "height_m": 10.0, "min_height_m": 0.0}, "geometry": {"type": "Polygon", "coordinates": [[[103.6911909, 1.3399024], [103.6911394, 1.3398621], [103.6910215, 1.3400121], [103.6910727, 1.3400528], [103.6911909, 1.3399024]]]}},
{"type": "Feature", "properties": {"osm_way": 256159715, "osm_name": "", "height_m": 10.0, "min_height_m": 0.0}, "geometry": {"type": "Polygon", "coordinates": [[[103.6911394, 1.3398621], [103.6910879, 1.3398219], [103.6909704, 1.3399716], [103.6910215, 1.3400121], [103.6911394, 1.3398621]]]}},
{"type": "Feature", "properties": {"osm_way": 256159722, "osm_name": "", "height_m": 10.0, "min_height_m": 0.0}, "geometry": {"type": "Polygon", "coordinates": [[[103.6920996, 1.3379142], [103.6921416, 1.33786], [103.6922955, 1.3379806], [103.6922526, 1.3380319], [103.6920996, 1.3379142]]]}},
{"type": "Feature", "properties": {"osm_way": 256159723, "osm_name": "", "height_m": 10.0, "min_height_m": 0.0}, "geometry": {"type": "Polygon", "coordinates": [[[103.6897307, 1.3379952], [103.6897706, 1.3379446], [103.6899118, 1.338055], [103.6898724, 1.3381059], [103.6897307, 1.3379952]]]}},
{"type": "Feature", "properties": {"osm_way": 256159724, "osm_name": "", "height_m": 10.0, "min_height_m": 0.0}, "geometry": {"type": "Polygon", "coordinates": [[[103.6916138, 1.3385405], [103.6915589, 1.3384983], [103.6914356, 1.3386596], [103.69149, 1.3387022], [103.6916138, 1.3385405]]]}},
{"type": "Feature", "properties": {"osm_way": 256159727, "osm_name": "", "height_m": 10.0, "min_height_m": 0.0}, "geometry": {"type": "Polygon", "coordinates": [[[103.6910879, 1.3398219], [103.6910364, 1.3397817], [103.6909194, 1.339931], [103.6909704, 1.3399716], [103.6910879, 1.3398219]]]}},
{"type": "Feature", "properties": {"osm_way": 256159731, "osm_name": "", "height_m": 10.0, "min_height_m": 0.0}, "geometry": {"type": "Polygon", "coordinates": [[[103.6910364, 1.3397817], [103.6909849, 1.3397415], [103.6908684, 1.3398905], [103.6909194, 1.339931], [103.6910364, 1.3397817]]]}},
{"type": "Feature", "properties": {"osm_way": 256159735, "osm_name": "", "height_m": 10.0, "min_height_m": 0.0}, "geometry": {"type": "Polygon", "coordinates": [[[103.6909849, 1.3397415], [103.6909334, 1.3397012], [103.6908174, 1.3398501], [103.6908684, 1.3398905], [103.6909849, 1.3397415]]]}},
{"type": "Feature", "properties": {"osm_way": 256159739, "osm_name": "", "height_m": 10.0, "min_height_m": 0.0}, "geometry": {"type": "Polygon", "coordinates": [[[103.6909334, 1.3397012], [103.690882, 1.3396611], [103.6907666, 1.3398097], [103.6908174, 1.3398501], [103.6909334, 1.3397012]]]}},
{"type": "Feature", "properties": {"osm_way": 256159743, "osm_name": "", "height_m": 10.0, "min_height_m": 0.0}, "geometry": {"type": "Polygon", "coordinates": [[[103.690882, 1.3396611], [103.6908303, 1.3396207], [103.6907157, 1.3397693], [103.6907666, 1.3398097], [103.690882, 1.3396611]]]}},
{"type": "Feature", "properties": {"osm_way": 256159750, "osm_name": "", "height_m": 10.0, "min_height_m": 0.0}, "geometry": {"type": "Polygon", "coordinates": [[[103.6916211, 1.3384673], [103.691564, 1.3384218], [103.6916849, 1.3382699], [103.691742, 1.3383154], [103.6916211, 1.3384673]]]}},
{"type": "Feature", "properties": {"osm_way": 256159751, "osm_name": "", "height_m": 10.0, "min_height_m": 0.0}, "geometry": {"type": "Polygon", "coordinates": [[[103.6902298, 1.3383862], [103.6902686, 1.3383351], [103.6900974, 1.3382052], [103.6900589, 1.3382568], [103.6902298, 1.3383862]]]}},
{"type": "Feature", "properties": {"osm_way": 256159752, "osm_name": "", "height_m": 10.0, "min_height_m": 0.0}, "geometry": {"type": "Polygon", "coordinates": [[[103.6912095, 1.3394061], [103.691249, 1.3393554], [103.6910842, 1.3392265], [103.6910446, 1.3392774], [103.6912095, 1.3394061]]]}},
{"type": "Feature", "properties": {"osm_way": 256159755, "osm_name": "", "height_m": 10.0, "min_height_m": 0.0}, "geometry": {"type": "Polygon", "coordinates": [[[103.6908303, 1.3396207], [103.6907788, 1.3395804], [103.690665, 1.3397291], [103.6907157, 1.3397693], [103.6908303, 1.3396207]]]}},
{"type": "Feature", "properties": {"osm_way": 256159759, "osm_name": "", "height_m": 10.0, "min_height_m": 0.0}, "geometry": {"type": "Polygon", "coordinates": [[[103.6907358, 1.3395469], [103.6906844, 1.3395067], [103.6905702, 1.3396537], [103.6906213, 1.3396943], [103.6907358, 1.3395469]]]}},
{"type": "Feature", "properties": {"osm_way": 256159763, "osm_name": "", "height_m": 10.0, "min_height_m": 0.0}, "geometry": {"type": "Polygon", "coordinates": [[[103.6906844, 1.3395067], [103.6906331, 1.3394667], [103.6905188, 1.339613], [103.6905702, 1.3396537], [103.6906844, 1.3395067]]]}},
{"type": "Feature", "properties": {"osm_way": 256159769, "osm_name": "", "height_m": 10.0, "min_height_m": 0.0}, "geometry": {"type": "Polygon", "coordinates": [[[103.6906331, 1.3394667], [103.6905817, 1.3394265], [103.6904677, 1.3395724], [103.6905188, 1.339613], [103.6906331, 1.3394667]]]}},
{"type": "Feature", "properties": {"osm_way": 256159773, "osm_name": "", "height_m": 10.0, "min_height_m": 0.0}, "geometry": {"type": "Polygon", "coordinates": [[[103.6905817, 1.3394265], [103.6905304, 1.3393864], [103.6904163, 1.3395315], [103.6904677, 1.3395724], [103.6905817, 1.3394265]]]}},
{"type": "Feature", "properties": {"osm_way": 256159781, "osm_name": "", "height_m": 10.0, "min_height_m": 0.0}, "geometry": {"type": "Polygon", "coordinates": [[[103.6897706, 1.3379446], [103.6898086, 1.3378966], [103.6899499, 1.3380061], [103.6899118, 1.338055], [103.6897706, 1.3379446]]]}},
{"type": "Feature", "properties": {"osm_way": 256159782, "osm_name": "", "height_m": 10.0, "min_height_m": 0.0}, "geometry": {"type": "Polygon", "coordinates": [[[103.6915589, 1.3384983], [103.6915054, 1.3384572], [103.6913829, 1.3386183], [103.6914356, 1.3386596], [103.6915589, 1.3384983]]]}},
{"type": "Feature", "properties": {"osm_way": 256159785, "osm_name": "", "height_m": 10.0, "min_height_m": 0.0}, "geometry": {"type": "Polygon", "coordinates": [[[103.6905304, 1.3393864], [103.6904789, 1.3393462], [103.6903651, 1.3394909], [103.6904163, 1.3395315], [103.6905304, 1.3393864]]]}},
{"type": "Feature", "properties": {"osm_way": 256159789, "osm_name": "", "height_m": 10.0, "min_height_m": 0.0}, "geometry": {"type": "Polygon", "coordinates": [[[103.6904789, 1.3393462], [103.6904273, 1.3393058], [103.6903143, 1.3394505], [103.6903651, 1.3394909], [103.6904789, 1.3393462]]]}},
{"type": "Feature", "properties": {"osm_way": 256159793, "osm_name": "", "height_m": 10.0, "min_height_m": 0.0}, "geometry": {"type": "Polygon", "coordinates": [[[103.6904273, 1.3393058], [103.6903758, 1.3392656], [103.6902634, 1.3394101], [103.6903143, 1.3394505], [103.6904273, 1.3393058]]]}},
{"type": "Feature", "properties": {"osm_way": 256159798, "osm_name": "", "height_m": 10.0, "min_height_m": 0.0}, "geometry": {"type": "Polygon", "coordinates": [[[103.6903758, 1.3392656], [103.690324, 1.3392252], [103.6902123, 1.3393696], [103.6902634, 1.3394101], [103.6903758, 1.3392656]]]}},
{"type": "Feature", "properties": {"osm_way": 256159802, "osm_name": "", "height_m": 10.0, "min_height_m": 0.0}, "geometry": {"type": "Polygon", "coordinates": [[[103.6902846, 1.3391943], [103.6902329, 1.339154], [103.6901208, 1.3392969], [103.6901722, 1.3393377], [103.6902846, 1.3391943]]]}},
{"type": "Feature", "properties": {"osm_way": 256159809, "osm_name": "", "height_m": 10.0, "min_height_m": 0.0}, "geometry": {"type": "Polygon", "coordinates": [[[103.691564, 1.3384218], [103.6915069, 1.3383764], [103.6916278, 1.3382245], [103.6916849, 1.3382699], [103.691564, 1.3384218]]]}},
{"type": "Feature", "properties": {"osm_way": 256159810, "osm_name": "", "height_m": 10.0, "min_height_m": 0.0}, "geometry": {"type": "Polygon", "coordinates": [[[103.6902686, 1.3383351], [103.6903072, 1.3382842], [103.6901359, 1.3381538], [103.6900974, 1.3382052], [103.6902686, 1.3383351]]]}},
{"type": "Feature", "properties": {"osm_way": 256159811, "osm_name": "", "height_m": 10.0, "min_height_m": 0.0}, "geometry": {"type": "Polygon", "coordinates": [[[103.6911703, 1.3394568], [103.6912095, 1.3394061], [103.6910446, 1.3392774], [103.691005, 1.3393286], [103.6911703, 1.3394568]]]}},
{"type": "Feature", "properties": {"osm_way": 256159813, "osm_name": "", "height_m": 10.0, "min_height_m": 0.0}, "geometry": {"type": "Polygon", "coordinates": [[[103.6902329, 1.339154], [103.6901817, 1.339114], [103.6900702, 1.3392567], [103.6901208, 1.3392969], [103.6902329, 1.339154]]]}},
{"type": "Feature", "properties": {"osm_way": 256159816, "osm_name": "", "height_m": 10.0, "min_height_m": 0.0}, "geometry": {"type": "Polygon", "coordinates": [[[103.6901817, 1.339114], [103.6901304, 1.3390739], [103.6900194, 1.3392163], [103.6900702, 1.3392567], [103.6901817, 1.339114]]]}},
{"type": "Feature", "properties": {"osm_way": 256159820, "osm_name": "", "height_m": 10.0, "min_height_m": 0.0}, "geometry": {"type": "Polygon", "coordinates": [[[103.6901304, 1.3390739], [103.6900792, 1.3390339], [103.6899687, 1.3391761], [103.6900194, 1.3392163], [103.6901304, 1.3390739]]]}},
{"type": "Feature", "properties": {"osm_way": 256159824, "osm_name": "", "height_m": 10.0, "min_height_m": 0.0}, "geometry": {"type": "Polygon", "coordinates": [[[103.6900792, 1.3390339], [103.6900279, 1.3389938], [103.6899181, 1.3391359], [103.6899687, 1.3391761], [103.6900792, 1.3390339]]]}},
{"type": "Feature", "properties": {"osm_way": 256159829, "osm_name": "", "height_m": 10.0, "min_height_m": 0.0}, "geometry": {"type": "Polygon", "coordinates": [[[103.6900279, 1.3389938], [103.6899766, 1.3389537], [103.6898675, 1.3390957], [103.6899181, 1.3391359], [103.6900279, 1.3389938]]]}},
{"type": "Feature", "properties": {"osm_way": 256159837, "osm_name": "", "height_m": 10.0, "min_height_m": 0.0}, "geometry": {"type": "Polygon", "coordinates": [[[103.6898086, 1.3378966], [103.6898492, 1.3378446], [103.68999, 1.3379539], [103.6899499, 1.3380061], [103.6898086, 1.3378966]]]}},
{"type": "Feature", "properties": {"osm_way": 256159838, "osm_name": "", "height_m": 10.0, "min_height_m": 0.0}, "geometry": {"type": "Polygon", "coordinates": [[[103.6915054, 1.3384572], [103.6914462, 1.3384118], [103.6913246, 1.3385727], [103.6913829, 1.3386183], [103.6915054, 1.3384572]]]}},
{"type": "Feature", "properties": {"osm_way": 256159840, "osm_name": "", "height_m": 10.0, "min_height_m": 0.0}, "geometry": {"type": "Polygon", "coordinates": [[[103.6899766, 1.3389537], [103.6899254, 1.3389137], [103.6898171, 1.3390557], [103.6898675, 1.3390957], [103.6899766, 1.3389537]]]}},
{"type": "Feature", "properties": {"osm_way": 256159843, "osm_name": "", "height_m": 10.0, "min_height_m": 0.0}, "geometry": {"type": "Polygon", "coordinates": [[[103.6899254, 1.3389137], [103.6898741, 1.3388737], [103.6897669, 1.3390159], [103.6898171, 1.3390557], [103.6899254, 1.3389137]]]}},
{"type": "Feature", "properties": {"osm_way": 256159846, "osm_name": "", "height_m": 10.0, "min_height_m": 0.0}, "geometry": {"type": "Polygon", "coordinates": [[[103.6898334, 1.3388419], [103.6897796, 1.3387999], [103.6896704, 1.3389393], [103.6897239, 1.3389817], [103.6898334, 1.3388419]]]}},
{"type": "Feature", "properties": {"osm_way": 256159849, "osm_name": "", "height_m": 10.0, "min_height_m": 0.0}, "geometry": {"type": "Polygon", "coordinates": [[[103.6897796, 1.3387999], [103.6897259, 1.3387579], [103.6896172, 1.338897], [103.6896704, 1.3389393], [103.6897796, 1.3387999]]]}},
{"type": "Feature", "properties": {"osm_way": 256159852, "osm_name": "", "height_m": 10.0, "min_height_m": 0.0}, "geometry": {"type": "Polygon", "coordinates": [[[103.6897259, 1.3387579], [103.6896747, 1.3387179], [103.6895667, 1.3388568], [103.6896172, 1.338897], [103.6897259, 1.3387579]]]}},
{"type": "Feature", "properties": {"osm_way": 256159859, "osm_name": "", "height_m": 10.0, "min_height_m": 0.0}, "geometry": {"type": "Polygon", "coordinates": [[[103.6914625, 1.3383386], [103.6914109, 1.3382967], [103.691527, 1.3381539], [103.6915785, 1.3381958], [103.6914625, 1.3383386]]]}},
{"type": "Feature", "properties": {"osm_way": 256159860, "osm_name": "", "height_m": 10.0, "min_height_m": 0.0}, "geometry": {"type": "Polygon", "coordinates": [[[103.6903332, 1.33825], [103.6903835, 1.3381837], [103.6902136, 1.33805], [103.6901637, 1.3381166], [103.6903332, 1.33825]]]}},
{"type": "Feature", "properties": {"osm_way": 256159861, "osm_name": "", "height_m": 10.0, "min_height_m": 0.0}, "geometry": {"type": "Polygon", "coordinates": [[[103.6911308, 1.3395077], [103.6911703, 1.3394568], [103.691005, 1.3393286], [103.6909655, 1.3393795], [103.6911308, 1.3395077]]]}},
{"type": "Feature", "properties": {"osm_way": 256159863, "osm_name": "", "height_m": 10.0, "min_height_m": 0.0}, "geometry": {"type": "Polygon", "coordinates": [[[103.6896747, 1.3387179], [103.689625, 1.3386791], [103.6895149, 1.3388157], [103.6895667, 1.3388568], [103.6896747, 1.3387179]]]}},
{"type": "Feature", "properties": {"osm_way": 256159866, "osm_name": "", "height_m": 10.0, "min_height_m": 0.0}, "geometry": {"type": "Polygon", "coordinates": [[[103.689625, 1.3386791], [103.689575, 1.33864], [103.6894662, 1.3387771], [103.6895149, 1.3388157], [103.689625, 1.3386791]]]}},
{"type": "Feature", "properties": {"osm_way": 256159869, "osm_name": "", "height_m": 10.0, "min_height_m": 0.0}, "geometry": {"type": "Polygon", "coordinates": [[[103.689575, 1.33864], [103.6895226, 1.3385991], [103.6894156, 1.3387369], [103.6894662, 1.3387771], [103.689575, 1.33864]]]}},
{"type": "Feature", "properties": {"osm_way": 256159873, "osm_name": "", "height_m": 10.0, "min_height_m": 0.0}, "geometry": {"type": "Polygon", "coordinates": [[[103.6895226, 1.3385991], [103.6894723, 1.3385598], [103.6893654, 1.3386971], [103.6894156, 1.3387369], [103.6895226, 1.3385991]]]}},
{"type": "Feature", "properties": {"osm_way": 256159876, "osm_name": "", "height_m": 10.0, "min_height_m": 0.0}, "geometry": {"type": "Polygon", "coordinates": [[[103.6894723, 1.3385598], [103.6894198, 1.3385188], [103.689313, 1.3386554], [103.6893654, 1.3386971], [103.6894723, 1.3385598]]]}},
{"type": "Feature", "properties": {"osm_way": 256159885, "osm_name": "", "height_m": 10.0, "min_height_m": 0.0}, "geometry": {"type": "Polygon", "coordinates": [[[103.6912919, 1.3385471], [103.6912382, 1.3385051], [103.6913608, 1.3383462], [103.6914161, 1.3383886], [103.6912919, 1.3385471]]]}},
{"type": "Feature", "properties": {"osm_way": 256159887, "osm_name": "", "height_m": 10.0, "min_height_m": 0.0}, "geometry": {"type": "Polygon", "coordinates": [[[103.6894198, 1.3385188], [103.6893681, 1.3384784], [103.6892607, 1.3386139], [103.689313, 1.3386554], [103.6894198, 1.3385188]]]}},
{"type": "Feature", "properties": {"osm_way": 256159901, "osm_name": "", "height_m": 10.0, "min_height_m": 0.0}, "geometry": {"type": "Polygon", "coordinates": [[[103.6899925, 1.3386989], [103.6900343, 1.3386438], [103.6898647, 1.3385162], [103.6898248, 1.3385697], [103.6899925, 1.3386989]]]}},
{"type": "Feature", "properties": {"osm_way": 256159902, "osm_name": "", "height_m": 10.0, "min_height_m": 0.0}, "geometry": {"type": "Polygon", "coordinates": [[[103.691515, 1.3392372], [103.6916213, 1.3393193], [103.6917288, 1.3391801], [103.6916224, 1.3390981], [103.691515, 1.3392372]]]}},
{"type": "Feature", "properties": {"osm_way": 256159908, "osm_name": "", "height_m": 10.0, "min_height_m": 0.0}, "geometry": {"type": "Polygon", "coordinates": [[[103.6914109, 1.3382967], [103.6913594, 1.3382548], [103.6914754, 1.3381121], [103.691527, 1.3381539], [103.6914109, 1.3382967]]]}},
{"type": "Feature", "properties": {"osm_way": 256159909, "osm_name": "", "height_m": 10.0, "min_height_m": 0.0}, "geometry": {"type": "Polygon", "coordinates": [[[103.6903835, 1.3381837], [103.6904242, 1.33813], [103.690255, 1.3379947], [103.6902136, 1.33805], [103.6903835, 1.3381837]]]}},
{"type": "Feature", "properties": {"osm_way": 256159910, "osm_name": "", "height_m": 10.0, "min_height_m": 0.0}, "geometry": {"type": "Polygon", "coordinates": [[[103.691091, 1.3395596], [103.6911308, 1.3395077], [103.6909655, 1.3393795], [103.6909269, 1.3394298], [103.691091, 1.3395596]]]}},
{"type": "Feature", "properties": {"osm_way": 256159921, "osm_name": "", "height_m": 10.0, "min_height_m": 0.0}, "geometry": {"type": "Polygon", "coordinates": [[[103.6912382, 1.3385051], [103.6911845, 1.338463], [103.6913066, 1.3383045], [103.6913608, 1.3383462], [103.6912382, 1.3385051]]]}},
{"type": "Feature", "properties": {"osm_way": 256159928, "osm_name": "", "height_m": 10.0, "min_height_m": 0.0}, "geometry": {"type": "Polygon", "coordinates": [[[103.6913594, 1.3382548], [103.6913078, 1.3382129], [103.6914238, 1.3380702], [103.6914754, 1.3381121], [103.6913594, 1.3382548]]]}},
{"type": "Feature", "properties": {"osm_way": 256159929, "osm_name": "", "height_m": 10.0, "min_height_m": 0.0}, "geometry": {"type": "Polygon", "coordinates": [[[103.6907269, 1.3392763], [103.6907684, 1.3392246], [103.6906012, 1.3390951], [103.6905606, 1.3391475], [103.6907269, 1.3392763]]]}},
{"type": "Feature", "properties": {"osm_way": 256159942, "osm_name": "", "height_m": 10.0, "min_height_m": 0.0}, "geometry": {"type": "Polygon", "coordinates": [[[103.6911845, 1.338463], [103.6911341, 1.3384236], [103.691258, 1.3382673], [103.6913066, 1.3383045], [103.6911845, 1.338463]]]}},
{"type": "Feature", "properties": {"osm_way": 256159953, "osm_name": "", "height_m": 10.0, "min_height_m": 0.0}, "geometry": {"type": "Polygon", "coordinates": [[[103.6913078, 1.3382129], [103.6912562, 1.338171], [103.6913723, 1.3380283], [103.6914238, 1.3380702], [103.6913078, 1.3382129]]]}},
{"type": "Feature", "properties": {"osm_way": 256159954, "osm_name": "", "height_m": 10.0, "min_height_m": 0.0}, "geometry": {"type": "Polygon", "coordinates": [[[103.6907684, 1.3392246], [103.6908099, 1.3391729], [103.6906419, 1.3390427], [103.6906012, 1.3390951], [103.6907684, 1.3392246]]]}},
{"type": "Feature", "properties": {"osm_way": 256159967, "osm_name": "", "height_m": 10.0, "min_height_m": 0.0}, "geometry": {"type": "Polygon", "coordinates": [[[103.6911341, 1.3384236], [103.6910829, 1.3383835], [103.6912051, 1.3382266], [103.691258, 1.3382673], [103.6911341, 1.3384236]]]}},
{"type": "Feature", "properties": {"osm_way": 256159987, "osm_name": "", "height_m": 10.0, "min_height_m": 0.0}, "geometry": {"type": "Polygon", "coordinates": [[[103.6912562, 1.338171], [103.6912047, 1.3381291], [103.6913207, 1.3379864], [103.6913723, 1.3380283], [103.6912562, 1.338171]]]}},
{"type": "Feature", "properties": {"osm_way": 256159988, "osm_name": "", "height_m": 10.0, "min_height_m": 0.0}, "geometry": {"type": "Polygon", "coordinates": [[[103.6908099, 1.3391729], [103.6908514, 1.3391211], [103.6906825, 1.3389903], [103.6906419, 1.3390427], [103.6908099, 1.3391729]]]}},
{"type": "Feature", "properties": {"osm_way": 256160011, "osm_name": "", "height_m": 10.0, "min_height_m": 0.0}, "geometry": {"type": "Polygon", "coordinates": [[[103.6910829, 1.3383835], [103.6910325, 1.3383441], [103.6911527, 1.3381864], [103.6912051, 1.3382266], [103.6910829, 1.3383835]]]}},
{"type": "Feature", "properties": {"osm_way": 256160052, "osm_name": "", "height_m": 10.0, "min_height_m": 0.0}, "geometry": {"type": "Polygon", "coordinates": [[[103.6912047, 1.3381291], [103.6911531, 1.3380872], [103.6912691, 1.3379445], [103.6913207, 1.3379864], [103.6912047, 1.3381291]]]}},
{"type": "Feature", "properties": {"osm_way": 256160053, "osm_name": "", "height_m": 10.0, "min_height_m": 0.0}, "geometry": {"type": "Polygon", "coordinates": [[[103.6908514, 1.3391211], [103.6908929, 1.3390694], [103.6907231, 1.3389379], [103.6906825, 1.3389903], [103.6908514, 1.3391211]]]}},
{"type": "Feature", "properties": {"osm_way": 256160065, "osm_name": "", "height_m": 10.0, "min_height_m": 0.0}, "geometry": {"type": "Polygon", "coordinates": [[[103.6910325, 1.3383441], [103.6909833, 1.3383055], [103.6911029, 1.3381481], [103.6911527, 1.3381864], [103.6910325, 1.3383441]]]}},
{"type": "Feature", "properties": {"osm_way": 256160076, "osm_name": "", "height_m": 10.0, "min_height_m": 0.0}, "geometry": {"type": "Polygon", "coordinates": [[[103.6921008, 1.3382871], [103.6920486, 1.3382462], [103.6921647, 1.3380981], [103.6922169, 1.3381389], [103.6921008, 1.3382871]]]}},
{"type": "Feature", "properties": {"osm_way": 256160077, "osm_name": "", "height_m": 10.0, "min_height_m": 0.0}, "geometry": {"type": "Polygon", "coordinates": [[[103.6895283, 1.3382525], [103.6895689, 1.3382012], [103.6897123, 1.3383134], [103.6896722, 1.3383651], [103.6895283, 1.3382525]]]}},
{"type": "Feature", "properties": {"osm_way": 256160078, "osm_name": "", "height_m": 10.0, "min_height_m": 0.0}, "geometry": {"type": "Polygon", "coordinates": [[[103.6918705, 1.3387376], [103.6918154, 1.3386953], [103.6916902, 1.3388589], [103.6917458, 1.3389024], [103.6918705, 1.3387376]]]}},
{"type": "Feature", "properties": {"osm_way": 256160085, "osm_name": "", "height_m": 10.0, "min_height_m": 0.0}, "geometry": {"type": "Polygon", "coordinates": [[[103.6911531, 1.3380872], [103.6911015, 1.3380453], [103.6912176, 1.3379026], [103.6912691, 1.3379445], [103.6911531, 1.3380872]]]}},
{"type": "Feature", "properties": {"osm_way": 256160086, "osm_name": "", "height_m": 10.0, "min_height_m": 0.0}, "geometry": {"type": "Polygon", "coordinates": [[[103.6908929, 1.3390694], [103.6909344, 1.3390178], [103.6907637, 1.3388855], [103.6907231, 1.3389379], [103.6908929, 1.3390694]]]}},
{"type": "Feature", "properties": {"osm_way": 256160099, "osm_name": "", "height_m": 10.0, "min_height_m": 0.0}, "geometry": {"type": "Polygon", "coordinates": [[[103.6909833, 1.3383055], [103.6909278, 1.3382621], [103.6910498, 1.3381074], [103.6911029, 1.3381481], [103.6909833, 1.3383055]]]}},
{"type": "Feature", "properties": {"osm_way": 256160114, "osm_name": "", "height_m": 10.0, "min_height_m": 0.0}, "geometry": {"type": "Polygon", "coordinates": [[[103.6911015, 1.3380453], [103.69105, 1.3380034], [103.691166, 1.3378607], [103.6912176, 1.3379026], [103.6911015, 1.3380453]]]}},
{"type": "Feature", "properties": {"osm_way": 256160116, "osm_name": "", "height_m": 10.0, "min_height_m": 0.0}, "geometry": {"type": "Polygon", "coordinates": [[[103.6909344, 1.3390178], [103.6909759, 1.338966], [103.6908044, 1.3388331], [103.6907637, 1.3388855], [103.6909344, 1.3390178]]]}},
{"type": "Feature", "properties": {"osm_way": 256160133, "osm_name": "", "height_m": 10.0, "min_height_m": 0.0}, "geometry": {"type": "Polygon", "coordinates": [[[103.6909278, 1.3382621], [103.690865, 1.3382129], [103.6909866, 1.3380588], [103.6910498, 1.3381074], [103.6909278, 1.3382621]]]}},
{"type": "Feature", "properties": {"osm_way": 256160141, "osm_name": "", "height_m": 10.0, "min_height_m": 0.0}, "geometry": {"type": "Polygon", "coordinates": [[[103.6909759, 1.338966], [103.6910174, 1.3389143], [103.690845, 1.3387807], [103.6908044, 1.3388331], [103.6909759, 1.338966]]]}},
{"type": "Feature", "properties": {"osm_way": 256160149, "osm_name": "", "height_m": 10.0, "min_height_m": 0.0}, "geometry": {"type": "Polygon", "coordinates": [[[103.6908559, 1.3382058], [103.6907812, 1.3381473], [103.6909012, 1.3379933], [103.6909765, 1.3380511], [103.6908559, 1.3382058]]]}},
{"type": "Feature", "properties": {"osm_way": 256160160, "osm_name": "", "height_m": 10.0, "min_height_m": 0.0}, "geometry": {"type": "Polygon", "coordinates": [[[103.6910174, 1.3389143], [103.6910588, 1.3388627], [103.6908856, 1.3387283], [103.690845, 1.3387807], [103.6910174, 1.3389143]]]}},
{"type": "Feature", "properties": {"osm_way": 256160169, "osm_name": "", "height_m": 10.0, "min_height_m": 0.0}, "geometry": {"type": "Polygon", "coordinates": [[[103.6907812, 1.3381473], [103.6907317, 1.3381086], [103.6908508, 1.3379545], [103.6909012, 1.3379933], [103.6907812, 1.3381473]]]}},
{"type": "Feature", "properties": {"osm_way": 256160177, "osm_name": "", "height_m": 10.0, "min_height_m": 0.0}, "geometry": {"type": "Polygon", "coordinates": [[[103.6910913, 1.3388222], [103.6911339, 1.3387691], [103.6909819, 1.338651], [103.6909403, 1.3387046], [103.6910913, 1.3388222]]]}},
{"type": "Feature", "properties": {"osm_way": 256160184, "osm_name": "", "height_m": 10.0, "min_height_m": 0.0}, "geometry": {"type": "Polygon", "coordinates": [[[103.6907317, 1.3381086], [103.69068, 1.3380681], [103.6907987, 1.3379146], [103.6908508, 1.3379545], [103.6907317, 1.3381086]]]}},
{"type": "Feature", "properties": {"osm_way": 256160189, "osm_name": "", "height_m": 10.0, "min_height_m": 0.0}, "geometry": {"type": "Polygon", "coordinates": [[[103.6919065, 1.3386944], [103.6918494, 1.338649], [103.6919703, 1.3384971], [103.6920274, 1.3385425], [103.6919065, 1.3386944]]]}},
{"type": "Feature", "properties": {"osm_way": 256160190, "osm_name": "", "height_m": 10.0, "min_height_m": 0.0}, "geometry": {"type": "Polygon", "coordinates": [[[103.6900343, 1.3386438], [103.6900751, 1.33859], [103.6899044, 1.3384632], [103.6898647, 1.3385162], [103.6900343, 1.3386438]]]}},
{"type": "Feature", "properties": {"osm_way": 256160191, "osm_name": "", "height_m": 10.0, "min_height_m": 0.0}, "geometry": {"type": "Polygon", "coordinates": [[[103.6913696, 1.3391217], [103.6914689, 1.3391985], [103.6915746, 1.3390619], [103.6914753, 1.3389851], [103.6913696, 1.3391217]]]}},
{"type": "Feature", "properties": {"osm_way": 256160200, "osm_name": "", "height_m": 10.0, "min_height_m": 0.0}, "geometry": {"type": "Polygon", "coordinates": [[[103.6911339, 1.3387691], [103.6911764, 1.3387161], [103.6910236, 1.3385974], [103.6909819, 1.338651], [103.6911339, 1.3387691]]]}},
{"type": "Feature", "properties": {"osm_way": 256160207, "osm_name": "", "height_m": 10.0, "min_height_m": 0.0}, "geometry": {"type": "Polygon", "coordinates": [[[103.69068, 1.3380681], [103.6906295, 1.3380286], [103.6907477, 1.3378754], [103.6907987, 1.3379146], [103.69068, 1.3380681]]]}},
{"type": "Feature", "properties": {"osm_way": 256160246, "osm_name": "", "height_m": 10.0, "min_height_m": 0.0}, "geometry": {"type": "Polygon", "coordinates": [[[103.690813, 1.338443], [103.6907746, 1.3384912], [103.6909232, 1.3386104], [103.6909618, 1.3385622], [103.690813, 1.338443]]]}},
{"type": "Feature", "properties": {"osm_way": 256160253, "osm_name": "", "height_m": 10.0, "min_height_m": 0.0}, "geometry": {"type": "Polygon", "coordinates": [[[103.6906295, 1.3380286], [103.6905787, 1.3379888], [103.6906964, 1.337836], [103.6907477, 1.3378754], [103.6906295, 1.3380286]]]}},
{"type": "Feature", "properties": {"osm_way": 256160262, "osm_name": "", "height_m": 10.0, "min_height_m": 0.0}, "geometry": {"type": "Polygon", "coordinates": [[[103.6907746, 1.3384912], [103.690736, 1.3385397], [103.6908847, 1.3386583], [103.6909232, 1.3386104], [103.6907746, 1.3384912]]]}},
{"type": "Feature", "properties": {"osm_way": 256160278, "osm_name": "", "height_m": 10.0, "min_height_m": 0.0}, "geometry": {"type": "Polygon", "coordinates": [[[103.6908061, 1.3387638], [103.6908456, 1.3387124], [103.6906923, 1.3385946], [103.6906519, 1.3386454], [103.6908061, 1.3387638]]]}},
{"type": "Feature", "properties": {"osm_way": 256160294, "osm_name": "", "height_m": 10.0, "min_height_m": 0.0}, "geometry": {"type": "Polygon", "coordinates": [[[103.6907665, 1.3388152], [103.6908061, 1.3387638], [103.6906519, 1.3386454], [103.6906116, 1.3386961], [103.6907665, 1.3388152]]]}},
{"type": "Feature", "properties": {"osm_way": 256160298, "osm_name": "", "height_m": 10.0, "min_height_m": 0.0}, "geometry": {"type": "Polygon", "coordinates": [[[103.6915488, 1.3379079], [103.6915892, 1.3378565], [103.6917484, 1.3379818], [103.6917077, 1.3380335], [103.6915488, 1.3379079]]]}},
{"type": "Feature", "properties": {"osm_way": 256160304, "osm_name": "", "height_m": 10.0, "min_height_m": 0.0}, "geometry": {"type": "Polygon", "coordinates": [[[103.6920486, 1.3382462], [103.6919962, 1.3382053], [103.6921126, 1.3380574], [103.6921647, 1.3380981], [103.6920486, 1.3382462]]]}},
{"type": "Feature", "properties": {"osm_way": 256160305, "osm_name": "", "height_m": 10.0, "min_height_m": 0.0}, "geometry": {"type": "Polygon", "coordinates": [[[103.6895689, 1.3382012], [103.6896095, 1.3381498], [103.6897528, 1.3382613], [103.6897123, 1.3383134], [103.6895689, 1.3382012]]]}},
{"type": "Feature", "properties": {"osm_way": 256160306, "osm_name": "", "height_m": 10.0, "min_height_m": 0.0}, "geometry": {"type": "Polygon", "coordinates": [[[103.6918154, 1.3386953], [103.6917652, 1.3386568], [103.6916402, 1.3388198], [103.6916902, 1.3388589], [103.6918154, 1.3386953]]]}},
{"type": "Feature", "properties": {"osm_way": 256160315, "osm_name": "", "height_m": 10.0, "min_height_m": 0.0}, "geometry": {"type": "Polygon", "coordinates": [[[103.690727, 1.3388666], [103.6907665, 1.3388152], [103.6906116, 1.3386961], [103.6905712, 1.3387469], [103.690727, 1.3388666]]]}},
{"type": "Feature", "properties": {"osm_way": 256160329, "osm_name": "", "height_m": 10.0, "min_height_m": 0.0}, "geometry": {"type": "Polygon", "coordinates": [[[103.6906874, 1.3389181], [103.690727, 1.3388666], [103.6905712, 1.3387469], [103.6905308, 1.3387977], [103.6906874, 1.3389181]]]}},
{"type": "Feature", "properties": {"osm_way": 256160342, "osm_name": "", "height_m": 10.0, "min_height_m": 0.0}, "geometry": {"type": "Polygon", "coordinates": [[[103.6906479, 1.3389694], [103.6906874, 1.3389181], [103.6905308, 1.3387977], [103.6904905, 1.3388484], [103.6906479, 1.3389694]]]}},
{"type": "Feature", "properties": {"osm_way": 256160355, "osm_name": "", "height_m": 10.0, "min_height_m": 0.0}, "geometry": {"type": "Polygon", "coordinates": [[[103.6906083, 1.3390209], [103.6906479, 1.3389694], [103.6904905, 1.3388484], [103.69045, 1.3388992], [103.6906083, 1.3390209]]]}},
{"type": "Feature", "properties": {"osm_way": 256160367, "osm_name": "", "height_m": 10.0, "min_height_m": 0.0}, "geometry": {"type": "Polygon", "coordinates": [[[103.6905688, 1.3390723], [103.6906083, 1.3390209], [103.69045, 1.3388992], [103.6904097, 1.3389499], [103.6905688, 1.3390723]]]}},
{"type": "Feature", "properties": {"osm_way": 256160380, "osm_name": "", "height_m": 10.0, "min_height_m": 0.0}, "geometry": {"type": "Polygon", "coordinates": [[[103.6918494, 1.338649], [103.6917923, 1.3386035], [103.6919132, 1.3384516], [103.6919703, 1.3384971], [103.6918494, 1.338649]]]}},
{"type": "Feature", "properties": {"osm_way": 256160382, "osm_name": "", "height_m": 10.0, "min_height_m": 0.0}, "geometry": {"type": "Polygon", "coordinates": [[[103.6900751, 1.33859], [103.6901134, 1.3385396], [103.6899433, 1.3384112], [103.6899044, 1.3384632], [103.6900751, 1.33859]]]}},
{"type": "Feature", "properties": {"osm_way": 256160385, "osm_name": "", "height_m": 10.0, "min_height_m": 0.0}, "geometry": {"type": "Polygon", "coordinates": [[[103.6912247, 1.3390063], [103.6913214, 1.339082], [103.6914261, 1.3389484], [103.6913294, 1.3388727], [103.6912247, 1.3390063]]]}},
{"type": "Feature", "properties": {"osm_way": 256160397, "osm_name": "", "height_m": 10.0, "min_height_m": 0.0}, "geometry": {"type": "Polygon", "coordinates": [[[103.6924918, 1.3382128], [103.6924613, 1.3382695], [103.6926205, 1.3383539], [103.692651, 1.3382971], [103.6924918, 1.3382128]]]}},
{"type": "Feature", "properties": {"osm_way": 256160401, "osm_name": "", "height_m": 10.0, "min_height_m": 0.0}, "geometry": {"type": "Polygon", "coordinates": [[[103.6905293, 1.3391237], [103.6905688, 1.3390723], [103.6904097, 1.3389499], [103.6903693, 1.3390007], [103.6905293, 1.3391237]]]}},
{"type": "Feature", "properties": {"osm_way": 256160421, "osm_name": "", "height_m": 10.0, "min_height_m": 0.0}, "geometry": {"type": "Polygon", "coordinates": [[[103.6924613, 1.3382695], [103.6924307, 1.3383265], [103.6925901, 1.3384107], [103.6926205, 1.3383539], [103.6924613, 1.3382695]]]}},
{"type": "Feature", "properties": {"osm_way": 256160423, "osm_name": "", "height_m": 10.0, "min_height_m": 0.0}, "geometry": {"type": "Polygon", "coordinates": [[[103.6901849, 1.3388472], [103.690225, 1.3387969], [103.6900771, 1.3386818], [103.6900374, 1.3387335], [103.6901849, 1.3388472]]]}},
{"type": "Feature", "properties": {"osm_way": 256160433, "osm_name": "", "height_m": 10.0, "min_height_m": 0.0}, "geometry": {"type": "Polygon", "coordinates": [[[103.6924307, 1.3383265], [103.6924005, 1.3383829], [103.6925593, 1.338468], [103.6925901, 1.3384107], [103.6924307, 1.3383265]]]}},
{"type": "Feature", "properties": {"osm_way": 256160435, "osm_name": "", "height_m": 10.0, "min_height_m": 0.0}, "geometry": {"type": "Polygon", "coordinates": [[[103.690225, 1.3387969], [103.6902659, 1.3387453], [103.6901169, 1.3386299], [103.6900771, 1.3386818], [103.690225, 1.3387969]]]}},
{"type": "Feature", "properties": {"osm_way": 256160445, "osm_name": "", "height_m": 10.0, "min_height_m": 0.0}, "geometry": {"type": "Polygon", "coordinates": [[[103.6924005, 1.3383829], [103.69237, 1.3384397], [103.6925288, 1.3385249], [103.6925593, 1.338468], [103.6924005, 1.3383829]]]}},
{"type": "Feature", "properties": {"osm_way": 256160447, "osm_name": "", "height_m": 10.0, "min_height_m": 0.0}, "geometry": {"type": "Polygon", "coordinates": [[[103.6902659, 1.3387453], [103.6903044, 1.338697], [103.6901549, 1.3385803], [103.6901169, 1.3386299], [103.6902659, 1.3387453]]]}},
{"type": "Feature", "properties": {"osm_way": 256160456, "osm_name": "", "height_m": 10.0, "min_height_m": 0.0}, "geometry": {"type": "Polygon", "coordinates": [[[103.69237, 1.3384397], [103.6923394, 1.3384967], [103.6924984, 1.3385815], [103.6925288, 1.3385249], [103.69237, 1.3384397]]]}},
{"type": "Feature", "properties": {"osm_way": 256160458, "osm_name": "", "height_m": 10.0, "min_height_m": 0.0}, "geometry": {"type": "Polygon", "coordinates": [[[103.6903044, 1.338697], [103.6903475, 1.3386428], [103.6901978, 1.3385243], [103.6901549, 1.3385803], [103.6903044, 1.338697]]]}},
{"type": "Feature", "properties": {"osm_way": 256160469, "osm_name": "", "height_m": 10.0, "min_height_m": 0.0}, "geometry": {"type": "Polygon", "coordinates": [[[103.6919962, 1.3382053], [103.691944, 1.3381643], [103.6920606, 1.3380165], [103.6921126, 1.3380574], [103.6919962, 1.3382053]]]}},
{"type": "Feature", "properties": {"osm_way": 256160470, "osm_name": "", "height_m": 10.0, "min_height_m": 0.0}, "geometry": {"type": "Polygon", "coordinates": [[[103.6896095, 1.3381498], [103.6896495, 1.338099], [103.6897925, 1.3382099], [103.6897528, 1.3382613], [103.6896095, 1.3381498]]]}},
{"type": "Feature", "properties": {"osm_way": 256160471, "osm_name": "", "height_m": 10.0, "min_height_m": 0.0}, "geometry": {"type": "Polygon", "coordinates": [[[103.6917652, 1.3386568], [103.6917158, 1.3386188], [103.6915913, 1.3387815], [103.6916402, 1.3388198], [103.6917652, 1.3386568]]]}},
{"type": "Feature", "properties": {"osm_way": 256160475, "osm_name": "", "height_m": 10.0, "min_height_m": 0.0}, "geometry": {"type": "Polygon", "coordinates": [[[103.6923394, 1.3384967], [103.6923089, 1.3385536], [103.692468, 1.3386383], [103.6924984, 1.3385815], [103.6923394, 1.3384967]]]}},
{"type": "Feature", "properties": {"osm_way": 256160477, "osm_name": "", "height_m": 10.0, "min_height_m": 0.0}, "geometry": {"type": "Polygon", "coordinates": [[[103.6903475, 1.3386428], [103.690388, 1.338592], [103.6902361, 1.3384744], [103.6901978, 1.3385243], [103.6903475, 1.3386428]]]}},
{"type": "Feature", "properties": {"osm_way": 256160485, "osm_name": "", "height_m": 10.0, "min_height_m": 0.0}, "geometry": {"type": "Polygon", "coordinates": [[[103.6923089, 1.3385536], [103.6922783, 1.3386105], [103.6924376, 1.3386951], [103.692468, 1.3386383], [103.6923089, 1.3385536]]]}},
{"type": "Feature", "properties": {"osm_way": 256160487, "osm_name": "", "height_m": 10.0, "min_height_m": 0.0}, "geometry": {"type": "Polygon", "coordinates": [[[103.690388, 1.338592], [103.6904271, 1.3385427], [103.6902751, 1.3384236], [103.6902361, 1.3384744], [103.690388, 1.338592]]]}},
{"type": "Feature", "properties": {"osm_way": 256160495, "osm_name": "", "height_m": 10.0, "min_height_m": 0.0}, "geometry": {"type": "Polygon", "coordinates": [[[103.6922783, 1.3386105], [103.6922478, 1.3386674], [103.6924071, 1.3387519], [103.6924376, 1.3386951], [103.6922783, 1.3386105]]]}},
{"type": "Feature", "properties": {"osm_way": 256160497, "osm_name": "", "height_m": 10.0, "min_height_m": 0.0}, "geometry": {"type": "Polygon", "coordinates": [[[103.6904271, 1.3385427], [103.690469, 1.3384901], [103.6903159, 1.3383704], [103.6902751, 1.3384236], [103.6904271, 1.3385427]]]}},
{"type": "Feature", "properties": {"osm_way": 256160505, "osm_name": "", "height_m": 10.0, "min_height_m": 0.0}, "geometry": {"type": "Polygon", "coordinates": [[[103.6922478, 1.3386674], [103.6922172, 1.3387244], [103.6923766, 1.3388086], [103.6924071, 1.3387519], [103.6922478, 1.3386674]]]}},
{"type": "Feature", "properties": {"osm_way": 256160506, "osm_name": "", "height_m": 10.0, "min_height_m": 0.0}, "geometry": {"type": "Polygon", "coordinates": [[[103.690469, 1.3384901], [103.6905122, 1.3384358], [103.690358, 1.3383154], [103.6903159, 1.3383704], [103.690469, 1.3384901]]]}},
{"type": "Feature", "properties": {"osm_way": 256160513, "osm_name": "", "height_m": 10.0, "min_height_m": 0.0}, "geometry": {"type": "Polygon", "coordinates": [[[103.6922172, 1.3387244], [103.6921866, 1.3387813], [103.6923462, 1.3388653], [103.6923766, 1.3388086], [103.6922172, 1.3387244]]]}},
{"type": "Feature", "properties": {"osm_way": 256160514, "osm_name": "", "height_m": 10.0, "min_height_m": 0.0}, "geometry": {"type": "Polygon", "coordinates": [[[103.6905441, 1.3383957], [103.6905845, 1.3383449], [103.6904287, 1.3382232], [103.6903902, 1.3382734], [103.6905441, 1.3383957]]]}},
{"type": "Feature", "properties": {"osm_way": 256160535, "osm_name": "", "height_m": 10.0, "min_height_m": 0.0}, "geometry": {"type": "Polygon", "coordinates": [[[103.6917923, 1.3386035], [103.6917352, 1.3385581], [103.6918561, 1.3384062], [103.6919132, 1.3384516], [103.6917923, 1.3386035]]]}},
{"type": "Feature", "properties": {"osm_way": 256160536, "osm_name": "", "height_m": 10.0, "min_height_m": 0.0}, "geometry": {"type": "Polygon", "coordinates": [[[103.6901134, 1.3385396], [103.6901522, 1.3384885], [103.6899818, 1.3383598], [103.6899433, 1.3384112], [103.6901134, 1.3385396]]]}},
{"type": "Feature", "properties": {"osm_way": 256160537, "osm_name": "", "height_m": 10.0, "min_height_m": 0.0}, "geometry": {"type": "Polygon", "coordinates": [[[103.6913281, 1.3392542], [103.6913677, 1.3392037], [103.6912037, 1.3390739], [103.6911637, 1.3391248], [103.6913281, 1.3392542]]]}},
{"type": "Feature", "properties": {"osm_way": 256160540, "osm_name": "", "height_m": 10.0, "min_height_m": 0.0}, "geometry": {"type": "Polygon", "coordinates": [[[103.6921636, 1.3388242], [103.6921321, 1.3388828], [103.6922921, 1.3389662], [103.6923236, 1.3389074], [103.6921636, 1.3388242]]]}},
{"type": "Feature", "properties": {"osm_way": 256160541, "osm_name": "", "height_m": 10.0, "min_height_m": 0.0}, "geometry": {"type": "Polygon", "coordinates": [[[103.6905845, 1.3383449], [103.6906267, 1.3382919], [103.6904713, 1.3381677], [103.6904287, 1.3382232], [103.6905845, 1.3383449]]]}},
{"type": "Feature", "properties": {"osm_way": 256160546, "osm_name": "", "height_m": 10.0, "min_height_m": 0.0}, "geometry": {"type": "Polygon", "coordinates": [[[103.6921321, 1.3388828], [103.6921022, 1.3389385], [103.6922611, 1.3390241], [103.6922921, 1.3389662], [103.6921321, 1.3388828]]]}},
{"type": "Feature", "properties": {"osm_way": 256160551, "osm_name": "", "height_m": 10.0, "min_height_m": 0.0}, "geometry": {"type": "Polygon", "coordinates": [[[103.6921022, 1.3389385], [103.6920711, 1.3389964], [103.6922317, 1.3390789], [103.6922611, 1.3390241], [103.6921022, 1.3389385]]]}},
{"type": "Feature", "properties": {"osm_way": 256160558, "osm_name": "", "height_m": 10.0, "min_height_m": 0.0}, "geometry": {"type": "Polygon", "coordinates": [[[103.6920711, 1.3389964], [103.6920407, 1.3390531], [103.6921999, 1.3391382], [103.6922317, 1.3390789], [103.6920711, 1.3389964]]]}},
{"type": "Feature", "properties": {"osm_way": 256160563, "osm_name": "", "height_m": 10.0, "min_height_m": 0.0}, "geometry": {"type": "Polygon", "coordinates": [[[103.6920407, 1.3390531], [103.6920093, 1.3391116], [103.6921685, 1.3391967], [103.6921999, 1.3391382], [103.6920407, 1.3390531]]]}},
{"type": "Feature", "properties": {"osm_way": 256160571, "osm_name": "", "height_m": 10.0, "min_height_m": 0.0}, "geometry": {"type": "Polygon", "coordinates": [[[103.691944, 1.3381643], [103.6918919, 1.3381233], [103.6920087, 1.3379756], [103.6920606, 1.3380165], [103.691944, 1.3381643]]]}},
{"type": "Feature", "properties": {"osm_way": 256160572, "osm_name": "", "height_m": 10.0, "min_height_m": 0.0}, "geometry": {"type": "Polygon", "coordinates": [[[103.6896495, 1.338099], [103.6896891, 1.3380485], [103.6898317, 1.338159], [103.6897925, 1.3382099], [103.6896495, 1.338099]]]}},
{"type": "Feature", "properties": {"osm_way": 256160573, "osm_name": "", "height_m": 10.0, "min_height_m": 0.0}, "geometry": {"type": "Polygon", "coordinates": [[[103.6917158, 1.3386188], [103.6916617, 1.3385773], [103.6915375, 1.3387394], [103.6915913, 1.3387815], [103.6917158, 1.3386188]]]}},
{"type": "Feature", "properties": {"osm_way": 256160576, "osm_name": "", "height_m": 10.0, "min_height_m": 0.0}, "geometry": {"type": "Polygon", "coordinates": [[[103.6920093, 1.3391116], [103.6919779, 1.3391701], [103.6921371, 1.3392553], [103.6921685, 1.3391967], [103.6920093, 1.3391116]]]}},
{"type": "Feature", "properties": {"osm_way": 256160577, "osm_name": "UWJ62M", "height_m": 7.0, "min_height_m": 0.0}, "geometry": {"type": "Polygon", "coordinates": [[[103.6863607, 1.3395483], [103.6864018, 1.3398738], [103.6864331, 1.3401217], [103.6864407, 1.3401809], [103.6864454, 1.3402189], [103.6867089, 1.3401856], [103.6866238, 1.3395118], [103.6865208, 1.3395248], [103.6865237, 1.3395481], [103.6864657, 1.3395554], [103.6864631, 1.3395354], [103.6864269, 1.33954], [103.6863607, 1.3395483]]]}},
{"type": "Feature", "properties": {"osm_way": 256160584, "osm_name": "", "height_m": 10.0, "min_height_m": 0.0}, "geometry": {"type": "Polygon", "coordinates": [[[103.6919779, 1.3391701], [103.6919465, 1.3392286], [103.6921057, 1.3393138], [103.6921371, 1.3392553], [103.6919779, 1.3391701]]]}},
{"type": "Feature", "properties": {"osm_way": 256160587, "osm_name": "", "height_m": 14.0, "min_height_m": 0.0}, "geometry": {"type": "Polygon", "coordinates": [[[103.6882383, 1.3425256], [103.6882539, 1.3426601], [103.6882901, 1.3426558], [103.6882923, 1.3426746], [103.6882567, 1.3426788], [103.6882731, 1.3428203], [103.6883873, 1.342807], [103.688384, 1.342779], [103.6883983, 1.3427773], [103.6883709, 1.3425426], [103.6883547, 1.3425445], [103.688351, 1.3425125], [103.6882383, 1.3425256]]]}},
{"type": "Feature", "properties": {"osm_way": 256160588, "osm_name": "", "height_m": 14.0, "min_height_m": 0.0}, "geometry": {"type": "Polygon", "coordinates": [[[103.6900144, 1.3423047], [103.6900173, 1.3423322], [103.6899994, 1.3423341], [103.6900261, 1.3425818], [103.6900466, 1.3425796], [103.6900489, 1.3426006], [103.6901527, 1.3425895], [103.6901208, 1.3422932], [103.6900144, 1.3423047]]]}},
{"type": "Feature", "properties": {"osm_way": 256160591, "osm_name": "", "height_m": 10.0, "min_height_m": 0.0}, "geometry": {"type": "Polygon", "coordinates": [[[103.6919465, 1.3392286], [103.691915, 1.3392873], [103.6920743, 1.3393724], [103.6921057, 1.3393138], [103.6919465, 1.3392286]]]}},
{"type": "Feature", "properties": {"osm_way": 256160596, "osm_name": "", "height_m": 10.0, "min_height_m": 0.0}, "geometry": {"type": "Polygon", "coordinates": [[[103.691915, 1.3392873], [103.6918861, 1.3393411], [103.6920455, 1.339426], [103.6920743, 1.3393724], [103.691915, 1.3392873]]]}},
{"type": "Feature", "properties": {"osm_way": 256160597, "osm_name": "", "height_m": 10.0, "min_height_m": 0.0}, "geometry": {"type": "Polygon", "coordinates": [[[103.6921093, 1.341403], [103.6920916, 1.3414257], [103.6920712, 1.3414098], [103.6920413, 1.3414481], [103.6920687, 1.3414685], [103.6920163, 1.341537], [103.6919489, 1.3414846], [103.6919416, 1.3414927], [103.6918987, 1.3415492], [103.6918897, 1.3415606], [103.6920263, 1.341667], [103.6920728, 1.3416073], [103.6921005, 1.341629], [103.6921193, 1.341605], [103.6920908, 1.3415827], [103.6921378, 1.3415213], [103.692152, 1.3415326], [103.6922785, 1.3413708], [103.6922012, 1.3413104], [103.6921856, 1.3413305], [103.6920321, 1.3412105], [103.6920562, 1.3411797], [103.6920322, 1.341161], [103.6920076, 1.3411925], [103.6919458, 1.3411443], [103.6918392, 1.3412811], [103.6919163, 1.3413411], [103.6919507, 1.341297], [103.6920557, 1.341379], [103.6920644, 1.3413679], [103.6921093, 1.341403]]]}},
{"type": "Feature", "properties": {"osm_way": 256160598, "osm_name": "", "height_m": 31.5, "min_height_m": 0.0}, "geometry": {"type": "Polygon", "coordinates": [[[103.6924105, 1.3414823], [103.6924524, 1.3414272], [103.6924698, 1.3414404], [103.6925407, 1.3413473], [103.6925866, 1.3413823], [103.6926396, 1.3413127], [103.6924954, 1.3412028], [103.6924512, 1.3412607], [103.6924303, 1.3412438], [103.6924132, 1.3412649], [103.6924348, 1.3412823], [103.6923713, 1.3413656], [103.6923304, 1.3414193], [103.6923037, 1.3414544], [103.6922634, 1.3415072], [103.6923449, 1.3415692], [103.6923526, 1.3415591], [103.6924436, 1.3416248], [103.6924863, 1.3416584], [103.6925048, 1.3416751], [103.6924818, 1.3417038], [103.6925033, 1.3417209], [103.6925266, 1.3416917], [103.6926043, 1.3417511], [103.6926745, 1.3416608], [103.6924757, 1.3415081], [103.6924642, 1.3415232], [103.6924105, 1.3414823]]]}},
{"type": "Feature", "properties": {"osm_way": 256160599, "osm_name": "", "height_m": 10.0, "min_height_m": 0.0}, "geometry": {"type": "Polygon", "coordinates": [[[103.6929847, 1.3416847], [103.6930571, 1.341741], [103.6930303, 1.3417754], [103.6930508, 1.3417913], [103.6930405, 1.3418045], [103.6931098, 1.3418584], [103.693214, 1.3417243], [103.6931438, 1.3416698], [103.6929641, 1.3415301], [103.6929146, 1.3415938], [103.6928841, 1.3415701], [103.6928679, 1.3415909], [103.6928984, 1.3416146], [103.6928249, 1.3417091], [103.6928551, 1.3417327], [103.6928113, 1.341789], [103.6927605, 1.3417495], [103.6927711, 1.3417359], [103.6926745, 1.3416608], [103.6926043, 1.3417511], [103.6927006, 1.3418259], [103.6926974, 1.3418299], [103.6928286, 1.341932], [103.692891, 1.3418518], [103.6928683, 1.3418342], [103.6929847, 1.3416847]]]}},
{"type": "Feature", "properties": {"osm_way": 256160603, "osm_name": "", "height_m": 10.0, "min_height_m": 0.0}, "geometry": {"type": "Polygon", "coordinates": [[[103.6918861, 1.3393411], [103.6918519, 1.3394049], [103.6920117, 1.339489], [103.6920455, 1.339426], [103.6918861, 1.3393411]]]}},
{"type": "Feature", "properties": {"osm_way": 256160613, "osm_name": "Nanyang Community Club", "height_m": 10.0, "min_height_m": 0.0}, "geometry": {"type": "Polygon", "coordinates": [[[103.69241, 1.3421133], [103.6923657, 1.3421695], [103.6923093, 1.3422433], [103.692361, 1.3422829], [103.6923718, 1.3422688], [103.6923976, 1.3422896], [103.692409, 1.3422751], [103.6924468, 1.3422272], [103.6924785, 1.3422521], [103.6923882, 1.3423656], [103.6923765, 1.3423565], [103.6923973, 1.3423288], [103.6923985, 1.3423227], [103.692397, 1.3423169], [103.6923948, 1.342312], [103.6923906, 1.3423076], [103.6923861, 1.3423049], [103.6923796, 1.3423032], [103.6923729, 1.3423025], [103.6923674, 1.3423041], [103.6923447, 1.3423299], [103.6922804, 1.342279], [103.6922167, 1.3423622], [103.6922056, 1.3423765], [103.6921964, 1.3423883], [103.6921929, 1.3423929], [103.692116, 1.3424918], [103.6922486, 1.3425868], [103.6922332, 1.3426074], [103.6923212, 1.342676], [103.6923341, 1.3426611], [103.6923612, 1.3426665], [103.6923786, 1.3426699], [103.6923804, 1.3426933], [103.6924007, 1.3426917], [103.6924034, 1.3427265], [103.692428, 1.3427392], [103.6924524, 1.3427197], [103.6924501, 1.3426823], [103.692464, 1.3426814], [103.6924613, 1.3426361], [103.692467, 1.34263], [103.692468, 1.3426291], [103.6924838, 1.3426434], [103.6925098, 1.3426326], [103.6925341, 1.3426179], [103.6925592, 1.3425992], [103.6925818, 1.3425773], [103.6925984, 1.3425589], [103.6926118, 1.342538], [103.6926242, 1.3425139], [103.6926351, 1.3424898], [103.6926298, 1.3424853], [103.692641, 1.3424542], [103.6926448, 1.3424387], [103.6926802, 1.3424351], [103.6927104, 1.3424321], [103.6927518, 1.3423789], [103.6927419, 1.3423712], [103.6927316, 1.3423633], [103.6926511, 1.3423045], [103.6925198, 1.3422001], [103.69241, 1.3421133]]]}},
{"type": "Feature", "properties": {"osm_way": 256160621, "osm_name": "Yunnan Garden", "height_m": 10.0, "min_height_m": 0.0}, "geometry": {"type": "Polygon", "coordinates": [[[103.6927134, 1.3380652], [103.6928059, 1.3378884], [103.6927344, 1.3378511], [103.692642, 1.3380279], [103.6927134, 1.3380652]]]}},
{"type": "Feature", "properties": {"osm_way": 256160626, "osm_name": "", "height_m": 3.5, "min_height_m": 0.0}, "geometry": {"type": "Polygon", "coordinates": [[[103.6928829, 1.3386458], [103.6926791, 1.3385337], [103.6926172, 1.3386547], [103.6928148, 1.3387628], [103.6928829, 1.3386458]]]}},
{"type": "Feature", "properties": {"osm_way": 256160627, "osm_name": "", "height_m": 10.0, "min_height_m": 0.0}, "geometry": {"type": "Polygon", "coordinates": [[[103.6927568, 1.3389429], [103.6928401, 1.3388851], [103.6928045, 1.3388326], [103.692722, 1.3388911], [103.6927568, 1.3389429]]]}},
{"type": "Feature", "properties": {"osm_way": 256160630, "osm_name": "StarMart", "height_m": 3.5, "min_height_m": 0.0}, "geometry": {"type": "Polygon", "coordinates": [[[103.6926154, 1.3387248], [103.6925613, 1.3388242], [103.6926918, 1.3388963], [103.6927474, 1.3387983], [103.6927101, 1.3387779], [103.6927376, 1.3387272], [103.6926589, 1.3386842], [103.6926312, 1.3387344], [103.6926154, 1.3387248]]]}},
{"type": "Feature", "properties": {"osm_way": 295766738, "osm_name": "", "height_m": 10.0, "min_height_m": 0.0}, "geometry": {"type": "Polygon", "coordinates": [[[103.6849695, 1.3464946], [103.6853877, 1.3466662], [103.6853324, 1.3467925], [103.6852247, 1.3467523], [103.6852448, 1.346704], [103.6852, 1.3466871], [103.6851772, 1.3467354], [103.6850821, 1.3466951], [103.6851016, 1.3466496], [103.6850542, 1.3466297], [103.685032, 1.3466777], [103.6849478, 1.3466427], [103.6849662, 1.3466007], [103.6849264, 1.3465824], [103.6849695, 1.3464946]]]}},
{"type": "Feature", "properties": {"osm_way": 322643975, "osm_name": "Maple Residences", "height_m": 17.5, "min_height_m": 0.0}, "geometry": {"type": "Polygon", "coordinates": [[[103.6813569, 1.3404215], [103.6814619, 1.340447], [103.6814605, 1.3404508], [103.6814852, 1.3404565], [103.6814874, 1.3404522], [103.6819163, 1.3405581], [103.6819161, 1.3405617], [103.6819393, 1.3405679], [103.6819414, 1.3405643], [103.6820593, 1.3405933], [103.682127, 1.3403028], [103.6821226, 1.340301], [103.6821266, 1.3402863], [103.6820072, 1.3402579], [103.6820046, 1.3402693], [103.6819833, 1.3402641], [103.6819819, 1.3402672], [103.6815577, 1.3401638], [103.6815582, 1.34016], [103.6815313, 1.3401534], [103.6815299, 1.3401571], [103.6814258, 1.3401317], [103.6813569, 1.3404215]]]}},
{"type": "Feature", "properties": {"osm_way": 328564191, "osm_name": "", "height_m": 10.0, "min_height_m": 0.0}, "geometry": {"type": "Polygon", "coordinates": [[[103.6911281, 1.3457231], [103.6912427, 1.3457108], [103.6912243, 1.3455405], [103.6911097, 1.3455528], [103.6911281, 1.3457231]]]}},
{"type": "Feature", "properties": {"osm_way": 328564192, "osm_name": "", "height_m": 10.0, "min_height_m": 0.0}, "geometry": {"type": "Polygon", "coordinates": [[[103.691259, 1.3457552], [103.6914246, 1.3457379], [103.6914079, 1.3455674], [103.6913961, 1.3454466], [103.6912262, 1.3454651], [103.691259, 1.3457552]]]}},
{"type": "Feature", "properties": {"osm_way": 328564244, "osm_name": "", "height_m": 10.0, "min_height_m": 0.0}, "geometry": {"type": "Polygon", "coordinates": [[[103.6914636, 1.3456381], [103.6915369, 1.3456313], [103.6915273, 1.3455268], [103.691454, 1.3455336], [103.6914636, 1.3456381]]]}},
{"type": "Feature", "properties": {"osm_way": 335717765, "osm_name": "", "height_m": 10.0, "min_height_m": 0.0}, "geometry": {"type": "Polygon", "coordinates": [[[103.6911925, 1.3459812], [103.6913191, 1.3458703], [103.69151, 1.3460882], [103.6913834, 1.346199], [103.6911925, 1.3459812]]]}},
{"type": "Feature", "properties": {"osm_way": 368766322, "osm_name": "Block 44", "height_m": 14.0, "min_height_m": 0.0}, "geometry": {"type": "Polygon", "coordinates": [[[103.685546, 1.3516668], [103.6855969, 1.3516692], [103.6856104, 1.35116], [103.685513, 1.3511582], [103.6855052, 1.351599], [103.6853978, 1.3516349], [103.6853771, 1.3515722], [103.6854096, 1.3515625], [103.6853942, 1.3515246], [103.6853632, 1.3515343], [103.6853566, 1.3515138], [103.6852748, 1.3515389], [103.6853147, 1.3516536], [103.6852989, 1.3516589], [103.6853223, 1.3517288], [103.6853344, 1.3517248], [103.6853868, 1.3518823], [103.685466, 1.3518595], [103.6854208, 1.3517032], [103.685546, 1.3516668]]]}},
{"type": "Feature", "properties": {"osm_way": 368769216, "osm_name": "Common block", "height_m": 10.0, "min_height_m": 0.0}, "geometry": {"type": "Polygon", "coordinates": [[[103.6851887, 1.3511137], [103.6852536, 1.3510762], [103.685316, 1.3510401], [103.6853694, 1.3510091], [103.685152, 1.3506337], [103.685002, 1.3507205], [103.6849762, 1.3506758], [103.6849051, 1.3507169], [103.68506, 1.3509844], [103.6851003, 1.3509611], [103.6851438, 1.3510381], [103.6851887, 1.3511137]]]}},
{"type": "Feature", "properties": {"osm_way": 368769217, "osm_name": "Block 45", "height_m": 10.0, "min_height_m": 0.0}, "geometry": {"type": "Polygon", "coordinates": [[[103.6852373, 1.3518952], [103.6851743, 1.3518186], [103.6848348, 1.3521093], [103.6847409, 1.3520521], [103.6848025, 1.351939], [103.6847319, 1.3518974], [103.6845499, 1.3522091], [103.6846212, 1.352252], [103.6846979, 1.3521238], [103.6848198, 1.3521926], [103.684853, 1.3522296], [103.6852373, 1.3518952]]]}},
{"type": "Feature", "properties": {"osm_way": 368769218, "osm_name": "", "height_m": 10.0, "min_height_m": 0.0}, "geometry": {"type": "Polygon", "coordinates": [[[103.6852845, 1.3511296], [103.685347, 1.3510935], [103.685316, 1.3510401], [103.6852536, 1.3510762], [103.6852845, 1.3511296]]]}},
{"type": "Feature", "properties": {"osm_way": 389084379, "osm_name": "LT19A", "height_m": 10.0, "min_height_m": 0.0}, "geometry": {"type": "Polygon", "coordinates": [[[103.6805599, 1.3463297], [103.680368, 1.3463314], [103.6803621, 1.3460014], [103.680554, 1.3459998], [103.6805599, 1.3463297]]]}},
{"type": "Feature", "properties": {"osm_way": 389084380, "osm_name": "The Hive", "building": "Hive"}, "geometry": {"type": "Polygon", "coordinates": [[[103.6826928, 1.3434778], [103.6826727, 1.3434738], [103.6826579, 1.3434657], [103.6826465, 1.3434537], [103.6826405, 1.3434402], [103.6826392, 1.3434242], [103.6826445, 1.3434054], [103.6826586, 1.3433759], [103.6826814, 1.3433484], [103.6826804, 1.3433437], [103.6826744, 1.3433424], [103.6826439, 1.3433739], [103.6826291, 1.3433806], [103.6826097, 1.3433806], [103.6825936, 1.3433752], [103.6825795, 1.3433665], [103.6825674, 1.3433497], [103.6825594, 1.3433256], [103.68256, 1.3433048], [103.6825728, 1.3432613], [103.6825493, 1.3432787], [103.6825305, 1.3432854], [103.6825144, 1.3432854], [103.682495, 1.343278], [103.6824755, 1.3432633], [103.6824695, 1.3432465], [103.6824722, 1.3432331], [103.6824822, 1.3432224], [103.682499, 1.343215], [103.6825292, 1.343211], [103.6825372, 1.343207], [103.6825379, 1.3431942], [103.6825325, 1.3431868], [103.6825238, 1.3431868], [103.6825151, 1.3431935], [103.6824936, 1.3432009], [103.6824554, 1.3431996], [103.6824393, 1.3431912], [103.6824279, 1.3431751], [103.6824256, 1.3431587], [103.6824316, 1.3431429], [103.682442, 1.3431319], [103.6824601, 1.3431238], [103.6824779, 1.3431228], [103.6824977, 1.3431265], [103.6825272, 1.3431446], [103.6825376, 1.3431506], [103.6825443, 1.3431476], [103.6825443, 1.3431386], [103.6825386, 1.3431299], [103.6825376, 1.3431228], [103.6825426, 1.3431124], [103.6825499, 1.3431078], [103.6825586, 1.343107], [103.6825674, 1.3431101], [103.6825262, 1.3430343], [103.6825235, 1.3430206], [103.6825272, 1.3430092], [103.6825386, 1.3430025], [103.6825517, 1.3430042], [103.6825677, 1.3430146], [103.6825654, 1.3430018], [103.6825664, 1.3429881], [103.6825755, 1.3429774], [103.6825899, 1.342971], [103.6826073, 1.342972], [103.6826231, 1.3429784], [103.6826485, 1.3430038], [103.6826566, 1.3430226], [103.6826616, 1.3430534], [103.6826623, 1.3430796], [103.682665, 1.3430893], [103.682671, 1.343097], [103.6826821, 1.343099], [103.6826938, 1.3430957], [103.6826978, 1.343087], [103.6826948, 1.3430772], [103.6826804, 1.3430588], [103.6826774, 1.3430424], [103.6826824, 1.3430276], [103.6826911, 1.3430166], [103.6827022, 1.3430122], [103.6827176, 1.3430115], [103.6827314, 1.3430199], [103.6827387, 1.3430313], [103.6827407, 1.3430454], [103.6827397, 1.3430588], [103.6827374, 1.3430699], [103.6827407, 1.3430809], [103.6827471, 1.3430849], [103.6827542, 1.3430829], [103.6827578, 1.3430769], [103.6827602, 1.3430665], [103.6827656, 1.3430514], [103.682777, 1.343038], [103.6827934, 1.3430327], [103.6828108, 1.3430374], [103.6828215, 1.3430441], [103.6828259, 1.3430548], [103.6828269, 1.3430679], [103.6828182, 1.3430843], [103.6828028, 1.343102], [103.682784, 1.3431191], [103.682778, 1.3431258], [103.6827766, 1.3431325], [103.682779, 1.3431386], [103.682784, 1.3431409], [103.682789, 1.3431396], [103.6827944, 1.3431346], [103.6827981, 1.3431265], [103.6828075, 1.3431044], [103.6828209, 1.3430853], [103.6828329, 1.3430752], [103.6828464, 1.3430702], [103.6828601, 1.3430712], [103.6828685, 1.3430782], [103.6828715, 1.343092], [103.6828671, 1.3431104], [103.6828236, 1.3431714], [103.682834, 1.3431681], [103.6828417, 1.3431661], [103.6828504, 1.3431664], [103.6828574, 1.3431721], [103.6828611, 1.3431822], [103.6828578, 1.3431915], [103.6828561, 1.3431989], [103.6828617, 1.343202], [103.6829111, 1.3431805], [103.6829376, 1.3431734], [103.6829614, 1.3431708], [103.6829825, 1.3431734], [103.6830039, 1.3431895], [103.683014, 1.3432143], [103.6830019, 1.3432344], [103.6829697, 1.3432505], [103.6829302, 1.3432485], [103.6828695, 1.343239], [103.6828625, 1.3432405], [103.6828603, 1.3432438], [103.6828618, 1.3432472], [103.6828732, 1.3432539], [103.6828785, 1.3432666], [103.6828779, 1.3432753], [103.6828705, 1.3432867], [103.6828584, 1.3432941], [103.6829027, 1.3433196], [103.6829215, 1.3433337], [103.6829302, 1.3433491], [103.6829268, 1.3433632], [103.6829168, 1.3433705], [103.6829013, 1.3433725], [103.6829121, 1.343388], [103.6829107, 1.3434094], [103.682904, 1.3434282], [103.6828926, 1.3434389], [103.6828806, 1.3434456], [103.6828618, 1.3434436], [103.6828397, 1.3434329], [103.6828135, 1.3434], [103.6828034, 1.343392], [103.6827941, 1.343394], [103.6827887, 1.3434054], [103.6827934, 1.3434201], [103.6828142, 1.3434335], [103.6828222, 1.3434469], [103.6828242, 1.3434664], [103.6828135, 1.3434899], [103.6827954, 1.3434952], [103.6827813, 1.3434959], [103.6827659, 1.3434899], [103.6827511, 1.3434718], [103.6827485, 1.3434583], [103.6827464, 1.3434309], [103.6827451, 1.3434228], [103.6827409, 1.3434201], [103.6827359, 1.3434235], [103.6827349, 1.3434319], [103.6827327, 1.3434583], [103.6827257, 1.3434704], [103.6827099, 1.3434778], [103.6826928, 1.3434778]]]}},
{"type": "Feature", "properties": {"osm_way": 405664349, "osm_name": "Lee Kong Chian School of Medicine (Yunan Campus)", "height_m": 10.0, "min_height_m": 0.0}, "geometry": {"type": "Polygon", "coordinates": [[[103.6782225, 1.3448379], [103.6782685, 1.344717], [103.6782522, 1.3447108], [103.6783018, 1.3445807], [103.6783512, 1.3445995], [103.6783753, 1.3445362], [103.678314, 1.3445129], [103.6784149, 1.3442477], [103.6784645, 1.3442666], [103.6784754, 1.344238], [103.6784006, 1.3442095], [103.6784958, 1.3439594], [103.6785772, 1.3439904], [103.6786096, 1.3438924], [103.6788117, 1.3439728], [103.678546, 1.3446975], [103.6784508, 1.3449247], [103.6783147, 1.344873], [103.6782225, 1.3448379]]]}},
{"type": "Feature", "properties": {"osm_way": 407413183, "osm_name": "", "height_m": 10.0, "min_height_m": 0.0}, "geometry": {"type": "Polygon", "coordinates": [[[103.677446, 1.348182], [103.6774379, 1.3482297], [103.6775107, 1.3482472], [103.6775156, 1.3482004], [103.677446, 1.348182]]]}},
{"type": "Feature", "properties": {"osm_way": 407413184, "osm_name": "", "height_m": 10.0, "min_height_m": 0.0}, "geometry": {"type": "Polygon", "coordinates": [[[103.6774014, 1.349078], [103.6774015, 1.3490504], [103.6773344, 1.3490492], [103.6773332, 1.3490819], [103.6774014, 1.349078]]]}},
{"type": "Feature", "properties": {"osm_way": 407413186, "osm_name": "BLK 1 (Administration)", "height_m": 10.0, "min_height_m": 0.0}, "geometry": {"type": "Polygon", "coordinates": [[[103.680481, 1.3495238], [103.6804807, 1.3492069], [103.6804806, 1.3491309], [103.6804812, 1.3489286], [103.6804801, 1.3488539], [103.6804763, 1.3486374], [103.6807673, 1.3487303], [103.6807576, 1.3491551], [103.6807668, 1.3494921], [103.6807048, 1.3494926], [103.6807038, 1.3494999], [103.6806046, 1.3494994], [103.6806038, 1.3495249], [103.680481, 1.3495238]]]}},
{"type": "Feature", "properties": {"osm_way": 407413187, "osm_name": "", "height_m": 10.0, "min_height_m": 0.0}, "geometry": {"type": "Polygon", "coordinates": [[[103.680404, 1.3491949], [103.6804807, 1.3492069], [103.6804806, 1.3491309], [103.6804046, 1.3491205], [103.680404, 1.3491949]]]}},
{"type": "Feature", "properties": {"osm_way": 407413188, "osm_name": "", "height_m": 10.0, "min_height_m": 0.0}, "geometry": {"type": "Polygon", "coordinates": [[[103.6804812, 1.3489286], [103.6803371, 1.348877], [103.6803559, 1.3488119], [103.6804801, 1.3488539], [103.6804812, 1.3489286]]]}},
{"type": "Feature", "properties": {"osm_way": 407413203, "osm_name": "Student Hub", "height_m": 10.0, "min_height_m": 0.0}, "geometry": {"type": "Polygon", "coordinates": [[[103.6780883, 1.3486948], [103.6782648, 1.3485923], [103.678162, 1.3484205], [103.6779878, 1.3485146], [103.6780883, 1.3486948]]]}},
{"type": "Feature", "properties": {"osm_way": 407413566, "osm_name": "BLK 7A (Lab Block)", "height_m": 10.0, "min_height_m": 0.0}, "geometry": {"type": "Polygon", "coordinates": [[[103.6789199, 1.3499749], [103.6792227, 1.3499747], [103.6792223, 1.3495791], [103.6789196, 1.3495794], [103.6789199, 1.3499749]]]}},
{"type": "Feature", "properties": {"osm_way": 416669700, "osm_name": "", "height_m": 10.0, "min_height_m": 0.0}, "geometry": {"type": "Polygon", "coordinates": [[[103.6832385, 1.3477517], [103.6832935, 1.3477506], [103.6832927, 1.3477125], [103.6834492, 1.3477094], [103.6834502, 1.3477614], [103.6834056, 1.3477623], [103.6834065, 1.3478055], [103.6833191, 1.3478072], [103.6833197, 1.3478376], [103.6832403, 1.3478392], [103.6832385, 1.3477517]]]}},
{"type": "Feature", "properties": {"osm_way": 416669725, "osm_name": "", "height_m": 10.0, "min_height_m": 0.0}, "geometry": {"type": "Polygon", "coordinates": [[[103.6834778, 1.3479371], [103.683271, 1.3479456], [103.6832749, 1.3480399], [103.6834817, 1.3480315], [103.6834778, 1.3479371]]]}},
{"type": "Feature", "properties": {"osm_way": 416673855, "osm_name": "Blk 11", "height_m": 10.0, "min_height_m": 0.0}, "geometry": {"type": "Polygon", "coordinates": [[[103.6839209, 1.3478173], [103.6838285, 1.3478163], [103.683822, 1.3484087], [103.6839147, 1.3484098], [103.6839175, 1.3481516], [103.6839329, 1.3481518], [103.6839335, 1.3480915], [103.6839178, 1.3480913], [103.6839209, 1.3478173]]]}},
{"type": "Feature", "properties": {"osm_way": 416673856, "osm_name": "Blk 6", "height_m": 10.0, "min_height_m": 0.0}, "geometry": {"type": "Polygon", "coordinates": [[[103.6839676, 1.3478098], [103.6840387, 1.347815], [103.6840645, 1.3472101], [103.6839926, 1.3472063], [103.6839676, 1.3478098]]]}},
{"type": "Feature", "properties": {"osm_way": 416673857, "osm_name": "Blk 5", "height_m": 10.0, "min_height_m": 0.0}, "geometry": {"type": "Polygon", "coordinates": [[[103.6842159, 1.3473842], [103.6842868, 1.3473966], [103.6842372, 1.3479685], [103.6841612, 1.3479609], [103.6842159, 1.3473842]]]}},
{"type": "Feature", "properties": {"osm_way": 416675155, "osm_name": "Blk 10", "height_m": 10.0, "min_height_m": 0.0}, "geometry": {"type": "Polygon", "coordinates": [[[103.6840915, 1.3479652], [103.6840105, 1.3479649], [103.6840082, 1.3485785], [103.6840888, 1.3485788], [103.6840898, 1.3483051], [103.684105, 1.3483051], [103.6841053, 1.3482418], [103.6840904, 1.3482418], [103.6840909, 1.3481176], [103.6840915, 1.3479652]]]}},
{"type": "Feature", "properties": {"osm_way": 416675156, "osm_name": "Blk 9", "height_m": 10.0, "min_height_m": 0.0}, "geometry": {"type": "Polygon", "coordinates": [[[103.68428, 1.3481117], [103.6841959, 1.3481103], [103.6841858, 1.3487297], [103.6842676, 1.3487282], [103.6842776, 1.348258], [103.68428, 1.3481117]]]}},
{"type": "Feature", "properties": {"osm_way": 422889675, "osm_name": "", "height_m": 10.0, "min_height_m": 0.0}, "geometry": {"type": "Polygon", "coordinates": [[[103.6854946, 1.3527775], [103.6855767, 1.3527089], [103.6856826, 1.3528351], [103.6856006, 1.3529037], [103.6854946, 1.3527775]]]}},
{"type": "Feature", "properties": {"osm_way": 428426534, "osm_name": "", "height_m": 10.0, "min_height_m": 0.0}, "geometry": {"type": "Polygon", "coordinates": [[[103.6879489, 1.349855], [103.6881696, 1.3497902], [103.688132, 1.3496623], [103.6879113, 1.3497271], [103.6879489, 1.349855]]]}},
{"type": "Feature", "properties": {"osm_way": 432723956, "osm_name": "", "height_m": 10.0, "min_height_m": 0.0}, "geometry": {"type": "Polygon", "coordinates": [[[103.6870033, 1.3494584], [103.6870913, 1.349501], [103.6871305, 1.34942], [103.6870425, 1.3493774], [103.6870033, 1.3494584]]]}},
{"type": "Feature", "properties": {"osm_way": 432725807, "osm_name": "", "height_m": 10.0, "min_height_m": 0.0}, "geometry": {"type": "Polygon", "coordinates": [[[103.6871518, 1.3475362], [103.6871939, 1.3475591], [103.687243, 1.3475299], [103.6872487, 1.3474759], [103.6872016, 1.3474477], [103.6871533, 1.3474749], [103.6871518, 1.3475362]]]}},
{"type": "Feature", "properties": {"osm_way": 432725808, "osm_name": "", "height_m": 10.0, "min_height_m": 0.0}, "geometry": {"type": "Polygon", "coordinates": [[[103.687101, 1.3477124], [103.6871554, 1.3477453], [103.6872111, 1.3477146], [103.6872124, 1.347651], [103.6871579, 1.3476181], [103.6871022, 1.3476489], [103.687101, 1.3477124]]]}},
{"type": "Feature", "properties": {"osm_way": 432823866, "osm_name": "", "height_m": 10.0, "min_height_m": 0.0}, "geometry": {"type": "Polygon", "coordinates": [[[103.6870133, 1.3479777], [103.6870976, 1.3479366], [103.6870966, 1.3478396], [103.6870195, 1.3477806], [103.6869338, 1.3478301], [103.6869276, 1.3479237], [103.6870133, 1.3479777]]]}},
{"type": "Feature", "properties": {"osm_way": 433828842, "osm_name": "Block 17", "height_m": 10.0, "min_height_m": 0.0}, "geometry": {"type": "Polygon", "coordinates": [[[103.6871834, 1.3461573], [103.6872339, 1.3461968], [103.6876132, 1.3457811], [103.6875731, 1.3457386], [103.6871834, 1.3461573]]]}},
{"type": "Feature", "properties": {"osm_way": 433828843, "osm_name": "Block 15", "height_m": 10.0, "min_height_m": 0.0}, "geometry": {"type": "Polygon", "coordinates": [[[103.6873189, 1.345567], [103.6872801, 1.3455395], [103.6872675, 1.3455574], [103.6872595, 1.3455512], [103.6871077, 1.3457818], [103.6870986, 1.3457753], [103.6870764, 1.345808], [103.6870865, 1.3458132], [103.6869387, 1.3460366], [103.6869315, 1.3460577], [103.686978, 1.3460892], [103.6871396, 1.3458427], [103.6871505, 1.3458506], [103.6871572, 1.3458555], [103.6871773, 1.3458269], [103.6871692, 1.3458215], [103.6871578, 1.3458138], [103.6873189, 1.345567]]]}},
{"type": "Feature", "properties": {"osm_way": 433829079, "osm_name": "Block 16", "height_m": 10.0, "min_height_m": 0.0}, "geometry": {"type": "Polygon", "coordinates": [[[103.6865156, 1.346579], [103.6869917, 1.3462461], [103.6869691, 1.3462084], [103.6869601, 1.3461978], [103.6869447, 1.3462037], [103.6868993, 1.3461403], [103.6868485, 1.3461759], [103.6868957, 1.3462428], [103.6868202, 1.3462956], [103.6867772, 1.3462367], [103.686725, 1.3462711], [103.6867696, 1.3463349], [103.6866907, 1.3463926], [103.6866418, 1.3463285], [103.6865887, 1.3463641], [103.6866393, 1.3464315], [103.6865524, 1.3464902], [103.6865065, 1.346426], [103.6864507, 1.3464648], [103.6864971, 1.3465316], [103.6864876, 1.3465389], [103.6864971, 1.346557], [103.6865156, 1.346579]]]}},
{"type": "Feature", "properties": {"osm_way": 433831971, "osm_name": "", "height_m": 10.0, "min_height_m": 0.0}, "geometry": {"type": "Polygon", "coordinates": [[[103.6862661, 1.3466507], [103.6863687, 1.3466861], [103.6864078, 1.3465653], [103.6863726, 1.346512], [103.6863187, 1.3464968], [103.6862661, 1.3466507]]]}},
{"type": "Feature", "properties": {"osm_way": 433832086, "osm_name": "Yunnan Corner", "height_m": 10.0, "min_height_m": 0.0}, "geometry": {"type": "Polygon", "coordinates": [[[103.6855351, 1.347126], [103.6856212, 1.3471389], [103.6856649, 1.3468482], [103.6855794, 1.3468353], [103.685565, 1.3469313], [103.6854824, 1.3469189], [103.6854674, 1.3470189], [103.6855493, 1.3470312], [103.6855351, 1.347126]]]}},
{"type": "Feature", "properties": {"osm_way": 433833744, "osm_name": "", "height_m": 3.5, "min_height_m": 0.0}, "geometry": {"type": "Polygon", "coordinates": [[[103.6858251, 1.3467503], [103.6860389, 1.3468067], [103.6860631, 1.346715], [103.6860345, 1.3467074], [103.6860381, 1.3466939], [103.6860841, 1.3465194], [103.6861778, 1.3465441], [103.6862415, 1.3463027], [103.6861639, 1.3462822], [103.6861582, 1.3463039], [103.6861486, 1.3463014], [103.6859555, 1.3462505], [103.6859252, 1.3463653], [103.6859466, 1.3463709], [103.6858727, 1.346651], [103.6858693, 1.3466639], [103.6858493, 1.3466586], [103.6858251, 1.3467503]]]}},
{"type": "Feature", "properties": {"osm_way": 433835345, "osm_name": "Block 13", "height_m": 10.0, "min_height_m": 0.0}, "geometry": {"type": "Polygon", "coordinates": [[[103.6866281, 1.3445289], [103.6868562, 1.3446051], [103.6869057, 1.3446525], [103.686893, 1.3446679], [103.6869229, 1.3447032], [103.6869407, 1.3447222], [103.6869552, 1.3447108], [103.6870254, 1.3447892], [103.6870938, 1.3450144], [103.687102, 1.3450108], [103.6871495, 1.3449962], [103.6870789, 1.3447492], [103.6870193, 1.3446851], [103.6870319, 1.3446786], [103.6869663, 1.3446001], [103.686951, 1.3446115], [103.6868974, 1.3445541], [103.6866472, 1.3444657], [103.6866281, 1.3445289]]]}},
{"type": "Feature", "properties": {"osm_way": 439627614, "osm_name": "JTC Launchpad", "height_m": 14.0, "min_height_m": 0.0}, "geometry": {"type": "Polygon", "coordinates": [[[103.6925577, 1.3545324], [103.6925614, 1.3540523], [103.6922927, 1.3540505], [103.6921891, 1.3541764], [103.6922705, 1.3542439], [103.6922687, 1.3543238], [103.6920725, 1.3543248], [103.6920723, 1.354522], [103.6924675, 1.354523], [103.6924678, 1.354531], [103.6925577, 1.3545324]]]}},
{"type": "Feature", "properties": {"osm_way": 452647396, "osm_name": "", "height_m": 10.0, "min_height_m": 0.0}, "geometry": {"type": "Polygon", "coordinates": [[[103.6766414, 1.3450065], [103.6766409, 1.3453698], [103.6766732, 1.3453714], [103.6766644, 1.3454576], [103.6762502, 1.345457], [103.6762529, 1.345005], [103.6766414, 1.3450065]]]}},
{"type": "Feature", "properties": {"osm_way": 452647398, "osm_name": "", "height_m": 10.0, "min_height_m": 0.0}, "geometry": {"type": "Polygon", "coordinates": [[[103.6756105, 1.3443383], [103.6756335, 1.3437625], [103.6759175, 1.3437739], [103.6759149, 1.3438384], [103.6759809, 1.3438411], [103.6759778, 1.3439188], [103.6759145, 1.3439163], [103.6759098, 1.3440338], [103.6759604, 1.3440358], [103.6759592, 1.3440655], [103.6760001, 1.3440672], [103.6759974, 1.3441352], [103.6759756, 1.3441343], [103.675972, 1.3442241], [103.6760235, 1.3442262], [103.6760198, 1.3443186], [103.6759798, 1.344317], [103.6759783, 1.344353], [103.6756105, 1.3443383]]]}},
{"type": "Feature", "properties": {"osm_way": 452647399, "osm_name": "", "height_m": 10.0, "min_height_m": 0.0}, "geometry": {"type": "Polygon", "coordinates": [[[103.6758626, 1.3435837], [103.6758921, 1.3435837], [103.6758921, 1.3434992], [103.6758626, 1.3434992], [103.6758626, 1.3435837]]]}},
{"type": "Feature", "properties": {"osm_way": 452647401, "osm_name": "", "height_m": 10.0, "min_height_m": 0.0}, "geometry": {"type": "Polygon", "coordinates": [[[103.6759068, 1.3444377], [103.6759659, 1.344439], [103.6759672, 1.3443801], [103.6759082, 1.3443787], [103.6759068, 1.3444377]]]}},
{"type": "Feature", "properties": {"osm_way": 452647403, "osm_name": "", "height_m": 10.0, "min_height_m": 0.0}, "geometry": {"type": "Polygon", "coordinates": [[[103.6761536, 1.3454392], [103.6761576, 1.3453186], [103.6760826, 1.3453161], [103.6760786, 1.3454367], [103.6761536, 1.3454392]]]}},
{"type": "Feature", "properties": {"osm_way": 452647405, "osm_name": "", "height_m": 10.0, "min_height_m": 0.0}, "geometry": {"type": "Polygon", "coordinates": [[[103.6740467, 1.3448574], [103.6740507, 1.344604], [103.673941, 1.3446022], [103.673937, 1.3448556], [103.6740467, 1.3448574]]]}},
{"type": "Feature", "properties": {"osm_way": 452647407, "osm_name": "", "height_m": 10.0, "min_height_m": 0.0}, "geometry": {"type": "Polygon", "coordinates": [[[103.6739247, 1.3442232], [103.6739274, 1.3441535], [103.6738166, 1.3441492], [103.6738139, 1.3442189], [103.6739247, 1.3442232]]]}},
{"type": "Feature", "properties": {"osm_way": 452647408, "osm_name": "", "height_m": 10.0, "min_height_m": 0.0}, "geometry": {"type": "Polygon", "coordinates": [[[103.6759095, 1.3436024], [103.6760371, 1.3436068], [103.6760425, 1.3434513], [103.6759149, 1.3434469], [103.6759095, 1.3436024]]]}},
{"type": "Feature", "properties": {"osm_way": 452647411, "osm_name": "", "height_m": 10.0, "min_height_m": 0.0}, "geometry": {"type": "Polygon", "coordinates": [[[103.675711, 1.343589], [103.6758197, 1.3435944], [103.6758262, 1.3434628], [103.6757175, 1.3434574], [103.675711, 1.343589]]]}},
{"type": "Feature", "properties": {"osm_way": 452647412, "osm_name": "", "height_m": 10.0, "min_height_m": 0.0}, "geometry": {"type": "Polygon", "coordinates": [[[103.6738111, 1.3447924], [103.6739023, 1.3447956], [103.6739083, 1.3446226], [103.673817, 1.3446194], [103.6738111, 1.3447924]]]}},
{"type": "Feature", "properties": {"osm_way": 452647413, "osm_name": "", "height_m": 10.0, "min_height_m": 0.0}, "geometry": {"type": "Polygon", "coordinates": [[[103.6764741, 1.3445356], [103.6764694, 1.3445756], [103.6764922, 1.3445782], [103.6764969, 1.3445383], [103.6764741, 1.3445356]]]}},
{"type": "Feature", "properties": {"osm_way": 452647417, "osm_name": "", "height_m": 10.0, "min_height_m": 0.0}, "geometry": {"type": "Polygon", "coordinates": [[[103.6759733, 1.3444514], [103.6756364, 1.3444535], [103.6756368, 1.3445308], [103.6755919, 1.344531], [103.6755922, 1.3445798], [103.6755923, 1.3446041], [103.6756365, 1.3446038], [103.6756367, 1.3446325], [103.6759744, 1.3446304], [103.6759733, 1.3444514]]]}},
{"type": "Feature", "properties": {"osm_way": 453494151, "osm_name": "Multi Mission Range Complex (MMRC)", "height_m": 10.0, "min_height_m": 0.0}, "geometry": {"type": "Polygon", "coordinates": [[[103.6713766, 1.3385115], [103.6726627, 1.3382795], [103.6724214, 1.3369421], [103.6711351, 1.3371741], [103.6713766, 1.3385115]]]}},
{"type": "Feature", "properties": {"osm_way": 453686990, "osm_name": "", "height_m": 10.0, "min_height_m": 0.0}, "geometry": {"type": "Polygon", "coordinates": [[[103.684465, 1.339793], [103.6844519, 1.3397613], [103.6843549, 1.3398016], [103.6844106, 1.339936], [103.6845022, 1.3398981], [103.6844693, 1.3398188], [103.6844909, 1.3398098], [103.6845434, 1.3399363], [103.685139, 1.3396892], [103.6851191, 1.3396413], [103.6852396, 1.3395913], [103.6851833, 1.3394556], [103.6850773, 1.3394996], [103.6850913, 1.3395334], [103.684465, 1.339793]]]}},
{"type": "Feature", "properties": {"osm_way": 453686991, "osm_name": "", "height_m": 10.0, "min_height_m": 0.0}, "geometry": {"type": "Polygon", "coordinates": [[[103.6844926, 1.3401164], [103.6845584, 1.3400897], [103.6845224, 1.340001], [103.6844566, 1.3400277], [103.6844926, 1.3401164]]]}},
{"type": "Feature", "properties": {"osm_way": 453765397, "osm_name": "", "height_m": 10.0, "min_height_m": 0.0}, "geometry": {"type": "Polygon", "coordinates": [[[103.6858476, 1.3452956], [103.6858741, 1.3454124], [103.685894, 1.3454079], [103.685906, 1.3454655], [103.686071, 1.3454266], [103.6860504, 1.3453478], [103.6860157, 1.3453557], [103.686024, 1.3453921], [103.6859757, 1.345403], [103.685962, 1.3453425], [103.6859438, 1.345341], [103.6859293, 1.3452771], [103.6858476, 1.3452956]]]}},
{"type": "Feature", "properties": {"osm_way": 453765398, "osm_name": "", "height_m": 10.0, "min_height_m": 0.0}, "geometry": {"type": "Polygon", "coordinates": [[[103.6861105, 1.3454471], [103.686128, 1.3455152], [103.6862466, 1.3454847], [103.686229, 1.3454166], [103.6861105, 1.3454471]]]}},
{"type": "Feature", "properties": {"osm_way": 453765399, "osm_name": "", "height_m": 10.0, "min_height_m": 0.0}, "geometry": {"type": "Polygon", "coordinates": [[[103.6864062, 1.3452534], [103.6864542, 1.3454398], [103.6865584, 1.3454129], [103.6865277, 1.3452937], [103.6865167, 1.3452966], [103.6864994, 1.3452294], [103.6864062, 1.3452534]]]}},
{"type": "Feature", "properties": {"osm_way": 453765400, "osm_name": "", "height_m": 10.0, "min_height_m": 0.0}, "geometry": {"type": "Polygon", "coordinates": [[[103.6859073, 1.3454974], [103.6859206, 1.3455492], [103.6858977, 1.3455551], [103.6859271, 1.3456693], [103.6860272, 1.3456436], [103.685996, 1.3455221], [103.6860447, 1.3455095], [103.6860536, 1.3455442], [103.6860931, 1.345534], [103.6860728, 1.3454549], [103.6859073, 1.3454974]]]}},
{"type": "Feature", "properties": {"osm_way": 453765401, "osm_name": "", "height_m": 10.0, "min_height_m": 0.0}, "geometry": {"type": "Polygon", "coordinates": [[[103.6863195, 1.3450915], [103.6863422, 1.3451965], [103.6863929, 1.3451829], [103.6863901, 1.3451672], [103.6864824, 1.3451448], [103.6864673, 1.3450775], [103.6864841, 1.3450744], [103.6864619, 1.3449676], [103.6863653, 1.3449876], [103.6863991, 1.3451218], [103.6863606, 1.3451337], [103.6863441, 1.3450838], [103.6863195, 1.3450915]]]}},
{"type": "Feature", "properties": {"osm_way": 454835582, "osm_name": "", "height_m": 10.0, "min_height_m": 0.0}, "geometry": {"type": "Polygon", "coordinates": [[[103.676244, 1.3436916], [103.6762115, 1.3436916], [103.6762115, 1.3437332], [103.676244, 1.3437332], [103.676244, 1.3436916]]]}},
{"type": "Feature", "properties": {"osm_way": 454835583, "osm_name": "", "height_m": 10.0, "min_height_m": 0.0}, "geometry": {"type": "Polygon", "coordinates": [[[103.6763872, 1.3437948], [103.6763866, 1.3438149], [103.6764486, 1.3438166], [103.6764492, 1.3437949], [103.6764922, 1.3437961], [103.6764934, 1.3437514], [103.676437, 1.3437499], [103.676443, 1.3435305], [103.6763778, 1.3435288], [103.6763706, 1.3437944], [103.6763872, 1.3437948]]]}},
{"type": "Feature", "properties": {"osm_way": 464928945, "osm_name": "NTUC Health Nursing Home", "height_m": 10.0, "min_height_m": 0.0}, "geometry": {"type": "Polygon", "coordinates": [[[103.6916401, 1.3410742], [103.6917894, 1.3411947], [103.6918699, 1.341095], [103.6918245, 1.3410583], [103.6917505, 1.3410306], [103.6913307, 1.3407164], [103.6912595, 1.3409997], [103.6912236, 1.3409907], [103.6912021, 1.3410761], [103.691237, 1.3410848], [103.6912344, 1.341095], [103.6913085, 1.3411136], [103.6916401, 1.3410742]]]}},
{"type": "Feature", "properties": {"osm_way": 480561924, "osm_name": "The Wave Sport Hall", "height_m": 10.0, "min_height_m": 0.0}, "geometry": {"type": "Polygon", "coordinates": [[[103.689288, 1.3496021], [103.6896472, 1.3495041], [103.6894223, 1.34868], [103.6894173, 1.3486616], [103.6892663, 1.3487028], [103.6890581, 1.3487596], [103.689288, 1.3496021]]]}},
{"type": "Feature", "properties": {"osm_way": 494313867, "osm_name": "", "height_m": 3.5, "min_height_m": 0.0}, "geometry": {"type": "Polygon", "coordinates": [[[103.6852697, 1.3485012], [103.6857015, 1.348474], [103.6856876, 1.3482544], [103.6854391, 1.3482701], [103.6854322, 1.3481606], [103.6856776, 1.3481452], [103.6856721, 1.3480578], [103.6852102, 1.3480868], [103.6852152, 1.3481672], [103.6853734, 1.3481572], [103.685381, 1.3482788], [103.6851948, 1.3482905], [103.6851996, 1.3483658], [103.6852609, 1.3483619], [103.6852697, 1.3485012]]]}},
{"type": "Feature", "properties": {"osm_way": 494313868, "osm_name": "Blk 8", "height_m": 10.0, "min_height_m": 0.0}, "geometry": {"type": "Polygon", "coordinates": [[[103.6844543, 1.34827], [103.6843782, 1.3482699], [103.6843733, 1.3488756], [103.6844513, 1.3488762], [103.6844543, 1.34827]]]}},
{"type": "Feature", "properties": {"osm_way": 494313869, "osm_name": "Blk 7", "height_m": 10.0, "min_height_m": 0.0}, "geometry": {"type": "Polygon", "coordinates": [[[103.6846573, 1.3484246], [103.6845662, 1.3484253], [103.6845531, 1.349031], [103.6846447, 1.3490329], [103.6846573, 1.3484246]]]}},
{"type": "Feature", "properties": {"osm_way": 494313870, "osm_name": "Blk 4", "height_m": 10.0, "min_height_m": 0.0}, "geometry": {"type": "Polygon", "coordinates": [[[103.6843785, 1.3474717], [103.6844539, 1.3474831], [103.6843729, 1.3480185], [103.6842974, 1.3480071], [103.6843785, 1.3474717]]]}},
{"type": "Feature", "properties": {"osm_way": 494313871, "osm_name": "Blk 1", "height_m": 10.0, "min_height_m": 0.0}, "geometry": {"type": "Polygon", "coordinates": [[[103.6861508, 1.3483248], [103.6860698, 1.3483291], [103.6860139, 1.3472923], [103.6860965, 1.3472876], [103.6860978, 1.3473258], [103.6861254, 1.347732], [103.6862183, 1.3477269], [103.6861967, 1.3473191], [103.6861948, 1.3472845], [103.6862766, 1.3472788], [103.686277, 1.3472874], [103.6863046, 1.3477835], [103.6863052, 1.3477929], [103.6863057, 1.3478019], [103.6863332, 1.3483113], [103.6862513, 1.3483157], [103.6862274, 1.3478731], [103.6861268, 1.3478786], [103.6861508, 1.3483248]]]}},
{"type": "Feature", "properties": {"osm_way": 494313872, "osm_name": "", "height_m": 10.0, "min_height_m": 0.0}, "geometry": {"type": "Polygon", "coordinates": [[[103.6845276, 1.3462879], [103.68488, 1.3464758], [103.6848738, 1.3464841], [103.6848939, 1.3464955], [103.684865, 1.346549], [103.6848351, 1.346531], [103.6848147, 1.3465689], [103.6847553, 1.3465369], [103.6847725, 1.3465049], [103.6847, 1.3464658], [103.6846826, 1.3464982], [103.6846184, 1.3464637], [103.6846364, 1.3464301], [103.6845671, 1.3463928], [103.6845475, 1.3464291], [103.6844766, 1.3463909], [103.6844933, 1.34636], [103.6844689, 1.3463468], [103.6845011, 1.3462871], [103.684522, 1.3462983], [103.6845276, 1.3462879]]]}},
{"type": "Feature", "properties": {"osm_way": 494313873, "osm_name": "", "height_m": 10.0, "min_height_m": 0.0}, "geometry": {"type": "Polygon", "coordinates": [[[103.6841029, 1.3459983], [103.684482, 1.3462314], [103.6844336, 1.3463046], [103.6844065, 1.3462875], [103.6843854, 1.3463139], [103.6843254, 1.3462755], [103.6843411, 1.3462484], [103.684276, 1.3462056], [103.6842583, 1.3462319], [103.6842007, 1.3461978], [103.6842166, 1.3461724], [103.6841463, 1.3461287], [103.6841335, 1.346154], [103.6840703, 1.3461138], [103.6840861, 1.3460863], [103.6840597, 1.3460726], [103.6841029, 1.3459983]]]}},
{"type": "Feature", "properties": {"osm_way": 494313874, "osm_name": "", "height_m": 10.0, "min_height_m": 0.0}, "geometry": {"type": "Polygon", "coordinates": [[[103.6842785, 1.3454942], [103.6841712, 1.3459389], [103.6840894, 1.3459208], [103.6840992, 1.3458745], [103.6840699, 1.3458663], [103.684085, 1.3458032], [103.6841113, 1.3458091], [103.6841302, 1.345733], [103.6841033, 1.3457264], [103.6841198, 1.3456545], [103.6841477, 1.3456635], [103.684166, 1.3455872], [103.6841359, 1.3455784], [103.6841529, 1.3455098], [103.6841829, 1.3455203], [103.6841953, 1.3454725], [103.6842785, 1.3454942]]]}},
{"type": "Feature", "properties": {"osm_way": 494313875, "osm_name": "", "height_m": 10.0, "min_height_m": 0.0}, "geometry": {"type": "Polygon", "coordinates": [[[103.684216, 1.3454266], [103.6842827, 1.3454349], [103.6843169, 1.3451955], [103.6843308, 1.3451979], [103.6843605, 1.3449591], [103.6843011, 1.3449499], [103.6842945, 1.3450085], [103.6843109, 1.345013], [103.6843003, 1.3450906], [103.6842838, 1.3450895], [103.6842711, 1.3451885], [103.6842468, 1.3451859], [103.6842325, 1.3452996], [103.6842552, 1.3453025], [103.6842461, 1.3453742], [103.6842211, 1.345371], [103.684216, 1.3454266]]]}},
{"type": "Feature", "properties": {"osm_way": 494313876, "osm_name": "", "height_m": 10.0, "min_height_m": 0.0}, "geometry": {"type": "Polygon", "coordinates": [[[103.6840463, 1.3469929], [103.6846654, 1.3471912], [103.6846349, 1.3472861], [103.6845882, 1.3472711], [103.6845741, 1.3473151], [103.6844963, 1.3472902], [103.6845097, 1.3472483], [103.6844515, 1.3472296], [103.6844381, 1.3472714], [103.6843314, 1.3472372], [103.6843472, 1.347188], [103.6842957, 1.3471715], [103.6842785, 1.347225], [103.6841799, 1.3471934], [103.6841947, 1.3471473], [103.6841439, 1.347131], [103.684129, 1.3471774], [103.6840441, 1.3471501], [103.6840577, 1.3471077], [103.684014, 1.3470937], [103.6840463, 1.3469929]]]}},
{"type": "Feature", "properties": {"osm_way": 494313877, "osm_name": "Blk 3", "height_m": 10.0, "min_height_m": 0.0}, "geometry": {"type": "Polygon", "coordinates": [[[103.6845083, 1.3476229], [103.6844882, 1.3477018], [103.6850334, 1.3478584], [103.6850527, 1.3477849], [103.6845083, 1.3476229]]]}},
{"type": "Feature", "properties": {"osm_way": 494313878, "osm_name": "Blk 2", "height_m": 10.0, "min_height_m": 0.0}, "geometry": {"type": "Polygon", "coordinates": [[[103.6856973, 1.3479048], [103.6857011, 1.3478329], [103.6851012, 1.3478012], [103.6850975, 1.3478712], [103.6853693, 1.3478855], [103.6853686, 1.3478989], [103.6854257, 1.3479019], [103.6854263, 1.3478904], [103.6856973, 1.3479048]]]}},
{"type": "Feature", "properties": {"osm_way": 494313881, "osm_name": "", "height_m": 10.0, "min_height_m": 0.0}, "geometry": {"type": "Polygon", "coordinates": [[[103.684997, 1.3480854], [103.6850995, 1.3480954], [103.6850961, 1.3481548], [103.6852051, 1.3481484], [103.6852138, 1.348039], [103.6850017, 1.3480174], [103.684997, 1.3480854]]]}},
{"type": "Feature", "properties": {"osm_way": 494321485, "osm_name": "", "height_m": 10.0, "min_height_m": 0.0}, "geometry": {"type": "Polygon", "coordinates": [[[103.6848345, 1.3472988], [103.6847475, 1.3472705], [103.684688, 1.3474532], [103.6847749, 1.3474815], [103.6848345, 1.3472988]]]}},
{"type": "Feature", "properties": {"osm_way": 494321486, "osm_name": "", "height_m": 10.0, "min_height_m": 0.0}, "geometry": {"type": "Polygon", "coordinates": [[[103.6851837, 1.3474002], [103.6850972, 1.3473721], [103.6850379, 1.3475549], [103.6851244, 1.347583], [103.6851837, 1.3474002]]]}},
{"type": "Feature", "properties": {"osm_way": 494321487, "osm_name": "", "height_m": 10.0, "min_height_m": 0.0}, "geometry": {"type": "Polygon", "coordinates": [[[103.685528, 1.3474888], [103.6854412, 1.3474603], [103.6853813, 1.3476426], [103.6854682, 1.3476711], [103.685528, 1.3474888]]]}},
{"type": "Feature", "properties": {"osm_way": 494321488, "osm_name": "", "height_m": 10.0, "min_height_m": 0.0}, "geometry": {"type": "Polygon", "coordinates": [[[103.6843924, 1.3466631], [103.6843574, 1.3468521], [103.6844479, 1.3468689], [103.6844829, 1.3466799], [103.6843924, 1.3466631]]]}},
{"type": "Feature", "properties": {"osm_way": 494321489, "osm_name": "", "height_m": 10.0, "min_height_m": 0.0}, "geometry": {"type": "Polygon", "coordinates": [[[103.6846871, 1.3467356], [103.6846513, 1.3469245], [103.6847417, 1.3469416], [103.6847775, 1.3467528], [103.6846871, 1.3467356]]]}},
{"type": "Feature", "properties": {"osm_way": 494321490, "osm_name": "", "height_m": 10.0, "min_height_m": 0.0}, "geometry": {"type": "Polygon", "coordinates": [[[103.6849921, 1.346828], [103.6849566, 1.3470169], [103.6850469, 1.3470339], [103.6850824, 1.346845], [103.6849921, 1.346828]]]}},
{"type": "Feature", "properties": {"osm_way": 494321491, "osm_name": "", "height_m": 10.0, "min_height_m": 0.0}, "geometry": {"type": "Polygon", "coordinates": [[[103.6852788, 1.3469156], [103.6852641, 1.3469688], [103.6852955, 1.3469775], [103.6852886, 1.3470024], [103.6852585, 1.346994], [103.6852322, 1.3470889], [103.6852595, 1.3470965], [103.6852547, 1.3471138], [103.6853156, 1.3471306], [103.6853537, 1.3469931], [103.6853653, 1.3469963], [103.6853799, 1.3469435], [103.6852788, 1.3469156]]]}},
{"type": "Feature", "properties": {"osm_way": 494321492, "osm_name": "", "height_m": 10.0, "min_height_m": 0.0}, "geometry": {"type": "Polygon", "coordinates": [[[103.6840627, 1.3467366], [103.6841555, 1.3467643], [103.6842051, 1.3465857], [103.6839419, 1.3465064], [103.6839179, 1.3465959], [103.684089, 1.3466488], [103.6840627, 1.3467366]]]}},
{"type": "Feature", "properties": {"osm_way": 494471322, "osm_name": "", "height_m": 10.0, "min_height_m": 0.0}, "geometry": {"type": "Polygon", "coordinates": [[[103.6869649, 1.3473026], [103.6870194, 1.3473355], [103.6870751, 1.3473048], [103.6870763, 1.3472412], [103.6870218, 1.3472083], [103.6869662, 1.347239], [103.6869649, 1.3473026]]]}},
{"type": "Feature", "properties": {"osm_way": 494471323, "osm_name": "", "height_m": 10.0, "min_height_m": 0.0}, "geometry": {"type": "Polygon", "coordinates": [[[103.6872959, 1.3471758], [103.6873504, 1.3472087], [103.6874061, 1.347178], [103.6874073, 1.3471144], [103.6873528, 1.3470815], [103.6872972, 1.3471122], [103.6872959, 1.3471758]]]}},
{"type": "Feature", "properties": {"osm_way": 494471324, "osm_name": "", "height_m": 10.0, "min_height_m": 0.0}, "geometry": {"type": "Polygon", "coordinates": [[[103.6872012, 1.3472616], [103.6872419, 1.3472861], [103.6872818, 1.3472597], [103.6872803, 1.3472049], [103.6872389, 1.3471834], [103.6872006, 1.3472083], [103.6872012, 1.3472616]]]}},
{"type": "Feature", "properties": {"osm_way": 494471325, "osm_name": "Block 18", "height_m": 10.0, "min_height_m": 0.0}, "geometry": {"type": "Polygon", "coordinates": [[[103.6874615, 1.3457099], [103.6877119, 1.3456747], [103.6876882, 1.3454895], [103.6878397, 1.3454648], [103.6878237, 1.3452762], [103.6879608, 1.3452595], [103.6879534, 1.3450808], [103.6880176, 1.3450689], [103.6880226, 1.3451143], [103.6880874, 1.3451095], [103.6880459, 1.3447318], [103.6879811, 1.344742], [103.6880102, 1.3450039], [103.687823, 1.3450387], [103.6878335, 1.3451015], [103.6878866, 1.3450914], [103.6878909, 1.3452121], [103.6877026, 1.3452426], [103.687705, 1.3453004], [103.6877483, 1.3452967], [103.6877609, 1.3454035], [103.687579, 1.3454338], [103.6875896, 1.3455038], [103.6876318, 1.3454978], [103.6876476, 1.3456167], [103.6874567, 1.3456457], [103.6874615, 1.3457099]]]}},
{"type": "Feature", "properties": {"osm_way": 494471326, "osm_name": "Block 14", "height_m": 10.0, "min_height_m": 0.0}, "geometry": {"type": "Polygon", "coordinates": [[[103.6872963, 1.3454845], [103.6873039, 1.3454904], [103.6872917, 1.3455105], [103.6873403, 1.3455365], [103.6874885, 1.345293], [103.6875002, 1.3452984], [103.6875297, 1.3452553], [103.6875134, 1.3452458], [103.6876633, 1.3449984], [103.6876141, 1.3449664], [103.6876043, 1.3449853], [103.6875954, 1.3449835], [103.6874578, 1.3452178], [103.6874432, 1.3452099], [103.6874196, 1.3452507], [103.6874317, 1.3452566], [103.6872963, 1.3454845]]]}},
{"type": "Feature", "properties": {"osm_way": 494471327, "osm_name": "Block 12", "height_m": 10.0, "min_height_m": 0.0}, "geometry": {"type": "Polygon", "coordinates": [[[103.6853735, 1.3456098], [103.6853681, 1.3453425], [103.6853945, 1.3452771], [103.6854119, 1.3452843], [103.6854421, 1.3452021], [103.685424, 1.345195], [103.6854546, 1.3451125], [103.6856051, 1.3449314], [103.685555, 1.3448898], [103.6854018, 1.3450838], [103.6853709, 1.3451764], [103.6853505, 1.3451698], [103.6853214, 1.3452516], [103.6853378, 1.3452585], [103.6853064, 1.34534], [103.6853187, 1.3456132], [103.6853735, 1.3456098]]]}},
{"type": "Feature", "properties": {"osm_way": 494471328, "osm_name": "SAF-NTU Academy", "height_m": 10.0, "min_height_m": 0.0}, "geometry": {"type": "Polygon", "coordinates": [[[103.6819223, 1.3439808], [103.6820927, 1.3441518], [103.68214, 1.3441047], [103.6821283, 1.3440929], [103.6824332, 1.3437892], [103.6824422, 1.3437982], [103.6824903, 1.3437503], [103.6823225, 1.343582], [103.6819223, 1.3439808]]]}},
{"type": "Feature", "properties": {"osm_way": 494471329, "osm_name": "", "height_m": 10.0, "min_height_m": 0.0}, "geometry": {"type": "Polygon", "coordinates": [[[103.682539, 1.3446046], [103.6827419, 1.3448061], [103.6827851, 1.3447626], [103.6828033, 1.3447807], [103.6831114, 1.3444705], [103.683094, 1.3444532], [103.6831375, 1.3444095], [103.6829338, 1.3442072], [103.682539, 1.3446046]]]}},
{"type": "Feature", "properties": {"osm_way": 494471332, "osm_name": "Maritime Enegry Testbed", "height_m": 10.0, "min_height_m": 0.0}, "geometry": {"type": "Polygon", "coordinates": [[[103.6894667, 1.3543181], [103.6894911, 1.3543632], [103.6895705, 1.3543204], [103.6895051, 1.3541992], [103.6893096, 1.3543047], [103.6893506, 1.3543807], [103.6894667, 1.3543181]]]}},
{"type": "Feature", "properties": {"osm_way": 498970468, "osm_name": "Block 52", "height_m": 10.0, "min_height_m": 0.0}, "geometry": {"type": "Polygon", "coordinates": [[[103.6852339, 1.3547627], [103.685739, 1.3547051], [103.6857274, 1.354604], [103.6852993, 1.3546528], [103.6852885, 1.3545581], [103.6854054, 1.3545448], [103.6853952, 1.3544559], [103.6850488, 1.3544953], [103.6850593, 1.3545869], [103.6852119, 1.3545695], [103.6852339, 1.3547627]]]}},
{"type": "Feature", "properties": {"osm_way": 498970469, "osm_name": "Block 49", "height_m": 10.0, "min_height_m": 0.0}, "geometry": {"type": "Polygon", "coordinates": [[[103.6857442, 1.35394], [103.6858075, 1.3539403], [103.6858083, 1.3539725], [103.6857794, 1.3539736], [103.6857807, 1.3540175], [103.6858296, 1.3540175], [103.685827, 1.3539146], [103.6858533, 1.3539135], [103.685852, 1.3538776], [103.6858285, 1.3538786], [103.6858287, 1.3538175], [103.6859275, 1.3538158], [103.685936, 1.3542506], [103.6860401, 1.3542488], [103.686037, 1.3541612], [103.6860217, 1.3541611], [103.6860187, 1.3541292], [103.6860362, 1.3541293], [103.6860258, 1.3538052], [103.6859994, 1.3538066], [103.6860012, 1.3537947], [103.6860277, 1.3537954], [103.686026, 1.3537347], [103.6859138, 1.3537383], [103.6859079, 1.3537271], [103.6858261, 1.3537312], [103.6858234, 1.3536477], [103.6858555, 1.3536466], [103.685854, 1.3536074], [103.6858239, 1.353607], [103.6858235, 1.3535833], [103.685738, 1.3535848], [103.6857442, 1.35394]]]}},
{"type": "Feature", "properties": {"osm_way": 498970470, "osm_name": "", "height_m": 10.0, "min_height_m": 0.0}, "geometry": {"type": "Polygon", "coordinates": [[[103.6854406, 1.354287], [103.685449, 1.3542903], [103.6854247, 1.3543526], [103.6856383, 1.3544357], [103.6856584, 1.3543786], [103.6856697, 1.3543823], [103.6856539, 1.3544236], [103.6856934, 1.3544389], [103.6856988, 1.3544257], [103.685777, 1.3544547], [103.6857706, 1.3544711], [103.6858164, 1.3544889], [103.6858343, 1.3544429], [103.6858091, 1.3544331], [103.685826, 1.3543896], [103.6858359, 1.3543935], [103.6858422, 1.3543797], [103.6858523, 1.3543832], [103.6858457, 1.3543974], [103.6859119, 1.3544236], [103.6859398, 1.3543527], [103.6858739, 1.3543264], [103.6858699, 1.3543372], [103.6858602, 1.3543331], [103.685865, 1.3543211], [103.6858542, 1.3543171], [103.6858729, 1.3542692], [103.6858978, 1.3542789], [103.6859152, 1.3542341], [103.685872, 1.3542173], [103.6858677, 1.3542284], [103.6857984, 1.3542014], [103.6858019, 1.3541924], [103.68575, 1.3541722], [103.6857373, 1.3542078], [103.6857102, 1.354198], [103.685718, 1.3541761], [103.6855467, 1.3541094], [103.6855403, 1.354126], [103.6855096, 1.3541148], [103.6854887, 1.3541671], [103.6854566, 1.3541527], [103.6854285, 1.354223], [103.6854634, 1.354236], [103.6854406, 1.354287]]]}},
{"type": "Feature", "properties": {"osm_way": 498970471, "osm_name": "Block 50", "height_m": 10.0, "min_height_m": 0.0}, "geometry": {"type": "Polygon", "coordinates": [[[103.6853721, 1.354039], [103.6854555, 1.3540703], [103.6855922, 1.3537065], [103.6856093, 1.3537129], [103.685662, 1.3535726], [103.6855659, 1.3535365], [103.6855141, 1.3536745], [103.6853296, 1.3536052], [103.6852097, 1.3539245], [103.68529, 1.3539546], [103.6853794, 1.3537167], [103.6854791, 1.3537542], [103.6853721, 1.354039]]]}},
{"type": "Feature", "properties": {"osm_way": 498970472, "osm_name": "Block 51", "height_m": 10.0, "min_height_m": 0.0}, "geometry": {"type": "Polygon", "coordinates": [[[103.6847554, 1.3543482], [103.6848906, 1.3543289], [103.6848863, 1.3543068], [103.6848947, 1.3543055], [103.6848987, 1.3543158], [103.6849515, 1.3543086], [103.6849484, 1.354297], [103.6849589, 1.3542954], [103.6849623, 1.3543159], [103.6852769, 1.3542742], [103.6852638, 1.3541827], [103.6849678, 1.354221], [103.6849538, 1.3541239], [103.6851472, 1.3540973], [103.6851517, 1.3541237], [103.6851692, 1.354121], [103.6851699, 1.3541298], [103.6851877, 1.3541281], [103.6851817, 1.3540881], [103.6852113, 1.3540834], [103.6851982, 1.3539948], [103.6849215, 1.35403], [103.6849194, 1.3540148], [103.6848484, 1.3540251], [103.6848585, 1.3541058], [103.6848696, 1.3541043], [103.6848847, 1.3542387], [103.6847976, 1.3542495], [103.6847954, 1.3542194], [103.6847497, 1.3542238], [103.6847529, 1.3542562], [103.6847311, 1.3542581], [103.6847413, 1.3543286], [103.6847532, 1.3543285], [103.6847554, 1.3543482]]]}},
{"type": "Feature", "properties": {"osm_way": 498971352, "osm_name": "", "height_m": 10.0, "min_height_m": 0.0}, "geometry": {"type": "Polygon", "coordinates": [[[103.6855001, 1.3555597], [103.6856599, 1.3555598], [103.6856607, 1.3555095], [103.6856774, 1.3555096], [103.685676, 1.3555594], [103.6858238, 1.3555561], [103.6858251, 1.3555141], [103.6858421, 1.3555158], [103.6858407, 1.3555725], [103.6858529, 1.3555727], [103.6858533, 1.3555958], [103.6858123, 1.355596], [103.6858138, 1.3557639], [103.6859675, 1.3557631], [103.6859671, 1.3557731], [103.6860615, 1.3557728], [103.686062, 1.3557626], [103.6862074, 1.3557618], [103.6862087, 1.3557105], [103.6861946, 1.3557106], [103.6861945, 1.3556771], [103.686209, 1.3556769], [103.68621, 1.3555871], [103.6861984, 1.3555868], [103.6862014, 1.355567], [103.6862093, 1.3555683], [103.6862099, 1.3554808], [103.6861841, 1.3554801], [103.686184, 1.3554676], [103.6862019, 1.3554687], [103.6861956, 1.3554232], [103.686218, 1.355421], [103.6862136, 1.3553811], [103.6862278, 1.3553472], [103.686207, 1.3553525], [103.6862033, 1.3553451], [103.6861073, 1.3553631], [103.6861157, 1.3554289], [103.6860835, 1.3554281], [103.6860847, 1.355382], [103.6859382, 1.3553784], [103.6859377, 1.3553891], [103.6859237, 1.3553894], [103.6859229, 1.3553696], [103.6859097, 1.3553703], [103.6859098, 1.3553619], [103.6858372, 1.3553654], [103.6858403, 1.3554067], [103.6858589, 1.3554061], [103.6858611, 1.3554215], [103.6858415, 1.3554222], [103.6858412, 1.3554652], [103.6858273, 1.3554648], [103.6858265, 1.355429], [103.6856801, 1.3554287], [103.6856789, 1.3554723], [103.6856599, 1.3554725], [103.6856592, 1.3554292], [103.6855612, 1.3554316], [103.6855458, 1.3554196], [103.6855354, 1.3554341], [103.6854472, 1.3553857], [103.6854283, 1.3554159], [103.685414, 1.3554072], [103.6854257, 1.3553902], [103.6854005, 1.3553753], [103.685436, 1.3553159], [103.6854142, 1.3553032], [103.6854068, 1.3553098], [103.6853929, 1.3553001], [103.6854087, 1.3552747], [103.6853569, 1.3552445], [103.6853243, 1.3552945], [103.685335, 1.3553036], [103.6853051, 1.3553593], [103.6852936, 1.3553516], [103.6852621, 1.3554078], [103.6853128, 1.3554355], [103.685331, 1.3554023], [103.6853466, 1.3554108], [103.6853257, 1.3554473], [103.6853772, 1.3554737], [103.6853934, 1.3554425], [103.6854089, 1.3554502], [103.6853899, 1.3554814], [103.6854648, 1.3555273], [103.6854814, 1.3555043], [103.6854995, 1.3555163], [103.6855001, 1.3555597]]]}},
{"type": "Feature", "properties": {"osm_way": 498971497, "osm_name": "", "height_m": 10.0, "min_height_m": 0.0}, "geometry": {"type": "Polygon", "coordinates": [[[103.6871184, 1.3554332], [103.6871581, 1.3553962], [103.6871582, 1.3553657], [103.6871816, 1.3553658], [103.6871856, 1.355357], [103.6872769, 1.3553551], [103.6872829, 1.3553646], [103.6873096, 1.3553633], [103.6873112, 1.3553952], [103.6873991, 1.355477], [103.6873939, 1.3554826], [103.6874135, 1.3555008], [103.6873651, 1.3555528], [103.6873602, 1.3555511], [103.6873487, 1.3555682], [103.6872675, 1.3555698], [103.6872679, 1.3555859], [103.6872197, 1.3555869], [103.6872193, 1.3555686], [103.6869711, 1.3555735], [103.6869714, 1.3555873], [103.6869285, 1.3555881], [103.6869282, 1.3555713], [103.6868653, 1.3555725], [103.6868665, 1.3556325], [103.6868858, 1.3556321], [103.6868866, 1.3556737], [103.6868714, 1.355674], [103.6868718, 1.355695], [103.6868729, 1.3557494], [103.6868071, 1.355818], [103.6867908, 1.3558023], [103.68678, 1.3558135], [103.6866892, 1.3557263], [103.6866516, 1.3557275], [103.6866507, 1.3557009], [103.6866398, 1.3557013], [103.6866392, 1.3556832], [103.6866169, 1.3556839], [103.6866151, 1.3556265], [103.6866311, 1.355626], [103.6866306, 1.3556111], [103.6866448, 1.3556106], [103.6866439, 1.3555847], [103.6866813, 1.3555835], [103.68686, 1.3554024], [103.6868586, 1.3553626], [103.6870101, 1.3553574], [103.6870114, 1.3553975], [103.6870571, 1.3554317], [103.6871184, 1.3554332]]]}},
{"type": "Feature", "properties": {"osm_way": 499209549, "osm_name": "", "height_m": 10.0, "min_height_m": 0.0}, "geometry": {"type": "Polygon", "coordinates": [[[103.6801726, 1.3409863], [103.680248, 1.3409791], [103.6802504, 1.3409895], [103.6802547, 1.340996], [103.6802632, 1.3410052], [103.680271, 1.34101], [103.6802825, 1.341014], [103.6802971, 1.3410147], [103.6803089, 1.3410128], [103.680321, 1.3410067], [103.6803295, 1.3409983], [103.6803353, 1.3409887], [103.6803389, 1.3409785], [103.68034, 1.3409705], [103.6804205, 1.3409626], [103.6804172, 1.3409318], [103.6804503, 1.3409258], [103.6804298, 1.3407107], [103.6804119, 1.3407045], [103.6803946, 1.3405594], [103.6804173, 1.3405553], [103.6804244, 1.3405853], [103.6804887, 1.3405784], [103.6804875, 1.3405622], [103.6804762, 1.3405636], [103.6804746, 1.3405496], [103.6804473, 1.3405531], [103.6804462, 1.3405228], [103.6803916, 1.3405264], [103.6803913, 1.3405188], [103.6803008, 1.3405297], [103.680304, 1.3405533], [103.6802869, 1.3405552], [103.6803023, 1.3406853], [103.680232, 1.3406936], [103.6802158, 1.3405643], [103.680197, 1.340566], [103.6801942, 1.3405401], [103.6801114, 1.3405474], [103.6801123, 1.3405589], [103.6801151, 1.3405855], [103.6801307, 1.3407367], [103.6801118, 1.3407395], [103.6801359, 1.3409583], [103.6801712, 1.3409548], [103.6801726, 1.3409863]]]}},
{"type": "Feature", "properties": {"osm_way": 499209550, "osm_name": "", "height_m": 10.0, "min_height_m": 0.0}, "geometry": {"type": "Polygon", "coordinates": [[[103.6799793, 1.3405782], [103.6799689, 1.3404612], [103.6800373, 1.3404561], [103.6800465, 1.340566], [103.6801123, 1.3405589], [103.6801151, 1.3405855], [103.6800365, 1.3405946], [103.6800426, 1.3406582], [103.6798354, 1.3406815], [103.6798299, 1.3406514], [103.679652, 1.3406708], [103.6796493, 1.3406389], [103.6796277, 1.3406387], [103.6796207, 1.3405919], [103.679604, 1.3404759], [103.6796957, 1.3404674], [103.6796942, 1.3404484], [103.6797702, 1.3404431], [103.679777, 1.3405236], [103.6796982, 1.3405305], [103.6797012, 1.3405727], [103.6798373, 1.3405596], [103.6798403, 1.3405925], [103.6799793, 1.3405782]]]}},
{"type": "Feature", "properties": {"osm_way": 499209551, "osm_name": "", "height_m": 10.0, "min_height_m": 0.0}, "geometry": {"type": "Polygon", "coordinates": [[[103.6808404, 1.3405474], [103.6808277, 1.340432], [103.680896, 1.3404247], [103.6809085, 1.3405347], [103.6810095, 1.340524], [103.6809995, 1.3404264], [103.6810515, 1.3404203], [103.6810541, 1.3404504], [103.6810308, 1.3404536], [103.6810393, 1.3405547], [103.6808991, 1.3405686], [103.680906, 1.3406299], [103.680697, 1.3406535], [103.6806936, 1.3406214], [103.6805151, 1.3406407], [103.6805117, 1.3406058], [103.6804909, 1.3406082], [103.6804887, 1.3405784], [103.6804875, 1.3405622], [103.6804762, 1.3405636], [103.6804746, 1.3405496], [103.6804633, 1.3404473], [103.680557, 1.3404377], [103.6805559, 1.3404249], [103.6806307, 1.3404162], [103.6806386, 1.3404935], [103.6805629, 1.3405015], [103.680567, 1.340544], [103.6806818, 1.3405316], [103.6806826, 1.3405412], [103.6807129, 1.3405379], [103.6807144, 1.3405602], [103.6808404, 1.3405474]]]}},
{"type": "Feature", "properties": {"osm_way": 499209552, "osm_name": "", "height_m": 10.0, "min_height_m": 0.0}, "geometry": {"type": "Polygon", "coordinates": [[[103.6802123, 1.3401891], [103.6802242, 1.3403073], [103.6802899, 1.3403016], [103.6802793, 1.3401885], [103.680278, 1.3401754], [103.680268, 1.340177], [103.6802662, 1.3401587], [103.6802597, 1.3400932], [103.6800486, 1.3401173], [103.6800503, 1.3401513], [103.679871, 1.3401712], [103.6798747, 1.3401998], [103.6798527, 1.3402012], [103.6798598, 1.3402506], [103.6798494, 1.3402531], [103.6798602, 1.3403674], [103.679956, 1.3403572], [103.6799575, 1.3403719], [103.6800327, 1.3403633], [103.6800271, 1.340286], [103.6799457, 1.3402943], [103.6799395, 1.3402484], [103.6800583, 1.3402376], [103.6800573, 1.3402269], [103.6800973, 1.3402229], [103.6800937, 1.3402034], [103.6802123, 1.3401891]]]}},
{"type": "Feature", "properties": {"osm_way": 499209553, "osm_name": "", "height_m": 10.0, "min_height_m": 0.0}, "geometry": {"type": "Polygon", "coordinates": [[[103.6804595, 1.3401987], [103.680472, 1.3403192], [103.680403, 1.3403263], [103.680393, 1.3402139], [103.6803254, 1.3402202], [103.6803203, 1.3401849], [103.6802793, 1.3401885], [103.680278, 1.3401754], [103.680268, 1.340177], [103.6802662, 1.3401587], [103.680348, 1.3401497], [103.6803505, 1.3401886], [103.6803998, 1.3401834], [103.6803937, 1.3401194], [103.6806054, 1.3400953], [103.6806067, 1.3401287], [103.6807865, 1.3401092], [103.680789, 1.3401437], [103.6808123, 1.340142], [103.6808146, 1.3401713], [103.6808163, 1.3401932], [103.6808261, 1.3401924], [103.6808268, 1.3402002], [103.6808377, 1.3403064], [103.6807428, 1.3403157], [103.6807451, 1.3403276], [103.6806735, 1.3403367], [103.6806644, 1.340257], [103.680743, 1.3402468], [103.6807367, 1.3402033], [103.6806186, 1.3402166], [103.6806179, 1.3402067], [103.6805908, 1.3402098], [103.6805896, 1.3401858], [103.6804595, 1.3401987]]]}},
{"type": "Feature", "properties": {"osm_way": 499209554, "osm_name": "", "height_m": 10.0, "min_height_m": 0.0}, "geometry": {"type": "Polygon", "coordinates": [[[103.681165, 1.3404005], [103.6810509, 1.3404129], [103.6810515, 1.3404203], [103.6810541, 1.3404504], [103.6810572, 1.3404859], [103.6811813, 1.3404737], [103.68118, 1.3404585], [103.6812596, 1.3404494], [103.6812349, 1.3402376], [103.6812051, 1.34024], [103.6811854, 1.3400638], [103.6811504, 1.3400676], [103.6811479, 1.340045], [103.6811007, 1.3400502], [103.6810992, 1.3400405], [103.6810847, 1.3400421], [103.6809899, 1.3400531], [103.6809933, 1.3401073], [103.6808879, 1.3401195], [103.6808924, 1.3401622], [103.6808146, 1.3401713], [103.6808163, 1.3401932], [103.6808261, 1.3401924], [103.6808268, 1.3402002], [103.6809239, 1.3401896], [103.6809181, 1.3401461], [103.6809995, 1.3401369], [103.681, 1.3401476], [103.6809853, 1.3401495], [103.6809931, 1.3402246], [103.6810707, 1.3402169], [103.6810604, 1.3401373], [103.6811065, 1.3401325], [103.6811197, 1.340251], [103.6811278, 1.3402514], [103.6811301, 1.3402874], [103.6811541, 1.3402845], [103.681165, 1.3404005]]]}},
{"type": "Feature", "properties": {"osm_way": 499764859, "osm_name": "Nanyang Playhouse", "height_m": 10.0, "min_height_m": 0.0}, "geometry": {"type": "Polygon", "coordinates": [[[103.6785437, 1.3478462], [103.6788105, 1.3479162], [103.6788909, 1.3476098], [103.6786241, 1.3475398], [103.6785437, 1.3478462]]]}},
{"type": "Feature", "properties": {"osm_way": 499765699, "osm_name": "Green House", "height_m": 10.0, "min_height_m": 0.0}, "geometry": {"type": "Polygon", "coordinates": [[[103.6794191, 1.3504715], [103.6796761, 1.3504711], [103.6796757, 1.3502172], [103.6794187, 1.3502177], [103.6794191, 1.3504715]]]}},
{"type": "Feature", "properties": {"osm_way": 499767254, "osm_name": "Art Gallery", "height_m": 10.0, "min_height_m": 0.0}, "geometry": {"type": "Polygon", "coordinates": [[[103.6783053, 1.3478522], [103.6784377, 1.3478403], [103.6784072, 1.3475021], [103.6782748, 1.347514], [103.6783053, 1.3478522]]]}},
{"type": "Feature", "properties": {"osm_way": 500015538, "osm_name": "BLK 3 (Arts)", "height_m": 10.0, "min_height_m": 0.0}, "geometry": {"type": "Polygon", "coordinates": [[[103.677737, 1.3475497], [103.6775265, 1.3474943], [103.6773518, 1.3481572], [103.677446, 1.348182], [103.6775156, 1.3482004], [103.6780028, 1.3483287], [103.6789352, 1.3485742], [103.6789519, 1.3485198], [103.6789664, 1.3484559], [103.6791108, 1.3479077], [103.6789077, 1.3478543], [103.678876, 1.3479746], [103.6789204, 1.3479863], [103.6788291, 1.348333], [103.6785143, 1.3482508], [103.6776149, 1.3480132], [103.677737, 1.3475497]]]}},
{"type": "Feature", "properties": {"osm_way": 500015539, "osm_name": "BLK 2 (Education)", "height_m": 10.0, "min_height_m": 0.0}, "geometry": {"type": "Polygon", "coordinates": [[[103.679225, 1.3480732], [103.6794222, 1.3481371], [103.6793415, 1.3484509], [103.6796674, 1.3485415], [103.6801837, 1.348685], [103.6802544, 1.348463], [103.6802154, 1.3484497], [103.6802648, 1.3483135], [103.6804392, 1.3483766], [103.6803854, 1.3485469], [103.6804169, 1.3485564], [103.6804291, 1.3485591], [103.6803559, 1.3488119], [103.6803371, 1.348877], [103.6803189, 1.3489415], [103.6792125, 1.3486482], [103.6790848, 1.3486143], [103.679099, 1.3485595], [103.6791154, 1.3484962], [103.679225, 1.3480732]]]}},
{"type": "Feature", "properties": {"osm_way": 500015540, "osm_name": "", "height_m": 10.0, "min_height_m": 0.0}, "geometry": {"type": "Polygon", "coordinates": [[[103.679099, 1.3485595], [103.6789519, 1.3485198], [103.6789664, 1.3484559], [103.6791154, 1.3484962], [103.679099, 1.3485595]]]}},
{"type": "Feature", "properties": {"osm_way": 500015541, "osm_name": "BLK 7 (Science)", "height_m": 10.0, "min_height_m": 0.0}, "geometry": {"type": "Polygon", "coordinates": [[[103.6785975, 1.3497607], [103.6788527, 1.3497624], [103.6788537, 1.3496146], [103.678856, 1.3492887], [103.6801534, 1.3492977], [103.6801519, 1.3495172], [103.6803695, 1.3495188], [103.6803726, 1.3490763], [103.6803066, 1.3490758], [103.6794301, 1.3490697], [103.6789408, 1.3490675], [103.6786024, 1.3490639], [103.6786018, 1.3491466], [103.6786014, 1.3492014], [103.6785975, 1.3497607]]]}},
{"type": "Feature", "properties": {"osm_way": 500015542, "osm_name": "BLK 5 (Physical Education)", "height_m": 10.0, "min_height_m": 0.0}, "geometry": {"type": "Polygon", "coordinates": [[[103.6772058, 1.3503087], [103.6768768, 1.3502201], [103.6768825, 1.3501859], [103.6768527, 1.3501794], [103.677079, 1.3493237], [103.6770534, 1.3493179], [103.6771081, 1.3491114], [103.677115, 1.3490854], [103.6771155, 1.3490836], [103.6773332, 1.3490819], [103.6774014, 1.349078], [103.677782, 1.3490802], [103.6777829, 1.3491075], [103.6777923, 1.349108], [103.6777929, 1.3490724], [103.6778453, 1.3490724], [103.6778457, 1.3491062], [103.6778575, 1.3491067], [103.6778576, 1.3490804], [103.6782699, 1.3490802], [103.6782698, 1.3491424], [103.6782678, 1.3492058], [103.678273, 1.3495918], [103.6782487, 1.3495954], [103.6782456, 1.3496609], [103.6781831, 1.3496615], [103.6781846, 1.3496846], [103.6780244, 1.3496829], [103.6780169, 1.3495284], [103.6780476, 1.3495277], [103.6780448, 1.3495019], [103.6780249, 1.349498], [103.6780319, 1.3493375], [103.6780128, 1.3493179], [103.6778867, 1.3493182], [103.677887, 1.3493103], [103.677844, 1.3493105], [103.6778435, 1.3493295], [103.6777884, 1.3493295], [103.6777897, 1.3493114], [103.6777461, 1.3493104], [103.6777459, 1.3493212], [103.6772982, 1.3493202], [103.6772789, 1.3493763], [103.6774369, 1.3494164], [103.6772981, 1.3499661], [103.6772058, 1.3503087]]]}},
{"type": "Feature", "properties": {"osm_way": 500015543, "osm_name": "BLK 4 (Canteen & Library)", "height_m": 10.0, "min_height_m": 0.0}, "geometry": {"type": "Polygon", "coordinates": [[[103.677244, 1.3482709], [103.6772094, 1.3482825], [103.6772216, 1.3483126], [103.6771753, 1.3483295], [103.6772356, 1.348434], [103.6772862, 1.3484145], [103.6773035, 1.3484585], [103.6773647, 1.3484461], [103.6774126, 1.3484562], [103.6774763, 1.3484813], [103.6775048, 1.3485108], [103.6775367, 1.3485572], [103.6775524, 1.3485937], [103.6775528, 1.3486449], [103.6775477, 1.3486909], [103.6775215, 1.3487431], [103.6774727, 1.3487907], [103.6774255, 1.3488153], [103.6773749, 1.3488263], [103.6773253, 1.3488191], [103.6772554, 1.3487896], [103.6772301, 1.3488305], [103.6771859, 1.3487972], [103.6771073, 1.3488794], [103.6771457, 1.3489139], [103.6771232, 1.3489431], [103.6771492, 1.3489603], [103.6771344, 1.3489794], [103.6771939, 1.3490136], [103.6772622, 1.3490349], [103.6773344, 1.3490492], [103.6774015, 1.3490504], [103.6774686, 1.3490349], [103.6775402, 1.3490103], [103.6776027, 1.3489754], [103.6776653, 1.3489244], [103.6777175, 1.3488573], [103.6777517, 1.3487817], [103.6777708, 1.3487115], [103.677783, 1.3486236], [103.6777704, 1.3485412], [103.6777357, 1.3484447], [103.6776839, 1.3483707], [103.6776182, 1.3483062], [103.6775632, 1.3482747], [103.6775107, 1.3482472], [103.6774379, 1.3482297], [103.6773996, 1.3482251], [103.6773357, 1.3482225], [103.6772361, 1.3482398], [103.677244, 1.3482709]]]}},
{"type": "Feature", "properties": {"osm_way": 500015544, "osm_name": "", "height_m": 10.0, "min_height_m": 0.0}, "geometry": {"type": "Polygon", "coordinates": [[[103.6783426, 1.3494664], [103.6785205, 1.3494664], [103.6785212, 1.349201], [103.6785214, 1.3491462], [103.6784296, 1.3491457], [103.6783425, 1.3491453], [103.6783427, 1.3492047], [103.6783426, 1.3494664]]]}},
{"type": "Feature", "properties": {"osm_way": 500015545, "osm_name": "", "height_m": 10.0, "min_height_m": 0.0}, "geometry": {"type": "Polygon", "coordinates": [[[103.6783427, 1.3492047], [103.6782678, 1.3492058], [103.6782698, 1.3491424], [103.6783425, 1.3491453], [103.6783427, 1.3492047]]]}},
{"type": "Feature", "properties": {"osm_way": 500015546, "osm_name": "", "height_m": 10.0, "min_height_m": 0.0}, "geometry": {"type": "Polygon", "coordinates": [[[103.6785212, 1.349201], [103.6786014, 1.3492014], [103.6786018, 1.3491466], [103.6785214, 1.3491462], [103.6785212, 1.349201]]]}},
{"type": "Feature", "properties": {"osm_way": 500032226, "osm_name": "Blk N2.1", "height_m": 10.0, "min_height_m": 0.0}, "geometry": {"type": "Polygon", "coordinates": [[[103.6788435, 1.3464692], [103.6791867, 1.3464682], [103.679185, 1.3459027], [103.6788418, 1.3459037], [103.6788419, 1.3459425], [103.6788435, 1.3464692]]]}},
{"type": "Feature", "properties": {"osm_way": 500032228, "osm_name": "", "height_m": 10.0, "min_height_m": 0.0}, "geometry": {"type": "Polygon", "coordinates": [[[103.6793353, 1.3464574], [103.6795741, 1.3464567], [103.6795726, 1.3459132], [103.6793339, 1.3459138], [103.6793353, 1.3464574]]]}},
{"type": "Feature", "properties": {"osm_way": 500032229, "osm_name": "", "height_m": 10.0, "min_height_m": 0.0}, "geometry": {"type": "Polygon", "coordinates": [[[103.6798964, 1.3464543], [103.6801351, 1.3464537], [103.6801337, 1.3459102], [103.6798949, 1.3459108], [103.6798964, 1.3464543]]]}},
{"type": "Feature", "properties": {"osm_way": 500032231, "osm_name": "", "height_m": 10.0, "min_height_m": 0.0}, "geometry": {"type": "Polygon", "coordinates": [[[103.6796767, 1.346396], [103.6798187, 1.3463972], [103.6798226, 1.3459392], [103.6796806, 1.345938], [103.6796767, 1.346396]]]}},
{"type": "Feature", "properties": {"osm_way": 500300128, "osm_name": "Blk 17B", "height_m": 24.5, "min_height_m": 0.0}, "geometry": {"type": "Polygon", "coordinates": [[[103.6882137, 1.3464123], [103.6883752, 1.3463642], [103.6884094, 1.3463691], [103.6885217, 1.3464999], [103.6886131, 1.346424], [103.6884994, 1.3462931], [103.6884932, 1.346242], [103.6885455, 1.3460505], [103.6884228, 1.3460211], [103.6883722, 1.3462165], [103.6883525, 1.3462361], [103.6881755, 1.3462827], [103.6881811, 1.3463104], [103.6881943, 1.3463565], [103.6882137, 1.3464123]]]}},
{"type": "Feature", "properties": {"osm_way": 500300129, "osm_name": "Blk 18B", "height_m": 10.0, "min_height_m": 0.0}, "geometry": {"type": "Polygon", "coordinates": [[[103.688725, 1.3464217], [103.6888465, 1.3463373], [103.6890348, 1.3463543], [103.6890503, 1.3463106], [103.6890523, 1.3463051], [103.6890698, 1.3462558], [103.6889313, 1.3462059], [103.6889213, 1.3461106], [103.6889126, 1.3460345], [103.6888004, 1.3460363], [103.6888036, 1.3462136], [103.6888038, 1.3462265], [103.6886384, 1.3463325], [103.688699, 1.3463837], [103.688725, 1.3464217]]]}},
{"type": "Feature", "properties": {"osm_way": 500300130, "osm_name": "Blk 17A", "height_m": 24.5, "min_height_m": 0.0}, "geometry": {"type": "Polygon", "coordinates": [[[103.687713, 1.3463797], [103.6878973, 1.3464926], [103.687914, 1.3465105], [103.6879021, 1.3467035], [103.6880286, 1.3467061], [103.6880347, 1.3465197], [103.6880615, 1.3464906], [103.6881956, 1.3464146], [103.6881293, 1.346313], [103.6880015, 1.3463785], [103.6879637, 1.3463782], [103.6877732, 1.3462695], [103.687713, 1.3463797]]]}},
{"type": "Feature", "properties": {"osm_way": 500300131, "osm_name": "Blk 17C", "height_m": 24.5, "min_height_m": 0.0}, "geometry": {"type": "Polygon", "coordinates": [[[103.6883144, 1.3457876], [103.6883452, 1.3458093], [103.6884022, 1.3459654], [103.6885161, 1.3459239], [103.6884495, 1.3457654], [103.6884481, 1.3457271], [103.6885766, 1.3455775], [103.6884784, 1.345499], [103.6883754, 1.3456442], [103.6883444, 1.3456608], [103.6881183, 1.345623], [103.6880976, 1.345737], [103.6883144, 1.3457876]]]}},
{"type": "Feature", "properties": {"osm_way": 500300132, "osm_name": "Blk 17D", "height_m": 10.0, "min_height_m": 0.0}, "geometry": {"type": "Polygon", "coordinates": [[[103.6877248, 1.3461757], [103.6877884, 1.3461684], [103.6879066, 1.3461494], [103.6879358, 1.3461615], [103.6880388, 1.3462767], [103.6880792, 1.3462395], [103.688125, 1.3461954], [103.6880309, 1.3460686], [103.6880299, 1.3460444], [103.6881035, 1.3458283], [103.6880155, 1.3458], [103.6879818, 1.3457849], [103.6879692, 1.3458171], [103.6879111, 1.3459984], [103.6878848, 1.3460165], [103.6877059, 1.3460524], [103.6877248, 1.3461757]]]}},
{"type": "Feature", "properties": {"osm_way": 500300133, "osm_name": "Blk 18C", "height_m": 10.0, "min_height_m": 0.0}, "geometry": {"type": "Polygon", "coordinates": [[[103.6886237, 1.3457123], [103.6887958, 1.3457819], [103.6888184, 1.3458076], [103.6888337, 1.3459636], [103.6889496, 1.3459549], [103.6889365, 1.3457997], [103.688952, 1.3457674], [103.6890013, 1.3457316], [103.6890776, 1.3456759], [103.6890291, 1.345598], [103.6890133, 1.3455678], [103.6889182, 1.3456369], [103.6888843, 1.3456551], [103.6888433, 1.3456602], [103.6886827, 1.3455861], [103.6886237, 1.3457123]]]}},
{"type": "Feature", "properties": {"osm_way": 500300134, "osm_name": "Blk 18D", "height_m": 10.0, "min_height_m": 0.0}, "geometry": {"type": "Polygon", "coordinates": [[[103.6891752, 1.3459204], [103.6892416, 1.3460954], [103.6892424, 1.3461348], [103.689185, 1.3462071], [103.6892802, 1.3462765], [103.6893339, 1.3462033], [103.6893783, 1.3461916], [103.6895309, 1.3462111], [103.68954, 1.3460902], [103.6893823, 1.3460752], [103.6893502, 1.346049], [103.6892821, 1.3458753], [103.6891752, 1.3459204]]]}},
{"type": "Feature", "properties": {"osm_way": 500300135, "osm_name": "Blk 18A", "height_m": 10.0, "min_height_m": 0.0}, "geometry": {"type": "Polygon", "coordinates": [[[103.6891086, 1.3464083], [103.6891745, 1.3464495], [103.6892383, 1.3464888], [103.6892577, 1.3465034], [103.6892712, 1.3465378], [103.6892695, 1.3466928], [103.6892709, 1.3467197], [103.6892976, 1.3467189], [103.6893133, 1.3467184], [103.6893993, 1.3467186], [103.6894004, 1.3465368], [103.689407, 1.3465118], [103.689613, 1.3464226], [103.6895582, 1.3463132], [103.6893411, 1.3464081], [103.6891744, 1.3463038], [103.689171, 1.3463089], [103.6891432, 1.3463516], [103.6891425, 1.3463527], [103.6891417, 1.3463538], [103.6891142, 1.3464005], [103.6891086, 1.3464083]]]}},
{"type": "Feature", "properties": {"osm_way": 506855835, "osm_name": "Tan Chin Tuan Lecture Theatre", "height_m": 10.0, "min_height_m": 0.0}, "geometry": {"type": "Polygon", "coordinates": [[[103.6810559, 1.3453466], [103.6811053, 1.3453465], [103.6812757, 1.3453445], [103.681276, 1.3451162], [103.6809216, 1.345118], [103.6809212, 1.3453464], [103.6810559, 1.3453466]]]}},
{"type": "Feature", "properties": {"osm_way": 508384940, "osm_name": "", "height_m": 10.0, "min_height_m": 0.0}, "geometry": {"type": "Polygon", "coordinates": [[[103.6868726, 1.3537996], [103.6869889, 1.3537503], [103.6871174, 1.3539464], [103.6870206, 1.3540295], [103.6868726, 1.3537996]]]}},
{"type": "Feature", "properties": {"osm_way": 508384941, "osm_name": "", "height_m": 24.5, "min_height_m": 0.0}, "geometry": {"type": "Polygon", "coordinates": [[[103.6867323, 1.3532879], [103.6867196, 1.3532969], [103.6867555, 1.3533474], [103.686694, 1.3533911], [103.6866607, 1.3533444], [103.6866523, 1.3533504], [103.6866137, 1.3532963], [103.6866585, 1.3532645], [103.6866047, 1.3531889], [103.6866516, 1.3531555], [103.6866045, 1.3530895], [103.6866623, 1.3530484], [103.6866696, 1.3530588], [103.6867139, 1.3530273], [103.6867544, 1.3530842], [103.6867122, 1.3531142], [103.6867223, 1.3531285], [103.6866875, 1.3531532], [103.6867307, 1.3532141], [103.6867663, 1.3531887], [103.6867758, 1.353202], [103.6868191, 1.3531712], [103.6868637, 1.3532339], [103.6868171, 1.353267], [103.6868222, 1.3532741], [103.68677, 1.3533112], [103.6867278, 1.3532518], [103.6867137, 1.3532618], [103.6867323, 1.3532879]]]}},
{"type": "Feature", "properties": {"osm_way": 508384942, "osm_name": "", "height_m": 24.5, "min_height_m": 0.0}, "geometry": {"type": "Polygon", "coordinates": [[[103.6869287, 1.3537209], [103.6869057, 1.3536719], [103.686941, 1.3536554], [103.6869514, 1.3536775], [103.6870601, 1.3536265], [103.6870259, 1.3535535], [103.686975, 1.3535774], [103.6869669, 1.3535599], [103.6869364, 1.3535742], [103.6869088, 1.3535155], [103.6869351, 1.3535032], [103.6869267, 1.3534853], [103.6869835, 1.3534586], [103.6869393, 1.3533645], [103.686805, 1.3534276], [103.686822, 1.3534637], [103.6868077, 1.3534704], [103.6867849, 1.3534219], [103.6867146, 1.3534549], [103.6867394, 1.3535078], [103.6867323, 1.3535111], [103.6867609, 1.353572], [103.6868275, 1.3535407], [103.686841, 1.3535696], [103.6867781, 1.3535991], [103.6868286, 1.3537068], [103.6868358, 1.3537034], [103.6868593, 1.3537535], [103.6869287, 1.3537209]]]}},
{"type": "Feature", "properties": {"osm_way": 508384943, "osm_name": "", "height_m": 10.0, "min_height_m": 0.0}, "geometry": {"type": "Polygon", "coordinates": [[[103.6870769, 1.3536324], [103.6870819, 1.3535578], [103.6871393, 1.3535617], [103.6871403, 1.3535467], [103.6871986, 1.3535506], [103.6871999, 1.3535319], [103.6871201, 1.3535266], [103.6871284, 1.3534016], [103.6872092, 1.353407], [103.6872051, 1.3534685], [103.6872248, 1.3534698], [103.6872225, 1.3535037], [103.687288, 1.3535081], [103.6872929, 1.3534355], [103.6873595, 1.3534399], [103.6873589, 1.3534498], [103.6874158, 1.3534535], [103.6874108, 1.3535289], [103.6873575, 1.3535254], [103.6873565, 1.3535414], [103.6873105, 1.3535383], [103.687309, 1.3535604], [103.6873782, 1.353565], [103.6873707, 1.3536774], [103.6872932, 1.3536723], [103.687297, 1.3536152], [103.6872801, 1.3536141], [103.687281, 1.3536005], [103.6871949, 1.3535947], [103.6871919, 1.3536401], [103.6870769, 1.3536324]]]}},
{"type": "Feature", "properties": {"osm_way": 508384944, "osm_name": "", "height_m": 10.0, "min_height_m": 0.0}, "geometry": {"type": "Polygon", "coordinates": [[[103.6873852, 1.3538075], [103.6873843, 1.3538775], [103.6873696, 1.3538773], [103.6873689, 1.353929], [103.6873429, 1.3539286], [103.6873425, 1.3539581], [103.6872893, 1.3539574], [103.68729, 1.353898], [103.6872842, 1.3538979], [103.6872854, 1.3538063], [103.6873852, 1.3538075]]]}},
{"type": "Feature", "properties": {"osm_way": 508384945, "osm_name": "", "height_m": 10.0, "min_height_m": 0.0}, "geometry": {"type": "Polygon", "coordinates": [[[103.6872697, 1.3540789], [103.6873137, 1.3540514], [103.6872709, 1.3539829], [103.687221, 1.3540141], [103.6872175, 1.3540084], [103.6871632, 1.3540423], [103.6872029, 1.354106], [103.6871867, 1.3541161], [103.6871572, 1.3540689], [103.6871474, 1.354075], [103.687119, 1.3540295], [103.6870542, 1.3540699], [103.6870841, 1.3541178], [103.6870759, 1.3541229], [103.6871092, 1.3541761], [103.6871685, 1.354139], [103.6872158, 1.3542145], [103.6871571, 1.3542512], [103.6872244, 1.3543587], [103.6872516, 1.3543417], [103.6872471, 1.3543347], [103.6872898, 1.3543079], [103.6872598, 1.3542603], [103.6872732, 1.3542519], [103.6872536, 1.3542206], [103.6872714, 1.3542093], [103.6873136, 1.3542764], [103.6873723, 1.3542395], [103.6873681, 1.3542329], [103.6874169, 1.3542023], [103.6873693, 1.3541264], [103.6873269, 1.354153], [103.687317, 1.3541372], [103.6872792, 1.3541609], [103.6872485, 1.3541118], [103.6872785, 1.354093], [103.6872697, 1.3540789]]]}},
{"type": "Feature", "properties": {"osm_way": 508384946, "osm_name": "Blk 19A", "height_m": 10.0, "min_height_m": 0.0}, "geometry": {"type": "Polygon", "coordinates": [[[103.6876147, 1.3545081], [103.6876139, 1.3544158], [103.6875316, 1.3544165], [103.6875314, 1.3543895], [103.6876125, 1.3543887], [103.6876118, 1.3543144], [103.6876427, 1.354315], [103.6876435, 1.3542988], [103.6876116, 1.3542989], [103.6876098, 1.3541954], [103.6875944, 1.3541943], [103.6875955, 1.3542267], [103.687553, 1.3542262], [103.6875538, 1.3541914], [103.6875381, 1.3541916], [103.6875361, 1.3542264], [103.687449, 1.3542275], [103.6874473, 1.354098], [103.6876343, 1.3540955], [103.687633, 1.3540008], [103.6877113, 1.3539997], [103.6877106, 1.3540554], [103.687692, 1.3540562], [103.687727, 1.3540793], [103.687693, 1.3541368], [103.6877225, 1.3541394], [103.6877261, 1.3541163], [103.6877685, 1.3541159], [103.6877686, 1.3541446], [103.6877828, 1.3541445], [103.6877828, 1.3541179], [103.6878459, 1.3541175], [103.687846, 1.3541417], [103.6878625, 1.3541412], [103.6878618, 1.3541027], [103.6878885, 1.3541023], [103.6878896, 1.354178], [103.6878657, 1.3541783], [103.6878662, 1.354218], [103.6877826, 1.3542192], [103.6877829, 1.3541924], [103.6877678, 1.354193], [103.6877676, 1.3542194], [103.687725, 1.3542199], [103.6877256, 1.3541955], [103.6877175, 1.3541951], [103.687718, 1.3542108], [103.6876782, 1.3542108], [103.6876787, 1.3542352], [103.6877146, 1.3542349], [103.6877146, 1.3542975], [103.6876865, 1.3542976], [103.6876859, 1.3543146], [103.6877148, 1.3543142], [103.6877174, 1.3545068], [103.6876147, 1.3545081]]]}},
{"type": "Feature", "properties": {"osm_way": 508384947, "osm_name": "Blk 19B", "height_m": 10.0, "min_height_m": 0.0}, "geometry": {"type": "Polygon", "coordinates": [[[103.6875136, 1.3537998], [103.6874913, 1.3537198], [103.687527, 1.3537099], [103.6875163, 1.3536714], [103.6876632, 1.3536305], [103.687654, 1.3535972], [103.6876329, 1.3536031], [103.6875989, 1.3534812], [103.6876362, 1.3534708], [103.6876427, 1.3534943], [103.6877146, 1.3534742], [103.6877085, 1.3534522], [103.6877466, 1.3534416], [103.6877805, 1.3535633], [103.6877567, 1.3535699], [103.6877666, 1.3536055], [103.687855, 1.3535809], [103.6879284, 1.3535605], [103.6879604, 1.3536755], [103.687878, 1.3536982], [103.6878699, 1.3536663], [103.6878556, 1.353671], [103.6878651, 1.3537017], [103.6876439, 1.3537627], [103.6876398, 1.3537405], [103.6876249, 1.3537444], [103.6876307, 1.3537672], [103.6875136, 1.3537998]]]}},
{"type": "Feature", "properties": {"osm_way": 508384948, "osm_name": "Blk 20A", "height_m": 35.0, "min_height_m": 0.0}, "geometry": {"type": "Polygon", "coordinates": [[[103.6878526, 1.3539895], [103.6878534, 1.3540298], [103.6880054, 1.3540292], [103.6880025, 1.3541986], [103.6879193, 1.3541984], [103.6879186, 1.3542215], [103.6880017, 1.3542215], [103.6880015, 1.3543205], [103.6880441, 1.3543207], [103.6880442, 1.3542931], [103.6880584, 1.3542931], [103.6880573, 1.3543207], [103.688097, 1.3543209], [103.6880974, 1.3542175], [103.6880697, 1.3542169], [103.6880704, 1.3541841], [103.6880976, 1.3541854], [103.6880978, 1.3541225], [103.688069, 1.3541227], [103.6880682, 1.3541066], [103.6880979, 1.3541065], [103.6880982, 1.3540331], [103.6882542, 1.3540338], [103.6882547, 1.3539322], [103.6881066, 1.3539359], [103.6881056, 1.3539085], [103.6880553, 1.3539111], [103.6880551, 1.3538396], [103.6879902, 1.3538416], [103.68799, 1.353887], [103.6880296, 1.3539585], [103.6879867, 1.3539581], [103.6879874, 1.3539311], [103.6878411, 1.3539334], [103.6878426, 1.3539104], [103.6878138, 1.3539103], [103.6878124, 1.3539882], [103.6878526, 1.3539895]]]}},
{"type": "Feature", "properties": {"osm_way": 508384949, "osm_name": "Blk 20B", "height_m": 35.0, "min_height_m": 0.0}, "geometry": {"type": "Polygon", "coordinates": [[[103.6882299, 1.3533978], [103.6882306, 1.3535187], [103.6881835, 1.3535189], [103.6881836, 1.353544], [103.6879961, 1.3535451], [103.6879965, 1.3536044], [103.6880388, 1.3536041], [103.688039, 1.3536507], [103.6881738, 1.3536499], [103.6881736, 1.3536167], [103.6882167, 1.3536165], [103.6881702, 1.3536893], [103.6881696, 1.353771], [103.6882574, 1.3537717], [103.6882582, 1.3536664], [103.6883041, 1.3536667], [103.6883043, 1.3536446], [103.6884306, 1.3536455], [103.6884306, 1.353634], [103.6884443, 1.3536341], [103.6884448, 1.353571], [103.688431, 1.3535709], [103.6884312, 1.3535471], [103.6882712, 1.3535459], [103.6882714, 1.3535219], [103.6882423, 1.3535217], [103.6882432, 1.3534071], [103.6882534, 1.3533985], [103.6882918, 1.3534441], [103.6883837, 1.3533666], [103.6883668, 1.3533466], [103.6883467, 1.3533636], [103.6882876, 1.3532936], [103.6883067, 1.3532775], [103.6882928, 1.353261], [103.6881905, 1.3533474], [103.6881555, 1.353306], [103.6881957, 1.3532721], [103.6881844, 1.3532586], [103.6881354, 1.3533], [103.6881084, 1.3532681], [103.6880383, 1.3533274], [103.6880601, 1.3533531], [103.6880505, 1.3533613], [103.6880982, 1.3534176], [103.6880847, 1.353429], [103.6881084, 1.353457], [103.6882083, 1.3533723], [103.6882299, 1.3533978]]]}},
{"type": "Feature", "properties": {"osm_way": 508384951, "osm_name": "Blk 21A", "height_m": 10.0, "min_height_m": 0.0}, "geometry": {"type": "Polygon", "coordinates": [[[103.6883881, 1.3545081], [103.688388, 1.3544184], [103.6883093, 1.3544186], [103.6883092, 1.3543843], [103.6883871, 1.3543841], [103.6883869, 1.3543121], [103.6884215, 1.3543125], [103.6884209, 1.3542974], [103.6883869, 1.3542967], [103.6883883, 1.354194], [103.6883765, 1.3541953], [103.6883785, 1.3542253], [103.6883355, 1.3542244], [103.6883364, 1.3541897], [103.6883217, 1.3541909], [103.6883215, 1.3542245], [103.6882421, 1.3542247], [103.688242, 1.3541758], [103.6882163, 1.3541759], [103.6882161, 1.3541043], [103.6882422, 1.3541042], [103.6882416, 1.3541434], [103.6882599, 1.3541425], [103.6882602, 1.3541249], [103.6883221, 1.3541255], [103.688322, 1.3541481], [103.6883376, 1.3541475], [103.6883375, 1.3541256], [103.6883748, 1.3541259], [103.6883749, 1.3541526], [103.688421, 1.3541524], [103.6883807, 1.3540764], [103.6883812, 1.3539955], [103.6884602, 1.353996], [103.6884596, 1.3540977], [103.6885106, 1.354098], [103.6885105, 1.3541198], [103.6885488, 1.3541194], [103.6885481, 1.3541476], [103.6885644, 1.354148], [103.6885645, 1.35412], [103.6886475, 1.3541204], [103.6886458, 1.3542257], [103.6885639, 1.354225], [103.6885641, 1.3541968], [103.68855, 1.3541965], [103.6885496, 1.3542202], [103.6885062, 1.3542206], [103.6885076, 1.3541972], [103.6884947, 1.3541969], [103.6884948, 1.3542102], [103.6884585, 1.3542094], [103.6884582, 1.3542352], [103.6884944, 1.3542355], [103.6884933, 1.3542975], [103.6884603, 1.3542972], [103.6884606, 1.3543139], [103.6884896, 1.3543136], [103.6884905, 1.3543755], [103.688461, 1.3543754], [103.6884615, 1.354407], [103.6884921, 1.3544082], [103.6884923, 1.3544519], [103.6884785, 1.3544502], [103.6884756, 1.3544608], [103.6884363, 1.3544596], [103.688437, 1.354508], [103.6883881, 1.3545081]]]}},
{"type": "Feature", "properties": {"osm_way": 508384952, "osm_name": "Blk 21B", "height_m": 10.0, "min_height_m": 0.0}, "geometry": {"type": "Polygon", "coordinates": [[[103.6888167, 1.3533901], [103.6888028, 1.3533723], [103.6887868, 1.353386], [103.6887953, 1.3533961], [103.6887117, 1.3535434], [103.6886587, 1.3535123], [103.6886452, 1.3535324], [103.6886342, 1.3535248], [103.6886472, 1.3535069], [103.6885753, 1.3534661], [103.6885541, 1.3535035], [103.6885319, 1.3534909], [103.6885006, 1.3535502], [103.688531, 1.3535642], [103.6885552, 1.353525], [103.6885667, 1.3535315], [103.6885431, 1.3535688], [103.688595, 1.3535961], [103.6886166, 1.3535563], [103.6886293, 1.3535637], [103.6886087, 1.3536038], [103.6886591, 1.3536322], [103.688676, 1.3536025], [103.6887148, 1.3536246], [103.6886834, 1.3536417], [103.6887276, 1.3537228], [103.6887719, 1.3536987], [103.688795, 1.3536575], [103.6888019, 1.3536618], [103.6887777, 1.353702], [103.6888277, 1.3537306], [103.6888509, 1.3536938], [103.6888634, 1.3536997], [103.6888393, 1.3537372], [103.6889088, 1.3537769], [103.6889589, 1.3536893], [103.6888901, 1.3536512], [103.6888755, 1.3536734], [103.6888647, 1.3536663], [103.6888794, 1.3536438], [103.6887775, 1.3535856], [103.6887974, 1.3535508], [103.6887427, 1.3535195], [103.6888167, 1.3533901]]]}},
{"type": "Feature", "properties": {"osm_way": 508384954, "osm_name": "", "height_m": 3.5, "min_height_m": 0.0}, "geometry": {"type": "Polygon", "coordinates": [[[103.6884956, 1.3535022], [103.6888888, 1.3531739], [103.6888092, 1.3530786], [103.6888635, 1.3530332], [103.6887762, 1.3529288], [103.6887252, 1.3529714], [103.6886775, 1.3529143], [103.6883878, 1.3531562], [103.6885228, 1.3533177], [103.688416, 1.3534069], [103.6884956, 1.3535022]]]}},
{"type": "Feature", "properties": {"osm_way": 518158328, "osm_name": "Block 55", "height_m": 10.0, "min_height_m": 0.0}, "geometry": {"type": "Polygon", "coordinates": [[[103.686535, 1.3555903], [103.6865377, 1.3555762], [103.6865519, 1.3555775], [103.6865507, 1.355595], [103.6866166, 1.3555961], [103.6866164, 1.3555261], [103.6866036, 1.355525], [103.6865995, 1.3552543], [103.6865224, 1.3552538], [103.6865282, 1.3555136], [103.6864146, 1.3555145], [103.6864092, 1.3552122], [103.6863795, 1.3552121], [103.6863145, 1.3552138], [103.6863176, 1.3553073], [103.6863324, 1.3553087], [103.686335, 1.3555251], [103.6863196, 1.3555258], [103.6863208, 1.355599], [103.686331, 1.3555978], [103.6863309, 1.3557339], [103.6863503, 1.3557341], [103.6863473, 1.355748], [103.686415, 1.3557471], [103.686415, 1.3557238], [103.686445, 1.3557242], [103.6864459, 1.3556819], [103.6864149, 1.3556821], [103.6864147, 1.3555911], [103.686535, 1.3555903]]]}},
{"type": "Feature", "properties": {"osm_way": 518158330, "osm_name": "Block 56", "height_m": 10.0, "min_height_m": 0.0}, "geometry": {"type": "Polygon", "coordinates": [[[103.6870651, 1.3552202], [103.6870669, 1.3552904], [103.6869947, 1.3552922], [103.6869941, 1.3552702], [103.6867214, 1.355277], [103.6867193, 1.3551954], [103.6867425, 1.3551948], [103.6867417, 1.3551638], [103.6867852, 1.3551627], [103.6867861, 1.3551977], [103.68698, 1.3551928], [103.6869771, 1.3550791], [103.6866805, 1.3550867], [103.6866803, 1.3550799], [103.6866792, 1.3550518], [103.6866781, 1.3549907], [103.6867671, 1.3549884], [103.6867676, 1.3550107], [103.6869879, 1.3550051], [103.6869877, 1.3549954], [103.6870675, 1.3549934], [103.6870678, 1.355003], [103.6871984, 1.3549998], [103.6871986, 1.3550101], [103.6872081, 1.3550098], [103.6872097, 1.3550748], [103.6871868, 1.3550754], [103.6871891, 1.3551122], [103.6871519, 1.3551132], [103.6871504, 1.3550778], [103.6870561, 1.3550803], [103.6870589, 1.3551947], [103.6870433, 1.355195], [103.6870439, 1.3552207], [103.6870651, 1.3552202]]]}},
{"type": "Feature", "properties": {"osm_way": 518158333, "osm_name": "Block 54", "height_m": 10.0, "min_height_m": 0.0}, "geometry": {"type": "Polygon", "coordinates": [[[103.6858121, 1.3550425], [103.6858123, 1.3549694], [103.6858775, 1.3549696], [103.6858774, 1.3549832], [103.6861498, 1.3549843], [103.6861495, 1.3550664], [103.6861228, 1.3550663], [103.6861226, 1.3550946], [103.686093, 1.3550945], [103.6860931, 1.3550663], [103.685893, 1.3550652], [103.6858924, 1.3551781], [103.6862014, 1.3551798], [103.6862009, 1.3552648], [103.6861897, 1.3552647], [103.6861896, 1.35528], [103.6861155, 1.3552796], [103.6861156, 1.3552618], [103.6860809, 1.3552616], [103.6860808, 1.3552786], [103.6858879, 1.3552776], [103.6858881, 1.355244], [103.6858746, 1.3552439], [103.6858746, 1.355258], [103.6858161, 1.3552577], [103.6858161, 1.3552479], [103.6858064, 1.3552478], [103.6858063, 1.3552769], [103.6856756, 1.3552728], [103.6856771, 1.3552514], [103.6856624, 1.3552514], [103.6856605, 1.3551808], [103.6856824, 1.35518], [103.6856826, 1.3551484], [103.6857203, 1.3551485], [103.6857202, 1.3551826], [103.6858116, 1.3551828], [103.6858119, 1.3550626], [103.6858309, 1.3550627], [103.685831, 1.3550426], [103.6858121, 1.3550425]]]}},
{"type": "Feature", "properties": {"osm_way": 518158336, "osm_name": "Block 53", "height_m": 10.0, "min_height_m": 0.0}, "geometry": {"type": "Polygon", "coordinates": [[[103.6863639, 1.3542516], [103.6862945, 1.354253], [103.6862958, 1.354322], [103.6863094, 1.3543217], [103.6863146, 1.3545988], [103.6864034, 1.3545971], [103.6863985, 1.3543402], [103.6865078, 1.3543381], [103.6865134, 1.3546402], [103.6865179, 1.3546402], [103.6865327, 1.35464], [103.686594, 1.3546387], [103.6865938, 1.3546263], [103.686605, 1.354626], [103.6865991, 1.3543225], [103.6865713, 1.354323], [103.6865711, 1.3543143], [103.6865831, 1.3543141], [103.6865819, 1.3542562], [103.6865667, 1.3542565], [103.6865665, 1.3542449], [103.6865964, 1.3542443], [103.6865939, 1.3541163], [103.686571, 1.3541167], [103.6865706, 1.3541009], [103.6865037, 1.3541022], [103.6865041, 1.3541241], [103.6864714, 1.3541248], [103.6864722, 1.3541667], [103.686505, 1.3541661], [103.6865067, 1.3542528], [103.6863881, 1.3542552], [103.6863884, 1.3542747], [103.6863644, 1.3542751], [103.6863639, 1.3542516]]]}},
{"type": "Feature", "properties": {"osm_way": 518158338, "osm_name": "", "height_m": 10.0, "min_height_m": 0.0}, "geometry": {"type": "Polygon", "coordinates": [[[103.6864092, 1.3552122], [103.6864086, 1.3551588], [103.6865601, 1.3550414], [103.6865958, 1.3550842], [103.6866803, 1.3550799], [103.6866792, 1.3550518], [103.686607, 1.3550534], [103.6865663, 1.3550107], [103.6865793, 1.3550004], [103.6865707, 1.3549902], [103.6866104, 1.3549597], [103.6865921, 1.3549378], [103.6866041, 1.3549274], [103.6865052, 1.354803], [103.6864953, 1.3548114], [103.6864743, 1.3547857], [103.6865393, 1.354736], [103.6865499, 1.3547492], [103.6865845, 1.3547206], [103.6865508, 1.3546813], [103.6865415, 1.3546886], [103.6865327, 1.3546792], [103.6865327, 1.35464], [103.6865179, 1.3546402], [103.6865193, 1.3546871], [103.6865288, 1.3546981], [103.6865136, 1.354712], [103.6865218, 1.354721], [103.6864323, 1.3547908], [103.6864057, 1.3547579], [103.686394, 1.3547671], [103.6863879, 1.3547594], [103.6864372, 1.3547212], [103.6863891, 1.3546592], [103.6863438, 1.354695], [103.6863381, 1.3546879], [103.686346, 1.3546817], [103.6863155, 1.3546428], [103.6862811, 1.3546705], [103.6863117, 1.3547083], [103.6862959, 1.3547202], [103.6862835, 1.3547049], [103.6862664, 1.354719], [103.6862527, 1.3547016], [103.6862692, 1.3546881], [103.6862239, 1.3546287], [103.6861592, 1.3546806], [103.6862058, 1.3547386], [103.6862205, 1.3547265], [103.6862327, 1.354742], [103.686217, 1.3547523], [103.6862275, 1.354766], [103.686215, 1.3547765], [103.6861844, 1.3547399], [103.6861412, 1.3547724], [103.6861743, 1.3548126], [103.6861849, 1.3548032], [103.686191, 1.3548118], [103.6861452, 1.3548449], [103.6861976, 1.354911], [103.6862399, 1.3548758], [103.6862454, 1.3548833], [103.6862357, 1.3548912], [103.6862635, 1.3549249], [103.6862738, 1.3549154], [103.6862803, 1.3549258], [103.6862334, 1.3549613], [103.6863734, 1.3551461], [103.6864198, 1.355111], [103.6864258, 1.3551177], [103.6863788, 1.3551557], [103.6863795, 1.3552121], [103.6864092, 1.3552122]]]}},
{"type": "Feature", "properties": {"osm_way": 518158340, "osm_name": "Block 48", "height_m": 14.0, "min_height_m": 0.0}, "geometry": {"type": "Polygon", "coordinates": [[[103.6855882, 1.3530572], [103.6856735, 1.3531717], [103.6858086, 1.3533411], [103.6858582, 1.3533028], [103.6858773, 1.3532881], [103.6857848, 1.3531671], [103.6858707, 1.3531061], [103.6858616, 1.3530929], [103.6859434, 1.3530695], [103.6859236, 1.3530126], [103.6859109, 1.3530169], [103.6857816, 1.3525821], [103.6856873, 1.3526119], [103.68582, 1.3530364], [103.6857338, 1.3531026], [103.685657, 1.3530042], [103.6855882, 1.3530572]]]}},
{"type": "Feature", "properties": {"osm_way": 518158343, "osm_name": "Block 47", "height_m": 10.0, "min_height_m": 0.0}, "geometry": {"type": "Polygon", "coordinates": [[[103.6850585, 1.3528617], [103.68514, 1.3528253], [103.6852459, 1.3530624], [103.6853448, 1.3530182], [103.6852494, 1.3528046], [103.6852715, 1.3527947], [103.6853422, 1.3527632], [103.685564, 1.3532595], [103.6854915, 1.3532919], [103.6854788, 1.3532976], [103.6853892, 1.3530971], [103.6852012, 1.3531811], [103.6850585, 1.3528617]]]}},
{"type": "Feature", "properties": {"osm_way": 518158345, "osm_name": "Block 46", "height_m": 10.0, "min_height_m": 0.0}, "geometry": {"type": "Polygon", "coordinates": [[[103.6850366, 1.352824], [103.6850812, 1.352753], [103.6848654, 1.3526178], [103.6849239, 1.3525246], [103.6851208, 1.352648], [103.6851301, 1.352633], [103.6851732, 1.3525643], [103.6847201, 1.3522804], [103.6846711, 1.3523585], [103.6846918, 1.3523715], [103.6846714, 1.3524041], [103.6847102, 1.3524285], [103.6847328, 1.3523925], [103.6848563, 1.3524699], [103.6847478, 1.352643], [103.6850366, 1.352824]]]}},
{"type": "Feature", "properties": {"osm_way": 518158348, "osm_name": "", "height_m": 10.0, "min_height_m": 0.0}, "geometry": {"type": "Polygon", "coordinates": [[[103.6854246, 1.3526882], [103.6854419, 1.3526742], [103.6854663, 1.3527043], [103.6856437, 1.3525611], [103.6856803, 1.3525316], [103.6856574, 1.3525032], [103.6856544, 1.3524995], [103.6856326, 1.3525171], [103.6854804, 1.3523285], [103.6855018, 1.3523112], [103.6854635, 1.3522637], [103.6854279, 1.3522924], [103.6853987, 1.3522563], [103.6853609, 1.3522868], [103.6853489, 1.352272], [103.6853393, 1.3522798], [103.6852877, 1.3523214], [103.6852779, 1.3523294], [103.6852898, 1.3523441], [103.6852505, 1.3523759], [103.6852837, 1.352417], [103.6852526, 1.3524421], [103.6852838, 1.3524807], [103.6852676, 1.3524938], [103.6853542, 1.352601], [103.6854246, 1.3526882]]]}},
{"type": "Feature", "properties": {"osm_way": 518497755, "osm_name": "North Hill Food Court", "height_m": 10.0, "min_height_m": 0.0}, "geometry": {"type": "Polygon", "coordinates": [[[103.6880612, 1.354572], [103.6881573, 1.3546137], [103.688291, 1.3543056], [103.6881948, 1.3542639], [103.6880612, 1.354572]]]}},
{"type": "Feature", "properties": {"osm_way": 518953435, "osm_name": "Block 43", "height_m": 10.0, "min_height_m": 0.0}, "geometry": {"type": "Polygon", "coordinates": [[[103.6850888, 1.3517394], [103.6851744, 1.351712], [103.6850104, 1.3512003], [103.6849235, 1.3512281], [103.6849952, 1.3514517], [103.68489, 1.3514854], [103.6848116, 1.3512408], [103.6847269, 1.3512679], [103.684831, 1.351593], [103.6850222, 1.3515317], [103.6850888, 1.3517394]]]}},
{"type": "Feature", "properties": {"osm_way": 518953436, "osm_name": "Block 42", "height_m": 10.0, "min_height_m": 0.0}, "geometry": {"type": "Polygon", "coordinates": [[[103.6845974, 1.3506607], [103.6846863, 1.3506086], [103.6849472, 1.3510529], [103.6848564, 1.3511062], [103.6847395, 1.3509071], [103.6846445, 1.3509628], [103.6847754, 1.3511858], [103.6847041, 1.3512276], [103.6845328, 1.3509358], [103.6847009, 1.3508371], [103.6845974, 1.3506607]]]}},
{"type": "Feature", "properties": {"osm_way": 518953437, "osm_name": "Block 41", "height_m": 10.0, "min_height_m": 0.0}, "geometry": {"type": "Polygon", "coordinates": [[[103.6846472, 1.3502994], [103.6845437, 1.3503549], [103.6844674, 1.3502169], [103.6843871, 1.3502603], [103.6845683, 1.350581], [103.6846486, 1.3505369], [103.6845873, 1.3504288], [103.6846782, 1.350379], [103.6850151, 1.3506601], [103.6850747, 1.3505874], [103.6847335, 1.3503004], [103.6847417, 1.3502852], [103.6846964, 1.3502468], [103.6846472, 1.3502994]]]}},
{"type": "Feature", "properties": {"osm_way": 518953944, "osm_name": "", "height_m": 10.0, "min_height_m": 0.0}, "geometry": {"type": "Polygon", "coordinates": [[[103.6819918, 1.352847], [103.6821315, 1.3529412], [103.6820982, 1.3529782], [103.6820865, 1.3530021], [103.6821958, 1.3530849], [103.6822155, 1.3530602], [103.6822437, 1.3530194], [103.6824977, 1.3532023], [103.6826144, 1.3530501], [103.6824943, 1.3529722], [103.6825484, 1.3529028], [103.6821616, 1.3526156], [103.6819918, 1.352847]]]}},
{"type": "Feature", "properties": {"osm_way": 518953945, "osm_name": "", "height_m": 10.0, "min_height_m": 0.0}, "geometry": {"type": "Polygon", "coordinates": [[[103.6822429, 1.3533532], [103.6824729, 1.3535239], [103.6825287, 1.3534488], [103.6823683, 1.3533321], [103.6823916, 1.3533004], [103.6824208, 1.3533223], [103.6824736, 1.3532474], [103.6823734, 1.3531726], [103.6822429, 1.3533532]]]}},
{"type": "Feature", "properties": {"osm_way": 518953946, "osm_name": "Blk 72", "height_m": 10.0, "min_height_m": 0.0}, "geometry": {"type": "Polygon", "coordinates": [[[103.6834382, 1.3541137], [103.6834553, 1.3542234], [103.6834674, 1.3542218], [103.6834719, 1.354251], [103.683498, 1.354268], [103.6834896, 1.3542802], [103.6835952, 1.3543516], [103.683603, 1.3543395], [103.6836582, 1.354376], [103.683696, 1.3543211], [103.6837069, 1.3543275], [103.6837974, 1.3541941], [103.6837866, 1.3541876], [103.6838434, 1.3541043], [103.6837872, 1.3540662], [103.6837961, 1.3540531], [103.6835168, 1.3538613], [103.6834656, 1.353934], [103.6834871, 1.3540475], [103.6835146, 1.3540414], [103.6835548, 1.3540709], [103.6835787, 1.3540307], [103.6835877, 1.3540272], [103.6837308, 1.3541255], [103.6836377, 1.3542633], [103.6835441, 1.3541996], [103.6835304, 1.3540954], [103.6834382, 1.3541137]]]}},
{"type": "Feature", "properties": {"osm_way": 518953947, "osm_name": "Blk 71", "height_m": 10.0, "min_height_m": 0.0}, "geometry": {"type": "Polygon", "coordinates": [[[103.683063, 1.3538543], [103.6830734, 1.3539785], [103.6831214, 1.3540103], [103.6831179, 1.3540196], [103.683217, 1.3540942], [103.6832271, 1.3540768], [103.6832826, 1.354117], [103.68332, 1.3540617], [103.6833323, 1.35407], [103.6834238, 1.3539357], [103.6834126, 1.3539294], [103.6834689, 1.3538482], [103.6834139, 1.3538088], [103.683422, 1.353796], [103.6831393, 1.3536044], [103.6830935, 1.3536773], [103.6831103, 1.3537899], [103.6831407, 1.353784], [103.68318, 1.3538098], [103.6832013, 1.3537722], [103.6832143, 1.3537694], [103.6833514, 1.3538689], [103.6832613, 1.3540054], [103.6831699, 1.353941], [103.6831521, 1.353841], [103.683063, 1.3538543]]]}},
{"type": "Feature", "properties": {"osm_way": 518953948, "osm_name": "Blk 70", "height_m": 10.0, "min_height_m": 0.0}, "geometry": {"type": "Polygon", "coordinates": [[[103.6827869, 1.3537753], [103.682694, 1.3537093], [103.6827032, 1.353697], [103.68268, 1.3536825], [103.6826783, 1.35365], [103.682663, 1.3536514], [103.682643, 1.3535247], [103.6826577, 1.3535212], [103.682646, 1.3534559], [103.6827135, 1.3534452], [103.682713, 1.3534325], [103.6828712, 1.3534087], [103.6828728, 1.3534216], [103.6829714, 1.3534061], [103.6829812, 1.3534744], [103.6829959, 1.353472], [103.6830232, 1.3536547], [103.6830293, 1.3536636], [103.6830118, 1.3536682], [103.6830199, 1.3537003], [103.6830329, 1.3536979], [103.6830374, 1.3537257], [103.6830427, 1.3537284], [103.6830373, 1.3537382], [103.6830474, 1.3538038], [103.6829788, 1.3538124], [103.6829696, 1.3538265], [103.6828719, 1.3537528], [103.6828915, 1.3537296], [103.6828833, 1.353685], [103.6829234, 1.3536799], [103.6829294, 1.3536679], [103.6829035, 1.3535013], [103.6827403, 1.3535238], [103.6827568, 1.353637], [103.6828426, 1.3536992], [103.6827869, 1.3537753]]]}},
{"type": "Feature", "properties": {"osm_way": 518953949, "osm_name": "Blk 69", "height_m": 10.0, "min_height_m": 0.0}, "geometry": {"type": "Polygon", "coordinates": [[[103.682669, 1.3530039], [103.6826012, 1.3530914], [103.6826105, 1.3531008], [103.6825966, 1.3531301], [103.6826017, 1.3531542], [103.6825853, 1.3531567], [103.6826036, 1.3532855], [103.6826248, 1.3532805], [103.6826357, 1.3533472], [103.6826964, 1.353339], [103.6826992, 1.3533513], [103.6828557, 1.3533261], [103.6828556, 1.353315], [103.6829574, 1.3533001], [103.6829421, 1.3532327], [103.6829615, 1.3532283], [103.6829068, 1.3528937], [103.6828248, 1.3529095], [103.6828227, 1.3529013], [103.6827513, 1.3529966], [103.6827789, 1.3530134], [103.6827828, 1.3530591], [103.6828259, 1.3530501], [103.6828378, 1.3530597], [103.6828622, 1.3532303], [103.6827001, 1.3532547], [103.6826806, 1.3531455], [103.6827423, 1.3530585], [103.682669, 1.3530039]]]}},
{"type": "Feature", "properties": {"osm_way": 519191752, "osm_name": "Blk 67", "height_m": 10.0, "min_height_m": 0.0}, "geometry": {"type": "Polygon", "coordinates": [[[103.6823071, 1.3524846], [103.6822175, 1.3524193], [103.682223, 1.3524068], [103.6821444, 1.3523495], [103.6821818, 1.3522972], [103.6821725, 1.352287], [103.6822979, 1.352116], [103.682584, 1.3523274], [103.6825646, 1.352352], [103.6826045, 1.3523836], [103.6825957, 1.3523941], [103.6826502, 1.3524351], [103.6825896, 1.352515], [103.6826017, 1.3525236], [103.6825157, 1.3526389], [103.6824414, 1.3525838], [103.6825385, 1.3524512], [103.6825097, 1.3524309], [103.6824897, 1.3524561], [103.6824773, 1.3524478], [103.6824649, 1.3524631], [103.6824134, 1.3524256], [103.6824234, 1.3524092], [103.6824142, 1.3524005], [103.6824536, 1.3523475], [103.6823193, 1.3522479], [103.6822574, 1.3523313], [103.6823616, 1.3524101], [103.6823071, 1.3524846]]]}},
{"type": "Feature", "properties": {"osm_way": 519191753, "osm_name": "Blk 66", "height_m": 10.0, "min_height_m": 0.0}, "geometry": {"type": "Polygon", "coordinates": [[[103.6821198, 1.3522267], [103.682056, 1.3523168], [103.6820431, 1.35231], [103.6819833, 1.352394], [103.6819287, 1.3523551], [103.6819222, 1.3523622], [103.6817528, 1.352238], [103.6819603, 1.3519519], [103.6819852, 1.3519698], [103.6820177, 1.3519296], [103.6820267, 1.3519363], [103.6820682, 1.3518757], [103.6822703, 1.3520209], [103.6822165, 1.3520924], [103.6820877, 1.3519951], [103.6820656, 1.3520268], [103.6820906, 1.3520456], [103.682082, 1.3520568], [103.6820986, 1.3520693], [103.6820588, 1.3521244], [103.6820432, 1.3521102], [103.6820352, 1.3521203], [103.6819813, 1.3520826], [103.6818873, 1.3522167], [103.6819676, 1.3522773], [103.6820452, 1.3521708], [103.6821198, 1.3522267]]]}},
{"type": "Feature", "properties": {"osm_way": 519191754, "osm_name": "Blk 68", "height_m": 10.0, "min_height_m": 0.0}, "geometry": {"type": "Polygon", "coordinates": [[[103.6826718, 1.3525102], [103.6827379, 1.352421], [103.6827491, 1.352428], [103.6828089, 1.3523475], [103.6828604, 1.3523878], [103.6828726, 1.3523783], [103.683038, 1.3525043], [103.6828266, 1.3527927], [103.6828017, 1.3527749], [103.6827742, 1.3528125], [103.6827597, 1.352805], [103.6827217, 1.3528556], [103.6826411, 1.3527953], [103.6826325, 1.3528083], [103.6825212, 1.3527248], [103.6825744, 1.352648], [103.6827071, 1.3527445], [103.6827265, 1.3527148], [103.6827013, 1.352696], [103.6827118, 1.3526848], [103.6826932, 1.3526719], [103.6827329, 1.3526195], [103.6827473, 1.3526309], [103.6827567, 1.3526185], [103.6828091, 1.3526573], [103.6829053, 1.3525239], [103.6828264, 1.3524644], [103.6827493, 1.3525697], [103.6826718, 1.3525102]]]}},
{"type": "Feature", "properties": {"osm_way": 519191755, "osm_name": "Blk 65", "height_m": 10.0, "min_height_m": 0.0}, "geometry": {"type": "Polygon", "coordinates": [[[103.681747, 1.3526744], [103.6816839, 1.3527659], [103.6816714, 1.3527569], [103.6816135, 1.352843], [103.6815577, 1.3528036], [103.6815517, 1.3528102], [103.6813807, 1.3526869], [103.6815896, 1.3524002], [103.6816155, 1.3524172], [103.6816452, 1.3523772], [103.6816577, 1.352385], [103.6817018, 1.3523252], [103.6818983, 1.3524696], [103.6818483, 1.3525434], [103.6817151, 1.352447], [103.6816948, 1.3524758], [103.6817188, 1.3524941], [103.6817097, 1.3525064], [103.6817287, 1.3525179], [103.68169, 1.3525726], [103.6816711, 1.3525583], [103.6816636, 1.3525692], [103.6816128, 1.3525292], [103.6815164, 1.3526648], [103.6815987, 1.3527265], [103.6816727, 1.3526202], [103.681747, 1.3526744]]]}},
{"type": "Feature", "properties": {"osm_way": 519191756, "osm_name": "Blk 65A", "height_m": 10.0, "min_height_m": 0.0}, "geometry": {"type": "Polygon", "coordinates": [[[103.6817756, 1.3529275], [103.681848, 1.3529823], [103.6820189, 1.3527494], [103.6818413, 1.3526149], [103.6817636, 1.3527199], [103.6818391, 1.3527722], [103.681862, 1.3527469], [103.6818902, 1.3527703], [103.6817756, 1.3529275]]]}},
{"type": "Feature", "properties": {"osm_way": 519191758, "osm_name": "Blk 61", "height_m": 10.0, "min_height_m": 0.0}, "geometry": {"type": "Polygon", "coordinates": [[[103.6808115, 1.352047], [103.6808814, 1.351987], [103.6811203, 1.3522532], [103.6811455, 1.3522813], [103.681224, 1.3523687], [103.6811603, 1.352426], [103.6808115, 1.352047]]]}},
{"type": "Feature", "properties": {"osm_way": 519191759, "osm_name": "Blk 62", "height_m": 10.0, "min_height_m": 0.0}, "geometry": {"type": "Polygon", "coordinates": [[[103.681364, 1.3524638], [103.6814323, 1.3524038], [103.6812743, 1.3522367], [103.6814764, 1.3520556], [103.6815368, 1.3521275], [103.6816077, 1.3520633], [103.6814568, 1.3519015], [103.6813881, 1.3519611], [103.681412, 1.3519882], [103.6811203, 1.3522532], [103.6811455, 1.3522813], [103.6811732, 1.3522577], [103.681364, 1.3524638]]]}},
{"type": "Feature", "properties": {"osm_way": 519191760, "osm_name": "", "height_m": 10.0, "min_height_m": 0.0}, "geometry": {"type": "Polygon", "coordinates": [[[103.6809225, 1.3518875], [103.680953, 1.3518593], [103.6809791, 1.3518851], [103.6810012, 1.3518606], [103.681026, 1.351886], [103.681045, 1.3518678], [103.6810712, 1.3518904], [103.681201, 1.3517686], [103.6811855, 1.3517524], [103.6811949, 1.3517432], [103.681035, 1.3515658], [103.6810249, 1.3515732], [103.6810119, 1.3515592], [103.680855, 1.3516985], [103.6808746, 1.3517307], [103.6808936, 1.3517726], [103.6809053, 1.3518081], [103.6809149, 1.351844], [103.6809225, 1.3518875]]]}},
{"type": "Feature", "properties": {"osm_way": 519191761, "osm_name": "Blk 63", "height_m": 10.0, "min_height_m": 0.0}, "geometry": {"type": "Polygon", "coordinates": [[[103.6809138, 1.3519611], [103.6810778, 1.3521492], [103.6813424, 1.3519092], [103.6813677, 1.3519349], [103.681432, 1.351872], [103.6811748, 1.3515887], [103.6811526, 1.3515643], [103.6810851, 1.3514899], [103.6810178, 1.3515486], [103.681035, 1.3515658], [103.6811949, 1.3517432], [103.6812821, 1.3518424], [103.6810895, 1.3520197], [103.6809784, 1.351899], [103.6809138, 1.3519611]]]}},
{"type": "Feature", "properties": {"osm_way": 526664599, "osm_name": "", "height_m": 10.0, "min_height_m": 0.0}, "geometry": {"type": "Polygon", "coordinates": [[[103.6803695, 1.3495188], [103.6804018, 1.349519], [103.680404, 1.3491949], [103.6804046, 1.3491205], [103.6804049, 1.3490765], [103.6803726, 1.3490763], [103.6803695, 1.3495188]]]}},
{"type": "Feature", "properties": {"osm_way": 533741380, "osm_name": "North Spine", "height_m": 10.0, "min_height_m": 0.0}, "geometry": {"type": "Polygon", "coordinates": [[[103.6807108, 1.3450545], [103.6807221, 1.3450503], [103.6807317, 1.3450442], [103.6807393, 1.3450315], [103.6807388, 1.3450033], [103.6807315, 1.3449909], [103.680721, 1.3449827], [103.6807109, 1.3449774], [103.6806842, 1.3449774], [103.6806832, 1.3445803], [103.6807216, 1.3446063], [103.6808437, 1.3444838], [103.6807437, 1.3443822], [103.6806754, 1.3444364], [103.6806754, 1.3444093], [103.6805365, 1.3443144], [103.680507, 1.3443439], [103.6806391, 1.3444298], [103.6806398, 1.344515], [103.6806435, 1.3449774], [103.6806039, 1.3449774], [103.6806042, 1.3450551], [103.6807108, 1.3450545]]]}},
{"type": "Feature", "properties": {"osm_way": 533743289, "osm_name": "", "height_m": 10.0, "min_height_m": 0.0}, "geometry": {"type": "Polygon", "coordinates": [[[103.678546, 1.3446975], [103.6784508, 1.3449247], [103.6783147, 1.344873], [103.6782894, 1.3449389], [103.6785077, 1.3449369], [103.6788676, 1.3449336], [103.6789236, 1.3449331], [103.6789316, 1.3448536], [103.6786646, 1.3448586], [103.6786583, 1.3447504], [103.6785952, 1.344716], [103.678546, 1.3446975]]]}},
{"type": "Feature", "properties": {"osm_way": 535570087, "osm_name": "Learning Vision NTU", "height_m": 10.0, "min_height_m": 0.0}, "geometry": {"type": "Polygon", "coordinates": [[[103.6890473, 1.3530972], [103.6891475, 1.353196], [103.6892186, 1.3531254], [103.689249, 1.3531366], [103.6892904, 1.3530265], [103.6892566, 1.3530137], [103.68938, 1.3526872], [103.6892891, 1.3526542], [103.6891709, 1.3529759], [103.6891572, 1.3529873], [103.6891261, 1.3529557], [103.6890942, 1.3529866], [103.6891264, 1.3530211], [103.6890473, 1.3530972]]]}},
{"type": "Feature", "properties": {"osm_way": 535570088, "osm_name": "Blk 32", "height_m": 10.0, "min_height_m": 0.0}, "geometry": {"type": "Polygon", "coordinates": [[[103.6869973, 1.3485598], [103.686983, 1.3485675], [103.6869434, 1.3484943], [103.6869608, 1.348485], [103.686943, 1.3484522], [103.6869571, 1.3484445], [103.6869443, 1.3484207], [103.6869313, 1.3484277], [103.6869219, 1.3484101], [103.6869023, 1.3484207], [103.6868847, 1.3483881], [103.6868682, 1.348397], [103.6868494, 1.3483621], [103.6868334, 1.3483706], [103.6867931, 1.3482998], [103.6868095, 1.3482909], [103.686792, 1.3482631], [103.6868117, 1.3482505], [103.6867764, 1.3481857], [103.6867442, 1.3482037], [103.6867148, 1.3481488], [103.6868005, 1.3481018], [103.6868195, 1.3481306], [103.6868469, 1.3481172], [103.6868394, 1.348104], [103.6868684, 1.3480896], [103.6868656, 1.348078], [103.6869226, 1.34805], [103.6869304, 1.3480586], [103.6869564, 1.348046], [103.6869649, 1.3480604], [103.6869843, 1.3480502], [103.6870053, 1.3480904], [103.6869767, 1.3481053], [103.686971, 1.3480946], [103.6869429, 1.3481093], [103.6869374, 1.3480953], [103.6868962, 1.3481161], [103.6869007, 1.3481282], [103.6868742, 1.3481399], [103.6868797, 1.3481528], [103.68685, 1.3481695], [103.6868456, 1.3481638], [103.6868371, 1.3481694], [103.6868678, 1.3482229], [103.6868594, 1.3482273], [103.6869213, 1.348355], [103.6869381, 1.3483467], [103.6869685, 1.348399], [103.6870005, 1.3483819], [103.6870232, 1.3484244], [103.6870089, 1.3484321], [103.6870239, 1.3484601], [103.6870089, 1.3484682], [103.6870427, 1.3485311], [103.6870549, 1.3485245], [103.6870707, 1.3485538], [103.6870569, 1.3485613], [103.6870621, 1.3485709], [103.6870405, 1.3485826], [103.6870672, 1.348632], [103.6869926, 1.3486723], [103.6869616, 1.3486149], [103.6870123, 1.3485875], [103.6869973, 1.3485598]]]}},
{"type": "Feature", "properties": {"osm_way": 535570089, "osm_name": "Blk 33", "height_m": 10.0, "min_height_m": 0.0}, "geometry": {"type": "Polygon", "coordinates": [[[103.6873606, 1.3481488], [103.6873755, 1.3481388], [103.687403, 1.3481877], [103.6874249, 1.348177], [103.6874407, 1.3482102], [103.6874601, 1.3482006], [103.6874769, 1.3482358], [103.6874938, 1.3482277], [103.6875275, 1.3482966], [103.6875139, 1.3483034], [103.6875349, 1.348337], [103.6875195, 1.3483469], [103.6875378, 1.3483872], [103.6875468, 1.3483828], [103.6875956, 1.3484704], [103.6875144, 1.3485141], [103.6874773, 1.3484476], [103.6874594, 1.3484584], [103.687466, 1.348473], [103.6874432, 1.3484851], [103.6874489, 1.3484964], [103.6874219, 1.3485093], [103.6874259, 1.348519], [103.6873412, 1.3485644], [103.6873324, 1.3485464], [103.6873149, 1.3485556], [103.6873073, 1.3485435], [103.6872816, 1.3485571], [103.6872725, 1.348542], [103.6872475, 1.348556], [103.6872278, 1.3485167], [103.6872575, 1.3485018], [103.6872623, 1.3485133], [103.6872921, 1.3484977], [103.6872989, 1.348511], [103.6873221, 1.3484986], [103.6873273, 1.3485117], [103.6873997, 1.3484741], [103.6873941, 1.3484645], [103.6874195, 1.3484505], [103.687413, 1.3484387], [103.6874365, 1.3484264], [103.6874303, 1.3484154], [103.6874811, 1.348389], [103.6874478, 1.348327], [103.6874661, 1.348316], [103.6874389, 1.3482648], [103.6874211, 1.3482752], [103.6874032, 1.3482424], [103.6873843, 1.3482534], [103.6873596, 1.3481983], [103.687338, 1.3482098], [103.6873167, 1.3481737], [103.6872993, 1.348183], [103.6872818, 1.3481521], [103.6872703, 1.3481596], [103.6872223, 1.3480761], [103.6871697, 1.3481079], [103.6871402, 1.3480561], [103.6872043, 1.34802], [103.6871917, 1.3479999], [103.6872144, 1.3479881], [103.6872319, 1.3480102], [103.6872846, 1.3479768], [103.6873079, 1.3480146], [103.6872906, 1.3480257], [103.6873606, 1.3481488]]]}},
{"type": "Feature", "properties": {"osm_way": 535570090, "osm_name": "Blk 34", "height_m": 10.0, "min_height_m": 0.0}, "geometry": {"type": "Polygon", "coordinates": [[[103.6869757, 1.3476502], [103.6870065, 1.3475987], [103.6869685, 1.3475777], [103.6869588, 1.3475929], [103.6869256, 1.3475755], [103.6869196, 1.3475824], [103.6868585, 1.3475458], [103.6868661, 1.3475312], [103.6868479, 1.3475186], [103.6868566, 1.3475039], [103.6868125, 1.3474785], [103.6868124, 1.3474286], [103.6867971, 1.3474279], [103.6867957, 1.347393], [103.6867822, 1.3473905], [103.6867795, 1.347335], [103.6867984, 1.3473331], [103.6867987, 1.3472959], [103.6868165, 1.3472951], [103.6868153, 1.3472519], [103.6868427, 1.3472028], [103.6868617, 1.3472137], [103.6868802, 1.3471849], [103.6868939, 1.3471926], [103.6869408, 1.3471299], [103.6869237, 1.3471184], [103.6869378, 1.3470906], [103.686923, 1.3470796], [103.6869398, 1.3470517], [103.6868771, 1.3470195], [103.6868846, 1.3470109], [103.6868295, 1.3469809], [103.6867925, 1.3470421], [103.6868454, 1.3470764], [103.6868669, 1.3470418], [103.6868991, 1.3470591], [103.6868772, 1.3470606], [103.6868538, 1.3470953], [103.686871, 1.3471048], [103.68684, 1.3471508], [103.6868241, 1.3471427], [103.6868063, 1.347171], [103.6867877, 1.3471648], [103.6867626, 1.3472018], [103.6867495, 1.3472481], [103.6867503, 1.3472775], [103.6867315, 1.3472778], [103.686734, 1.3473152], [103.6867146, 1.347315], [103.6867099, 1.3473953], [103.6867282, 1.3473963], [103.6867285, 1.3474296], [103.6866668, 1.3474596], [103.6867134, 1.3475459], [103.6867449, 1.3475559], [103.6867968, 1.3475667], [103.6868358, 1.3475878], [103.6868249, 1.3476056], [103.6868874, 1.3476442], [103.6868959, 1.3476304], [103.6869289, 1.3476514], [103.6869394, 1.3476307], [103.6869757, 1.3476502]]]}},
{"type": "Feature", "properties": {"osm_way": 535570091, "osm_name": "Blk 35", "height_m": 10.0, "min_height_m": 0.0}, "geometry": {"type": "Polygon", "coordinates": [[[103.6873571, 1.347474], [103.6874367, 1.3474713], [103.6875093, 1.3474341], [103.6875606, 1.347351], [103.687603, 1.3473448], [103.6876039, 1.347274], [103.6876429, 1.3471829], [103.6876439, 1.3471193], [103.6876157, 1.3470825], [103.6875967, 1.3470436], [103.6876617, 1.3469695], [103.6877019, 1.3469476], [103.6877745, 1.3469492], [103.6878152, 1.3469288], [103.6878065, 1.3469116], [103.6878561, 1.3468826], [103.6878081, 1.3468023], [103.6877313, 1.3468394], [103.6877466, 1.3468638], [103.6877135, 1.3468811], [103.6876698, 1.346879], [103.6876023, 1.3469146], [103.6875159, 1.3470528], [103.6875169, 1.347098], [103.6875362, 1.3471199], [103.6875392, 1.347192], [103.6875174, 1.347226], [103.6875179, 1.3473073], [103.6874559, 1.3473835], [103.6874239, 1.3474013], [103.6873726, 1.3473942], [103.6873258, 1.3474201], [103.6873571, 1.347474]]]}},
{"type": "Feature", "properties": {"osm_way": 535632982, "osm_name": "", "height_m": 10.0, "min_height_m": 0.0}, "geometry": {"type": "Polygon", "coordinates": [[[103.6853039, 1.3550728], [103.6855517, 1.3552178], [103.6857042, 1.3549574], [103.6854565, 1.3548124], [103.6853039, 1.3550728]]]}},
{"type": "Feature", "properties": {"osm_way": 535632984, "osm_name": "Hall of Residence 7", "height_m": 45.5, "min_height_m": 0.0}, "geometry": {"type": "Polygon", "coordinates": [[[103.6845698, 1.3548453], [103.6845755, 1.3547366], [103.6842907, 1.3547216], [103.6839443, 1.3544849], [103.6840312, 1.3543576], [103.6839467, 1.3542999], [103.6838061, 1.3545055], [103.6842814, 1.3548301], [103.6845698, 1.3548453]]]}},
{"type": "Feature", "properties": {"osm_way": 535632986, "osm_name": "Saraca Hall", "height_m": 10.0, "min_height_m": 0.0}, "geometry": {"type": "Polygon", "coordinates": [[[103.6847769, 1.3548268], [103.6846469, 1.3549053], [103.6847955, 1.3551664], [103.6851883, 1.3553902], [103.6852469, 1.3552906], [103.685265, 1.3553022], [103.6853164, 1.3552077], [103.6852738, 1.3551849], [103.6852621, 1.3552042], [103.6852457, 1.3551954], [103.6852352, 1.3552159], [103.6852066, 1.3551983], [103.6851769, 1.3552479], [103.6851605, 1.355238], [103.6851564, 1.3552474], [103.6851039, 1.3552182], [103.6850198, 1.3551773], [103.685015, 1.3551867], [103.684913, 1.3551236], [103.6848724, 1.3550469], [103.684847, 1.3550647], [103.6848316, 1.3550383], [103.6848439, 1.3550306], [103.6847846, 1.3549311], [103.6848266, 1.3549054], [103.6847769, 1.3548268]]]}},
{"type": "Feature", "properties": {"osm_way": 536528533, "osm_name": "Blk 57", "height_m": 10.0, "min_height_m": 0.0}, "geometry": {"type": "Polygon", "coordinates": [[[103.6804096, 1.3516001], [103.680476, 1.351542], [103.6802393, 1.3512763], [103.6802149, 1.351249], [103.6801351, 1.3511594], [103.6800682, 1.3512202], [103.6804096, 1.3516001]]]}},
{"type": "Feature", "properties": {"osm_way": 536528534, "osm_name": "Blk 58", "height_m": 10.0, "min_height_m": 0.0}, "geometry": {"type": "Polygon", "coordinates": [[[103.6800577, 1.3510089], [103.6802483, 1.35122], [103.6802149, 1.351249], [103.6802393, 1.3512763], [103.6805347, 1.3510099], [103.6805557, 1.3510322], [103.6806199, 1.3509724], [103.6804735, 1.3508071], [103.6804054, 1.3508642], [103.6804732, 1.350942], [103.6802748, 1.351123], [103.6801231, 1.3509504], [103.6800577, 1.3510089]]]}},
{"type": "Feature", "properties": {"osm_way": 536528535, "osm_name": "", "height_m": 10.0, "min_height_m": 0.0}, "geometry": {"type": "Polygon", "coordinates": [[[103.6805951, 1.3513623], [103.6807382, 1.3512331], [103.6809195, 1.3514332], [103.6809092, 1.3514414], [103.6809185, 1.351452], [103.6807639, 1.3515922], [103.6807163, 1.3515606], [103.6806734, 1.351535], [103.6806259, 1.3515203], [103.6805839, 1.3515107], [103.6806117, 1.3514823], [103.6805955, 1.3514549], [103.6806181, 1.3514281], [103.6805942, 1.3514064], [103.6806157, 1.3513875], [103.6805951, 1.3513623]]]}},
{"type": "Feature", "properties": {"osm_way": 536528536, "osm_name": "Blk 59", "height_m": 10.0, "min_height_m": 0.0}, "geometry": {"type": "Polygon", "coordinates": [[[103.6805084, 1.3515111], [103.6805737, 1.351452], [103.6804663, 1.3513335], [103.6806656, 1.351153], [103.6807382, 1.3512331], [103.6809195, 1.3514332], [103.6809304, 1.3514452], [103.6809952, 1.3513865], [103.6809347, 1.3513197], [103.6809432, 1.3513121], [103.6809193, 1.3512844], [103.6809093, 1.3512931], [103.6806472, 1.3510039], [103.6805817, 1.3510632], [103.6806016, 1.3510852], [103.6803384, 1.3513235], [103.6805084, 1.3515111]]]}},
{"type": "Feature", "properties": {"osm_way": 536528537, "osm_name": "Blk 16B", "height_m": 10.0, "min_height_m": 0.0}, "geometry": {"type": "Polygon", "coordinates": [[[103.6812034, 1.3506068], [103.6812394, 1.3505716], [103.6812194, 1.3505516], [103.6812527, 1.3505232], [103.6812388, 1.3505109], [103.6812829, 1.3504718], [103.6812182, 1.3503988], [103.681322, 1.3503067], [103.6812796, 1.3502616], [103.6812437, 1.3502341], [103.68121, 1.3501901], [103.6812224, 1.3501812], [103.6811894, 1.3501479], [103.6811547, 1.3501249], [103.6811195, 1.3501116], [103.6810909, 1.350099], [103.6810876, 1.3501255], [103.6810478, 1.3501232], [103.6810151, 1.3501264], [103.68099, 1.3501315], [103.680964, 1.3501452], [103.6809657, 1.3501643], [103.6809471, 1.3501743], [103.6809268, 1.3501867], [103.6808914, 1.3502202], [103.6810196, 1.3503669], [103.6810684, 1.3503302], [103.6810584, 1.3503184], [103.6811896, 1.3502027], [103.6812234, 1.3502447], [103.6811129, 1.3503356], [103.6811024, 1.3503398], [103.6810286, 1.350389], [103.6810658, 1.3504302], [103.6810553, 1.3504384], [103.681096, 1.350483], [103.6811244, 1.3504578], [103.6811369, 1.3504713], [103.6811293, 1.3504784], [103.6811871, 1.3505424], [103.6811643, 1.3505621], [103.6812034, 1.3506068]]]}},
{"type": "Feature", "properties": {"osm_way": 536528538, "osm_name": "Blk 16A", "height_m": 10.0, "min_height_m": 0.0}, "geometry": {"type": "Polygon", "coordinates": [[[103.681306, 1.3506683], [103.6812592, 1.350618], [103.6812361, 1.350642], [103.6812038, 1.3506065], [103.6812394, 1.3505716], [103.6813435, 1.3504763], [103.6813304, 1.3504652], [103.6814059, 1.3503973], [103.6814125, 1.3504075], [103.6814221, 1.3503986], [103.6814545, 1.3504343], [103.6814717, 1.3504186], [103.6815084, 1.350459], [103.6814782, 1.3504853], [103.6815559, 1.3505724], [103.6814688, 1.350654], [103.6814006, 1.3505784], [103.681306, 1.3506683]]]}},
{"type": "Feature", "properties": {"osm_way": 536528539, "osm_name": "Blk 3C", "height_m": 10.0, "min_height_m": 0.0}, "geometry": {"type": "Polygon", "coordinates": [[[103.6817038, 1.3506444], [103.6816354, 1.3505669], [103.6815111, 1.3506844], [103.6814948, 1.3506671], [103.6814179, 1.3507383], [103.6815029, 1.3508299], [103.681521, 1.3508132], [103.6815889, 1.3508887], [103.6816746, 1.3508099], [103.6816071, 1.3507336], [103.6817038, 1.3506444]]]}},
{"type": "Feature", "properties": {"osm_way": 536528540, "osm_name": "Blk 3A", "height_m": 10.0, "min_height_m": 0.0}, "geometry": {"type": "Polygon", "coordinates": [[[103.6819332, 1.3510956], [103.6820087, 1.3510251], [103.6821212, 1.351154], [103.6821391, 1.3511383], [103.6822087, 1.3512166], [103.6821153, 1.3512996], [103.6820988, 1.3512812], [103.682024, 1.3513499], [103.6819463, 1.3512631], [103.6820208, 1.3511937], [103.6819332, 1.3510956]]]}},
{"type": "Feature", "properties": {"osm_way": 536528541, "osm_name": "Blk 3B", "height_m": 10.0, "min_height_m": 0.0}, "geometry": {"type": "Polygon", "coordinates": [[[103.6818362, 1.3513034], [103.6819005, 1.3512454], [103.6818046, 1.3511334], [103.6818665, 1.351076], [103.6818554, 1.3510621], [103.6819937, 1.3509397], [103.6819273, 1.3508613], [103.6817972, 1.3509759], [103.6817255, 1.3508928], [103.6816524, 1.3509558], [103.6816785, 1.3509833], [103.6816141, 1.3510456], [103.6818362, 1.3513034]]]}},
{"type": "Feature", "properties": {"osm_way": 536528542, "osm_name": "Blk 3E", "height_m": 10.0, "min_height_m": 0.0}, "geometry": {"type": "Polygon", "coordinates": [[[103.6821784, 1.3509676], [103.6822642, 1.3508933], [103.6821669, 1.3507863], [103.6822536, 1.3507111], [103.6821784, 1.350627], [103.682005, 1.3507756], [103.6821784, 1.3509676]]]}},
{"type": "Feature", "properties": {"osm_way": 536528543, "osm_name": "Blk 3D", "height_m": 10.0, "min_height_m": 0.0}, "geometry": {"type": "Polygon", "coordinates": [[[103.6816452, 1.3503982], [103.6819911, 1.350757], [103.6822417, 1.3505438], [103.6820689, 1.3503478], [103.6819741, 1.350433], [103.6818851, 1.3503376], [103.681812, 1.3504041], [103.6817296, 1.3503157], [103.6816452, 1.3503982]]]}},
{"type": "Feature", "properties": {"osm_way": 536531444, "osm_name": "Blk 16C", "height_m": 10.0, "min_height_m": 0.0}, "geometry": {"type": "Polygon", "coordinates": [[[103.6815825, 1.3503336], [103.681681, 1.3502415], [103.6815895, 1.3501466], [103.6816603, 1.3500833], [103.6815789, 1.3499975], [103.6814956, 1.3500757], [103.6814686, 1.3500479], [103.68142, 1.3500941], [103.6814312, 1.3501054], [103.6813922, 1.3501417], [103.6815825, 1.3503336]]]}},
{"type": "Feature", "properties": {"osm_way": 536531445, "osm_name": "Blk 16D", "height_m": 10.0, "min_height_m": 0.0}, "geometry": {"type": "Polygon", "coordinates": [[[103.6812636, 1.349813], [103.6811848, 1.3498798], [103.6812998, 1.3500063], [103.6812821, 1.3500223], [103.6813519, 1.3501006], [103.6814452, 1.3500174], [103.6814288, 1.349999], [103.6815056, 1.3499326], [103.6814285, 1.3498454], [103.6813509, 1.3499114], [103.6812636, 1.349813]]]}},
{"type": "Feature", "properties": {"osm_way": 536531446, "osm_name": "Blk 16E", "height_m": 10.0, "min_height_m": 0.0}, "geometry": {"type": "Polygon", "coordinates": [[[103.6815487, 1.349825], [103.6816144, 1.3497452], [103.6814786, 1.3496412], [103.6814931, 1.3496223], [103.6814105, 1.3495578], [103.6813335, 1.3496562], [103.6813529, 1.3496715], [103.6812892, 1.3497505], [103.6813807, 1.3498225], [103.6814452, 1.3497437], [103.6815487, 1.349825]]]}},
{"type": "Feature", "properties": {"osm_way": 536531447, "osm_name": "Blk 60", "height_m": 10.0, "min_height_m": 0.0}, "geometry": {"type": "Polygon", "coordinates": [[[103.6806977, 1.3509], [103.6807616, 1.3508389], [103.6806534, 1.3507209], [103.6807095, 1.3506667], [103.6807743, 1.3507403], [103.6808388, 1.3506821], [103.6807735, 1.3506095], [103.680825, 1.3505605], [103.6809878, 1.3507406], [103.6808165, 1.3508996], [103.6807878, 1.3508746], [103.6807262, 1.3509315], [103.6808077, 1.3510207], [103.6808727, 1.3509627], [103.6810467, 1.3508037], [103.6811094, 1.3507422], [103.6808742, 1.3504862], [103.6808569, 1.3505041], [103.68084, 1.3504993], [103.6808122, 1.3504689], [103.6807588, 1.3505205], [103.6807668, 1.3505241], [103.6806218, 1.3506547], [103.6806139, 1.3506417], [103.6805645, 1.350691], [103.6806012, 1.350731], [103.6805699, 1.3507604], [103.6806977, 1.3509]]]}},
{"type": "Feature", "properties": {"osm_way": 536531448, "osm_name": "Blk 64", "height_m": 10.0, "min_height_m": 0.0}, "geometry": {"type": "Polygon", "coordinates": [[[103.6815352, 1.3518339], [103.6815975, 1.3517755], [103.6817115, 1.3518984], [103.681768, 1.3518467], [103.6817029, 1.351772], [103.6817667, 1.3517135], [103.6818335, 1.3517867], [103.6818866, 1.3517382], [103.6817263, 1.3515623], [103.6815493, 1.3517187], [103.6815723, 1.3517419], [103.6815108, 1.3518002], [103.6814233, 1.3517113], [103.6814934, 1.3516525], [103.6816607, 1.3514967], [103.6817342, 1.3514376], [103.6819676, 1.3517003], [103.6819431, 1.3517204], [103.681952, 1.3517297], [103.6819434, 1.3517384], [103.6819733, 1.3517697], [103.6819253, 1.3518136], [103.681918, 1.3518056], [103.6817743, 1.3519382], [103.6817797, 1.3519463], [103.6817305, 1.3519888], [103.6817047, 1.3519569], [103.6816944, 1.3519638], [103.681686, 1.3519549], [103.6816619, 1.3519738], [103.6815352, 1.3518339]]]}},
{"type": "Feature", "properties": {"osm_way": 536531449, "osm_name": "", "height_m": 10.0, "min_height_m": 0.0}, "geometry": {"type": "Polygon", "coordinates": [[[103.6811094, 1.3507422], [103.6813748, 1.3510388], [103.6813585, 1.3510531], [103.6814544, 1.3511584], [103.6814674, 1.3511454], [103.6815048, 1.3511868], [103.6814912, 1.3512014], [103.6816943, 1.3514244], [103.6817112, 1.3514116], [103.6817342, 1.3514376], [103.6816607, 1.3514967], [103.6814198, 1.3512198], [103.68141, 1.3512302], [103.6814199, 1.351255], [103.681426, 1.3512903], [103.6814271, 1.3513324], [103.6814243, 1.3513699], [103.6814132, 1.3514043], [103.6814002, 1.3514402], [103.6813821, 1.351468], [103.6813569, 1.3515007], [103.6814934, 1.3516525], [103.6814233, 1.3517113], [103.6812564, 1.3515189], [103.6811748, 1.3515887], [103.6811526, 1.3515643], [103.6811615, 1.3515574], [103.6811224, 1.3515181], [103.6811837, 1.3514629], [103.6812236, 1.3515006], [103.6812509, 1.3514774], [103.6813049, 1.3514242], [103.6813235, 1.3513887], [103.6813365, 1.3513524], [103.6813392, 1.3513253], [103.6813394, 1.3512972], [103.6813263, 1.3512572], [103.6813093, 1.3512212], [103.6812949, 1.3512032], [103.6812681, 1.3511807], [103.6812282, 1.3511619], [103.6811856, 1.3511515], [103.6811457, 1.3511509], [103.6811114, 1.3511615], [103.6810742, 1.3511788], [103.6810416, 1.3512118], [103.6809923, 1.3512564], [103.6809749, 1.3512364], [103.6809884, 1.3512251], [103.6808077, 1.3510207], [103.6808727, 1.3509627], [103.6810083, 1.3511163], [103.681081, 1.3510854], [103.6811169, 1.3510741], [103.681154, 1.3510695], [103.6811954, 1.3510684], [103.6812277, 1.3510756], [103.6812472, 1.3510798], [103.681285, 1.3510904], [103.681293, 1.3510794], [103.6810467, 1.3508037], [103.6811094, 1.3507422]]]}},
{"type": "Feature", "properties": {"osm_way": 544832228, "osm_name": "School of Chemical and Biomedical Engineering (SCBE - BIE)", "height_m": 10.0, "min_height_m": 0.0}, "geometry": {"type": "Polygon", "coordinates": [[[103.6798999, 1.3455563], [103.6801497, 1.345557], [103.6801498, 1.3454868], [103.6802504, 1.3454871], [103.6802503, 1.3455563], [103.6805052, 1.345557], [103.6805064, 1.3450696], [103.6802479, 1.345069], [103.6802474, 1.3452973], [103.6801486, 1.3452971], [103.6801487, 1.345224], [103.6799007, 1.3452234], [103.6798999, 1.3455563]]]}},
{"type": "Feature", "properties": {"osm_way": 545312243, "osm_name": "S2.1", "height_m": 10.0, "min_height_m": 0.0}, "geometry": {"type": "Polygon", "coordinates": [[[103.6809193, 1.3429033], [103.6809466, 1.3428761], [103.6808606, 1.34279], [103.6808861, 1.3427646], [103.6807175, 1.3425958], [103.6806643, 1.342649], [103.680682, 1.3426667], [103.6803894, 1.3429588], [103.680372, 1.3429414], [103.6803178, 1.3429954], [103.6804877, 1.3431654], [103.6805125, 1.3431406], [103.6805993, 1.3432276], [103.6806264, 1.3432006], [103.6805268, 1.3431008], [103.6808222, 1.342806], [103.6809193, 1.3429033]]]}},
{"type": "Feature", "properties": {"osm_way": 547135784, "osm_name": "", "height_m": 10.0, "min_height_m": 0.0}, "geometry": {"type": "Polygon", "coordinates": [[[103.6805073, 1.3383614], [103.6806475, 1.3383615], [103.6806477, 1.3379629], [103.6805075, 1.3379629], [103.6805073, 1.3383614]]]}},
{"type": "Feature", "properties": {"osm_way": 547135786, "osm_name": "", "height_m": 10.0, "min_height_m": 0.0}, "geometry": {"type": "Polygon", "coordinates": [[[103.6807821, 1.3380018], [103.6807826, 1.3381593], [103.6809287, 1.3381588], [103.6809281, 1.3380013], [103.6807821, 1.3380018]]]}},
{"type": "Feature", "properties": {"osm_way": 547135788, "osm_name": "", "height_m": 10.0, "min_height_m": 0.0}, "geometry": {"type": "Polygon", "coordinates": [[[103.6806681, 1.3382647], [103.6806689, 1.3384956], [103.6809316, 1.3384947], [103.6809308, 1.3382638], [103.6806681, 1.3382647]]]}},
{"type": "Feature", "properties": {"osm_way": 547136261, "osm_name": "OCS MIDS Wing", "height_m": 10.0, "min_height_m": 0.0}, "geometry": {"type": "Polygon", "coordinates": [[[103.6816515, 1.3378128], [103.6815079, 1.3378132], [103.681509, 1.3381479], [103.6813379, 1.3381484], [103.6813383, 1.3382797], [103.6815081, 1.3382792], [103.6815083, 1.3383388], [103.6816533, 1.3383383], [103.6816515, 1.3378128]]]}},
{"type": "Feature", "properties": {"osm_way": 547136266, "osm_name": "", "height_m": 10.0, "min_height_m": 0.0}, "geometry": {"type": "Polygon", "coordinates": [[[103.6812204, 1.3384485], [103.6812198, 1.3385681], [103.6813322, 1.3385686], [103.6813328, 1.3384491], [103.6812204, 1.3384485]]]}},
{"type": "Feature", "properties": {"osm_way": 547136268, "osm_name": "OCS Air Wing", "height_m": 10.0, "min_height_m": 0.0}, "geometry": {"type": "Polygon", "coordinates": [[[103.6811241, 1.3383374], [103.681295, 1.3383367], [103.6812944, 1.3382004], [103.6811312, 1.3382011], [103.6811299, 1.3378773], [103.6809795, 1.3378778], [103.6809815, 1.3384041], [103.6811244, 1.3384036], [103.6811241, 1.3383374]]]}},
{"type": "Feature", "properties": {"osm_way": 547136601, "osm_name": "Jurong Camp Medical Centre", "height_m": 10.0, "min_height_m": 0.0}, "geometry": {"type": "Polygon", "coordinates": [[[103.6837238, 1.3382791], [103.6837647, 1.33838], [103.6837065, 1.3384035], [103.6837337, 1.3384708], [103.6837895, 1.3384483], [103.6838266, 1.3385399], [103.6840479, 1.3384504], [103.6839427, 1.3381906], [103.6837238, 1.3382791]]]}},
{"type": "Feature", "properties": {"osm_way": 547136603, "osm_name": "", "height_m": 10.0, "min_height_m": 0.0}, "geometry": {"type": "Polygon", "coordinates": [[[103.6827664, 1.3384452], [103.6828791, 1.3383978], [103.6828409, 1.3383072], [103.6827282, 1.3383547], [103.6827664, 1.3384452]]]}},
{"type": "Feature", "properties": {"osm_way": 547136605, "osm_name": "", "height_m": 10.0, "min_height_m": 0.0}, "geometry": {"type": "Polygon", "coordinates": [[[103.6832865, 1.3382166], [103.6834514, 1.3381482], [103.6833947, 1.3380115], [103.6832298, 1.3380799], [103.6832865, 1.3382166]]]}},
{"type": "Feature", "properties": {"osm_way": 547136606, "osm_name": "", "height_m": 10.0, "min_height_m": 0.0}, "geometry": {"type": "Polygon", "coordinates": [[[103.6829965, 1.3383442], [103.6831658, 1.3382736], [103.6831082, 1.3381356], [103.6829389, 1.3382062], [103.6829965, 1.3383442]]]}},
{"type": "Feature", "properties": {"osm_way": 547136611, "osm_name": "", "height_m": 10.0, "min_height_m": 0.0}, "geometry": {"type": "Polygon", "coordinates": [[[103.6818476, 1.3382365], [103.6818474, 1.3383192], [103.6819267, 1.3383194], [103.6819268, 1.3382367], [103.6818476, 1.3382365]]]}},
{"type": "Feature", "properties": {"osm_way": 557732764, "osm_name": "", "height_m": 10.0, "min_height_m": 0.0}, "geometry": {"type": "Polygon", "coordinates": [[[103.6917285, 1.3465784], [103.6918273, 1.3464948], [103.6917162, 1.3463634], [103.6916173, 1.3464469], [103.6917285, 1.3465784]]]}},
{"type": "Feature", "properties": {"osm_way": 589568936, "osm_name": "", "height_m": 10.0, "min_height_m": 0.0}, "geometry": {"type": "Polygon", "coordinates": [[[103.6780012, 1.3443384], [103.6788676, 1.342041], [103.6790773, 1.3421416], [103.6782033, 1.3444221], [103.6780012, 1.3443384]]]}},
{"type": "Feature", "properties": {"osm_way": 589568937, "osm_name": "", "height_m": 10.0, "min_height_m": 0.0}, "geometry": {"type": "Polygon", "coordinates": [[[103.6817062, 1.3490897], [103.6803592, 1.3483096], [103.6803723, 1.3482869], [103.6796427, 1.3478624], [103.6797369, 1.3477047], [103.6800464, 1.3478866], [103.6800818, 1.347826], [103.6817493, 1.3487939], [103.681799, 1.3488673], [103.6817861, 1.3489543], [103.6817682, 1.349041], [103.6817062, 1.3490897]]]}},
{"type": "Feature", "properties": {"osm_way": 589568938, "osm_name": "", "height_m": 10.0, "min_height_m": 0.0}, "geometry": {"type": "Polygon", "coordinates": [[[103.6868712, 1.3544014], [103.6861413, 1.3530843], [103.6863419, 1.3529732], [103.6870718, 1.3542903], [103.6868712, 1.3544014]]]}},
{"type": "Feature", "properties": {"osm_way": 589568939, "osm_name": "Tawas", "height_m": 10.0, "min_height_m": 0.0}, "geometry": {"type": "Polygon", "coordinates": [[[103.6925392, 1.3503881], [103.691429, 1.3511915], [103.6912394, 1.3509296], [103.6923495, 1.3501262], [103.6925392, 1.3503881]]]}},
{"type": "Feature", "properties": {"osm_way": 592155556, "osm_name": "Tamarind Hall", "height_m": 10.0, "min_height_m": 0.0}, "geometry": {"type": "Polygon", "coordinates": [[[103.6839841, 1.3541884], [103.6843138, 1.3544164], [103.6846169, 1.3544121], [103.6849803, 1.3549401], [103.6852588, 1.355106], [103.6853796, 1.3548941], [103.6852859, 1.3548408], [103.6852132, 1.3549731], [103.6850636, 1.3548914], [103.6846768, 1.3543133], [103.6843468, 1.3543144], [103.6840361, 1.3541144], [103.6839841, 1.3541884]]]}},
{"type": "Feature", "properties": {"osm_way": 648970210, "osm_name": "", "height_m": 10.0, "min_height_m": 0.0}, "geometry": {"type": "Polygon", "coordinates": [[[103.6867294, 1.3440641], [103.6869161, 1.3441958], [103.6869929, 1.34425], [103.6870214, 1.3442701], [103.6870293, 1.3442854], [103.6870314, 1.3443048], [103.6870314, 1.3443108], [103.6870285, 1.3443184], [103.6869431, 1.3444411], [103.686904, 1.3444423], [103.6866155, 1.3442309], [103.6866066, 1.3442183], [103.6866013, 1.3442032], [103.6866047, 1.3441846], [103.6866894, 1.3440684], [103.6866987, 1.3440592], [103.6867144, 1.3440562], [103.6867294, 1.3440641]]]}},
{"type": "Feature", "properties": {"osm_way": 648970211, "osm_name": "", "height_m": 10.0, "min_height_m": 0.0}, "geometry": {"type": "Polygon", "coordinates": [[[103.6868761, 1.3440346], [103.6868575, 1.3440191], [103.6868558, 1.3439984], [103.6869387, 1.3438767], [103.6869541, 1.3438675], [103.6869714, 1.3438655], [103.6872628, 1.3440678], [103.6872711, 1.3440761], [103.687278, 1.3440866], [103.6872796, 1.3440965], [103.6872785, 1.34411], [103.6871953, 1.3442265], [103.6871827, 1.3442326], [103.687171, 1.3442351], [103.6871592, 1.3442339], [103.6871482, 1.3442292], [103.6870546, 1.3441622], [103.6869779, 1.3441074], [103.6868761, 1.3440346]]]}},
{"type": "Feature", "properties": {"osm_way": 648970212, "osm_name": "", "height_m": 10.0, "min_height_m": 0.0}, "geometry": {"type": "Polygon", "coordinates": [[[103.6869846, 1.344445], [103.6870903, 1.3442934], [103.6871699, 1.3443505], [103.6871835, 1.3443324], [103.6870185, 1.3442142], [103.6869929, 1.34425], [103.6869161, 1.3441958], [103.6869779, 1.3441074], [103.6870546, 1.3441622], [103.6870339, 1.3441905], [103.6872019, 1.3443083], [103.6872227, 1.3442788], [103.6872661, 1.3443067], [103.687338, 1.3442063], [103.6875155, 1.3443315], [103.6874439, 1.3444325], [103.6874841, 1.3444621], [103.6874616, 1.3444929], [103.6875362, 1.3445443], [103.687557, 1.3445204], [103.6876366, 1.3445769], [103.6875739, 1.3446591], [103.6874934, 1.3446031], [103.6875199, 1.3445687], [103.687445, 1.3445177], [103.6874311, 1.344534], [103.6873945, 1.3445098], [103.6872887, 1.3446604], [103.6869846, 1.344445]]]}},
{"type": "Feature", "properties": {"osm_way": 648970213, "osm_name": "", "height_m": 10.0, "min_height_m": 0.0}, "geometry": {"type": "Polygon", "coordinates": [[[103.687327, 1.3447336], [103.6873206, 1.3447264], [103.6873162, 1.3447174], [103.6873142, 1.3447088], [103.6873142, 1.3447003], [103.6873159, 1.344693], [103.6873194, 1.3446844], [103.6873994, 1.3445716], [103.6874052, 1.3445664], [103.6874105, 1.3445639], [103.6874167, 1.3445626], [103.6874227, 1.3445625], [103.6874293, 1.344563], [103.6874381, 1.3445649], [103.6874934, 1.3446031], [103.6875739, 1.3446591], [103.6876994, 1.3447463], [103.6877118, 1.3447577], [103.6877163, 1.3447715], [103.6877131, 1.3447864], [103.6876386, 1.3448983], [103.6876287, 1.344914], [103.6876134, 1.34492], [103.6876011, 1.3449197], [103.6875918, 1.3449143], [103.687327, 1.3447336]]]}},
{"type": "Feature", "properties": {"osm_way": 648970214, "osm_name": "", "height_m": 10.0, "min_height_m": 0.0}, "geometry": {"type": "Polygon", "coordinates": [[[103.6875357, 1.344505], [103.6875308, 1.3445012], [103.6875264, 1.3444951], [103.6875244, 1.3444903], [103.6875235, 1.3444841], [103.6875226, 1.3444766], [103.6875236, 1.3444708], [103.6875254, 1.3444648], [103.6876093, 1.3443517], [103.6876225, 1.3443437], [103.6876349, 1.3443421], [103.6876485, 1.3443448], [103.6879468, 1.3445537], [103.6879525, 1.3445602], [103.6879549, 1.3445671], [103.6879556, 1.3445766], [103.6879543, 1.344587], [103.6879499, 1.3445959], [103.6878756, 1.3446983], [103.6878673, 1.3447079], [103.6878593, 1.3447121], [103.6878494, 1.3447147], [103.6878394, 1.3447152], [103.6878308, 1.3447131], [103.6878242, 1.3447101], [103.6876366, 1.3445769], [103.687557, 1.3445204], [103.6875357, 1.344505]]]}},
{"type": "Feature", "properties": {"osm_way": 693230857, "osm_name": "", "height_m": 10.0, "min_height_m": 0.0}, "geometry": {"type": "Polygon", "coordinates": [[[103.6843924, 1.3466631], [103.6843031, 1.3466466], [103.6842681, 1.3468356], [103.6843574, 1.3468521], [103.6843924, 1.3466631]]]}},
{"type": "Feature", "properties": {"osm_way": 693230858, "osm_name": "", "height_m": 10.0, "min_height_m": 0.0}, "geometry": {"type": "Polygon", "coordinates": [[[103.6846871, 1.3467356], [103.6845978, 1.3467187], [103.684562, 1.3469075], [103.6846513, 1.3469245], [103.6846871, 1.3467356]]]}},
{"type": "Feature", "properties": {"osm_way": 693230859, "osm_name": "", "height_m": 10.0, "min_height_m": 0.0}, "geometry": {"type": "Polygon", "coordinates": [[[103.6849921, 1.346828], [103.6849026, 1.3468112], [103.6848671, 1.3470001], [103.6849566, 1.3470169], [103.6849921, 1.346828]]]}},
{"type": "Feature", "properties": {"osm_way": 693230860, "osm_name": "", "height_m": 10.0, "min_height_m": 0.0}, "geometry": {"type": "Polygon", "coordinates": [[[103.6852788, 1.3469156], [103.6851702, 1.3468855], [103.6851553, 1.3469387], [103.6851742, 1.346944], [103.6851357, 1.3470806], [103.6851934, 1.3470968], [103.6851984, 1.3470794], [103.6852322, 1.3470889], [103.6852585, 1.346994], [103.6852232, 1.3469846], [103.6852304, 1.346959], [103.6852641, 1.3469688], [103.6852788, 1.3469156]]]}},
{"type": "Feature", "properties": {"osm_way": 693230861, "osm_name": "", "height_m": 10.0, "min_height_m": 0.0}, "geometry": {"type": "Polygon", "coordinates": [[[103.6848345, 1.3472988], [103.6847749, 1.3474815], [103.6848619, 1.3475098], [103.6849214, 1.3473271], [103.6848345, 1.3472988]]]}},
{"type": "Feature", "properties": {"osm_way": 693230862, "osm_name": "", "height_m": 10.0, "min_height_m": 0.0}, "geometry": {"type": "Polygon", "coordinates": [[[103.6851837, 1.3474002], [103.6851244, 1.347583], [103.6852118, 1.3476113], [103.6852712, 1.3474286], [103.6851837, 1.3474002]]]}},
{"type": "Feature", "properties": {"osm_way": 693230863, "osm_name": "", "height_m": 10.0, "min_height_m": 0.0}, "geometry": {"type": "Polygon", "coordinates": [[[103.6854682, 1.3476711], [103.685555, 1.3476996], [103.6856149, 1.3475174], [103.685528, 1.3474888], [103.6854682, 1.3476711]]]}},
{"type": "Feature", "properties": {"osm_way": 725074729, "osm_name": "", "height_m": 49.0, "min_height_m": 0.0}, "geometry": {"type": "Polygon", "coordinates": [[[103.692638, 1.3411035], [103.6926824, 1.3410435], [103.6927021, 1.3410581], [103.6927101, 1.3410473], [103.692995, 1.3412584], [103.6930822, 1.3411407], [103.6930174, 1.3410927], [103.6930454, 1.341055], [103.6928974, 1.3409454], [103.6928896, 1.3409559], [103.6928996, 1.3409633], [103.6928522, 1.3410273], [103.6927972, 1.3409866], [103.6928097, 1.3409697], [103.6927983, 1.3409612], [103.6928527, 1.3408878], [103.6928418, 1.3408798], [103.692882, 1.3408256], [103.6931405, 1.341017], [103.693101, 1.3410703], [103.6931187, 1.3410834], [103.6931754, 1.3410069], [103.6931864, 1.341015], [103.6931999, 1.3409968], [103.6932565, 1.3410387], [103.6930064, 1.3413763], [103.692638, 1.3411035]]]}},
{"type": "Feature", "properties": {"osm_way": 725074732, "osm_name": "", "height_m": 49.0, "min_height_m": 0.0}, "geometry": {"type": "Polygon", "coordinates": [[[103.6929587, 1.3407501], [103.6929728, 1.3407311], [103.6929629, 1.3407238], [103.6930393, 1.3406204], [103.6930287, 1.3406126], [103.6930679, 1.3405595], [103.6936631, 1.3409987], [103.6936209, 1.3410559], [103.6936114, 1.3410489], [103.6936014, 1.3410624], [103.6935669, 1.3410369], [103.693555, 1.3410529], [103.6934978, 1.3410106], [103.6935105, 1.3409935], [103.6933112, 1.3408457], [103.693283, 1.3408837], [103.6932665, 1.3408715], [103.6932703, 1.3408663], [103.6932396, 1.3408436], [103.6932647, 1.3408097], [103.6930937, 1.3406829], [103.6930839, 1.3406961], [103.6930907, 1.3407011], [103.6930205, 1.3407958], [103.6929587, 1.3407501]]]}},
{"type": "Feature", "properties": {"osm_way": 745676506, "osm_name": "", "height_m": 10.0, "min_height_m": 0.0}, "geometry": {"type": "Polygon", "coordinates": [[[103.68235, 1.3392646], [103.6822393, 1.3389975], [103.6833708, 1.3385287], [103.6833913, 1.3385781], [103.6834384, 1.3385586], [103.6834658, 1.338576], [103.6835365, 1.3387391], [103.6835397, 1.3387464], [103.6835273, 1.3387771], [103.68235, 1.3392646]]]}},
{"type": "Feature", "properties": {"osm_way": 745676507, "osm_name": "", "height_m": 10.0, "min_height_m": 0.0}, "geometry": {"type": "Polygon", "coordinates": [[[103.6825631, 1.3395321], [103.6826334, 1.3395026], [103.6826757, 1.3396035], [103.6828448, 1.3395326], [103.6827154, 1.339224], [103.6824759, 1.3393244], [103.6825631, 1.3395321]]]}},
{"type": "Feature", "properties": {"osm_way": 758347461, "osm_name": "", "height_m": 3.5, "min_height_m": 0.0}, "geometry": {"type": "Polygon", "coordinates": [[[103.6928655, 1.3435025], [103.6927398, 1.343404], [103.6928364, 1.3432807], [103.6929621, 1.3433791], [103.6928655, 1.3435025]]]}},
{"type": "Feature", "properties": {"osm_way": 758347462, "osm_name": "", "height_m": 49.0, "min_height_m": 0.0}, "geometry": {"type": "Polygon", "coordinates": [[[103.6919967, 1.34503], [103.6920265, 1.3453216], [103.6917721, 1.3453453], [103.6917822, 1.3454473], [103.6921318, 1.3454079], [103.692121, 1.3452969], [103.6920854, 1.3453006], [103.6920828, 1.3452756], [103.6921214, 1.3452717], [103.6920954, 1.3450198], [103.6919967, 1.34503]]]}},
{"type": "Feature", "properties": {"osm_way": 758366049, "osm_name": "", "height_m": 3.5, "min_height_m": 0.0}, "geometry": {"type": "Polygon", "coordinates": [[[103.6929574, 1.3420966], [103.6930034, 1.3420371], [103.6928735, 1.3419375], [103.6928564, 1.3419609], [103.6928279, 1.3419969], [103.6929574, 1.3420966]]]}},
{"type": "Feature", "properties": {"osm_way": 758378281, "osm_name": "", "height_m": 10.0, "min_height_m": 0.0}, "geometry": {"type": "Polygon", "coordinates": [[[103.6849824, 1.3384488], [103.6855342, 1.3382196], [103.6854785, 1.3380857], [103.6849268, 1.3383149], [103.6849824, 1.3384488]]]}},
{"type": "Feature", "properties": {"osm_way": 758378286, "osm_name": "Immersive Vocational Training System (IVTS)", "height_m": 10.0, "min_height_m": 0.0}, "geometry": {"type": "Polygon", "coordinates": [[[103.6843385, 1.337528], [103.6840512, 1.3376473], [103.6841379, 1.3378538], [103.6841731, 1.3378396], [103.6842866, 1.3382887], [103.6846316, 1.3381447], [103.684409, 1.3377443], [103.6844853, 1.3377135], [103.6844436, 1.3376235], [103.6843882, 1.3376477], [103.6843385, 1.337528]]]}},
{"type": "Feature", "properties": {"osm_way": 758378289, "osm_name": "", "height_m": 10.0, "min_height_m": 0.0}, "geometry": {"type": "Polygon", "coordinates": [[[103.6852845, 1.3394881], [103.6854568, 1.3394126], [103.6853963, 1.3392746], [103.685224, 1.33935], [103.6852845, 1.3394881]]]}},
{"type": "Feature", "properties": {"osm_way": 758378293, "osm_name": "", "height_m": 3.5, "min_height_m": 0.0}, "geometry": {"type": "Polygon", "coordinates": [[[103.6887757, 1.3427181], [103.6887582, 1.3425848], [103.6887453, 1.342483], [103.6886727, 1.3424922], [103.6886188, 1.3424997], [103.6885446, 1.3425092], [103.6885747, 1.3427442], [103.6886488, 1.3427347], [103.6887757, 1.3427181]]]}},
{"type": "Feature", "properties": {"osm_way": 758378294, "osm_name": "", "height_m": 3.5, "min_height_m": 0.0}, "geometry": {"type": "Polygon", "coordinates": [[[103.6890172, 1.3435917], [103.6889049, 1.3435059], [103.6888563, 1.3435695], [103.6889686, 1.3436552], [103.6890172, 1.3435917]]]}},
{"type": "Feature", "properties": {"osm_way": 758378295, "osm_name": "", "height_m": 42.0, "min_height_m": 0.0}, "geometry": {"type": "Polygon", "coordinates": [[[103.6907806, 1.3447444], [103.6908207, 1.3447754], [103.6908392, 1.3447515], [103.690799, 1.3447204], [103.6908962, 1.3445931], [103.6909209, 1.3446122], [103.6909512, 1.344573], [103.690927, 1.3445543], [103.6910302, 1.3444211], [103.6910721, 1.3444535], [103.6910907, 1.3444294], [103.6910488, 1.3443969], [103.6911549, 1.34426], [103.6911952, 1.3442912], [103.6912132, 1.3442679], [103.6911729, 1.3442367], [103.6912391, 1.3441512], [103.6911641, 1.3440931], [103.6911277, 1.3441401], [103.6910952, 1.3441149], [103.691131, 1.3440687], [103.6910538, 1.3440089], [103.6909866, 1.3440957], [103.6910827, 1.3441701], [103.6906913, 1.3446755], [103.6906506, 1.344644], [103.6906094, 1.3446971], [103.6907384, 1.344797], [103.6907806, 1.3447444]]]}},
{"type": "Feature", "properties": {"osm_way": 772665726, "osm_name": "", "height_m": 10.0, "min_height_m": 0.0}, "geometry": {"type": "Polygon", "coordinates": [[[103.692523, 1.3539128], [103.6926141, 1.3540155], [103.6928102, 1.3538533], [103.6928039, 1.3538341], [103.6927486, 1.3536768], [103.6927425, 1.3536598], [103.6926981, 1.3536754], [103.6926987, 1.3536919], [103.6927327, 1.353733], [103.692523, 1.3539128]]]}},
{"type": "Feature", "properties": {"osm_way": 772666572, "osm_name": "", "height_m": 10.0, "min_height_m": 0.0}, "geometry": {"type": "Polygon", "coordinates": [[[103.6894115, 1.3544967], [103.6895764, 1.3544056], [103.6895622, 1.3543799], [103.6893973, 1.3544711], [103.6894115, 1.3544967]]]}},
{"type": "Feature", "properties": {"osm_way": 772666573, "osm_name": "", "height_m": 10.0, "min_height_m": 0.0}, "geometry": {"type": "Polygon", "coordinates": [[[103.6896259, 1.3542787], [103.6897165, 1.3542299], [103.6896553, 1.3541165], [103.6895648, 1.3541653], [103.6896259, 1.3542787]]]}},
{"type": "Feature", "properties": {"osm_way": 852434503, "osm_name": "", "height_m": 10.0, "min_height_m": 0.0}, "geometry": {"type": "Polygon", "coordinates": [[[103.6852877, 1.3523214], [103.6852433, 1.3522664], [103.6852949, 1.3522247], [103.6853393, 1.3522798], [103.6852877, 1.3523214]]]}},
{"type": "Feature", "properties": {"osm_way": 852434504, "osm_name": "", "height_m": 10.0, "min_height_m": 0.0}, "geometry": {"type": "Polygon", "coordinates": [[[103.6845478, 1.3523023], [103.684599, 1.3523298], [103.6846264, 1.3522788], [103.6845752, 1.3522514], [103.6845478, 1.3523023]]]}},
{"type": "Feature", "properties": {"osm_way": 852778906, "osm_name": "", "height_m": 10.0, "min_height_m": 0.0}, "geometry": {"type": "Polygon", "coordinates": [[[103.6929415, 1.353376], [103.6929613, 1.3533678], [103.6929446, 1.3533215], [103.6930579, 1.3532793], [103.6930747, 1.3533255], [103.6931223, 1.3533074], [103.6931585, 1.3534026], [103.6931397, 1.3534663], [103.6929929, 1.3535222], [103.6929415, 1.353376]]]}},
{"type": "Feature", "properties": {"osm_way": 884569780, "osm_name": "", "height_m": 10.0, "min_height_m": 0.0}, "geometry": {"type": "Polygon", "coordinates": [[[103.6852259, 1.344643], [103.6852392, 1.3446581], [103.6852964, 1.344651], [103.6852958, 1.3446449], [103.6856537, 1.3446058], [103.6856419, 1.3444563], [103.6852449, 1.344502], [103.6852545, 1.3445897], [103.6852207, 1.3445929], [103.6852259, 1.344643]]]}},
{"type": "Feature", "properties": {"osm_way": 884569781, "osm_name": "", "height_m": 10.0, "min_height_m": 0.0}, "geometry": {"type": "Polygon", "coordinates": [[[103.6856972, 1.3446245], [103.6861064, 1.3445809], [103.6860788, 1.3443562], [103.6856759, 1.3444017], [103.6856972, 1.3446245]]]}},
{"type": "Feature", "properties": {"osm_way": 884569782, "osm_name": "", "height_m": 10.0, "min_height_m": 0.0}, "geometry": {"type": "Polygon", "coordinates": [[[103.6861299, 1.3445553], [103.6864848, 1.3445166], [103.6864601, 1.34429], [103.6861052, 1.3443288], [103.6861299, 1.3445553]]]}},
{"type": "Feature", "properties": {"osm_way": 884569783, "osm_name": "", "height_m": 10.0, "min_height_m": 0.0}, "geometry": {"type": "Polygon", "coordinates": [[[103.6865465, 1.3441337], [103.6864481, 1.3441445], [103.6864606, 1.3442586], [103.6864899, 1.3442554], [103.6864935, 1.3442882], [103.6864683, 1.3442909], [103.6864939, 1.3445239], [103.6865607, 1.3445166], [103.6865523, 1.3444398], [103.6865355, 1.3444416], [103.6865145, 1.3442503], [103.6865588, 1.3442454], [103.6865465, 1.3441337]]]}},
{"type": "Feature", "properties": {"osm_way": 884569784, "osm_name": "", "height_m": 10.0, "min_height_m": 0.0}, "geometry": {"type": "Polygon", "coordinates": [[[103.6861284, 1.3441314], [103.6864415, 1.3440975], [103.6864421, 1.3441134], [103.6865614, 1.3440994], [103.686563, 1.3441109], [103.6865947, 1.3441076], [103.6866041, 1.3440952], [103.6865978, 1.3440512], [103.6866023, 1.344013], [103.6865928, 1.3439304], [103.6867011, 1.3439182], [103.6866889, 1.3438057], [103.6866614, 1.3438078], [103.6866727, 1.3438971], [103.6865486, 1.343911], [103.6865426, 1.3438738], [103.6861004, 1.3439334], [103.6861284, 1.3441314]]]}},
{"type": "Feature", "properties": {"osm_way": 884569785, "osm_name": "", "height_m": 10.0, "min_height_m": 0.0}, "geometry": {"type": "Polygon", "coordinates": [[[103.6856973, 1.3442192], [103.6857331, 1.3442167], [103.6857317, 1.3442071], [103.6860557, 1.3441723], [103.6860165, 1.3438994], [103.6857109, 1.3439346], [103.6857175, 1.3439931], [103.6856717, 1.3439975], [103.6856884, 1.3441424], [103.6856973, 1.3442192]]]}},
{"type": "Feature", "properties": {"osm_way": 1094682730, "osm_name": "Chinese Pavilion", "height_m": 10.0, "min_height_m": 0.0}, "geometry": {"type": "Polygon", "coordinates": [[[103.6848255, 1.3427799], [103.6848227, 1.3427536], [103.6848393, 1.3427331], [103.6848655, 1.3427303], [103.684886, 1.3427469], [103.6848888, 1.3427731], [103.6848722, 1.3427937], [103.684846, 1.3427964], [103.6848255, 1.3427799]]]}},
{"type": "Feature", "properties": {"osm_way": 1094685152, "osm_name": "Chinese Pavilion", "height_m": 10.0, "min_height_m": 0.0}, "geometry": {"type": "Polygon", "coordinates": [[[103.6847405, 1.3421392], [103.6847731, 1.3421358], [103.6847939, 1.3421103], [103.6847905, 1.3420776], [103.684765, 1.3420569], [103.6847323, 1.3420603], [103.6847116, 1.3420858], [103.6847149, 1.3421185], [103.6847405, 1.3421392]]]}},
{"type": "Feature", "properties": {"osm_way": 1094685153, "osm_name": "Chinese Pavilion", "height_m": 10.0, "min_height_m": 0.0}, "geometry": {"type": "Polygon", "coordinates": [[[103.6855216, 1.3427467], [103.6855521, 1.3427433], [103.6855712, 1.3427193], [103.6855678, 1.3426888], [103.6855438, 1.3426696], [103.6855132, 1.3426731], [103.6854941, 1.3426971], [103.6854975, 1.3427276], [103.6855216, 1.3427467]]]}},
{"type": "Feature", "properties": {"osm_way": 1094685154, "osm_name": "Chinese Pavilion", "height_m": 10.0, "min_height_m": 0.0}, "geometry": {"type": "Polygon", "coordinates": [[[103.6855337, 1.3433523], [103.6855662, 1.3433479], [103.6855861, 1.3433217], [103.6855816, 1.3432891], [103.6855555, 1.3432693], [103.6855229, 1.3432737], [103.685503, 1.3432999], [103.6855075, 1.3433324], [103.6855337, 1.3433523]]]}},
{"type": "Feature", "properties": {"osm_way": 1094685155, "osm_name": "Chinese Pavilion", "height_m": 10.0, "min_height_m": 0.0}, "geometry": {"type": "Polygon", "coordinates": [[[103.6861631, 1.3434068], [103.6861958, 1.3434033], [103.6862165, 1.3433778], [103.686213, 1.3433451], [103.6861875, 1.3433244], [103.6861548, 1.3433279], [103.6861341, 1.3433534], [103.6861376, 1.3433861], [103.6861631, 1.3434068]]]}},
{"type": "Feature", "properties": {"osm_way": 1094687238, "osm_name": "Chinese Pavilion", "height_m": 10.0, "min_height_m": 0.0}, "geometry": {"type": "Polygon", "coordinates": [[[103.6841553, 1.3422616], [103.6841826, 1.3422642], [103.6842051, 1.3422487], [103.6842124, 1.3422223], [103.684201, 1.3421974], [103.6841763, 1.3421856], [103.6841498, 1.3421925], [103.6841339, 1.3422148], [103.6841361, 1.3422421], [103.6841553, 1.3422616]]]}},
{"type": "Feature", "properties": {"osm_way": 1094687239, "osm_name": "Chinese Pavilion", "height_m": 10.0, "min_height_m": 0.0}, "geometry": {"type": "Polygon", "coordinates": [[[103.6841397, 1.3418175], [103.68417, 1.3418117], [103.6841872, 1.3417862], [103.6841814, 1.341756], [103.6841559, 1.3417388], [103.6841257, 1.3417446], [103.6841084, 1.3417701], [103.6841143, 1.3418003], [103.6841397, 1.3418175]]]}},
{"type": "Feature", "properties": {"osm_way": 1148733066, "osm_name": "", "height_m": 10.0, "min_height_m": 0.0}, "geometry": {"type": "Polygon", "coordinates": [[[103.6834589, 1.3421607], [103.6835376, 1.3421894], [103.6835848, 1.3422075], [103.6835915, 1.3421365], [103.6836147, 1.3420546], [103.6836358, 1.3420038], [103.6835824, 1.3419999], [103.6835013, 1.3419922], [103.6834589, 1.3421607]]]}},
{"type": "Feature", "properties": {"osm_way": 1160899505, "osm_name": "", "height_m": 3.5, "min_height_m": 0.0}, "geometry": {"type": "Polygon", "coordinates": [[[103.6900429, 1.343129], [103.690054, 1.3431541], [103.690074, 1.3431757], [103.6901004, 1.3431917], [103.6901273, 1.3432026], [103.6901777, 1.3431594], [103.6902187, 1.3431261], [103.6902536, 1.3430854], [103.6902348, 1.3430457], [103.6902662, 1.3430106], [103.6902396, 1.3429756], [103.6902041, 1.3429593], [103.6901721, 1.3429964], [103.6901271, 1.3429896], [103.6900962, 1.3430277], [103.6900737, 1.3430743], [103.6900429, 1.343129]]]}},
{"type": "Feature", "properties": {"osm_way": 1161093458, "osm_name": "", "height_m": 10.0, "min_height_m": 0.0}, "geometry": {"type": "Polygon", "coordinates": [[[103.6922283, 1.3470226], [103.6923472, 1.3470419], [103.6922532, 1.3469385], [103.6922221, 1.3469373], [103.6922291, 1.3469601], [103.6922323, 1.3469825], [103.6922322, 1.347003], [103.6922283, 1.3470226]]]}},
{"type": "Feature", "properties": {"osm_way": 1161093463, "osm_name": "4 Evergreen Community Garden", "height_m": 10.0, "min_height_m": 0.0}, "geometry": {"type": "Polygon", "coordinates": [[[103.692084, 1.3469639], [103.6919409, 1.3468009], [103.6920243, 1.3467278], [103.6921673, 1.3468908], [103.692084, 1.3469639]]]}},
{"type": "Feature", "properties": {"osm_way": 1161093464, "osm_name": "", "height_m": 10.0, "min_height_m": 0.0}, "geometry": {"type": "Polygon", "coordinates": [[[103.6916435, 1.3464114], [103.6916139, 1.346373], [103.6916099, 1.3463481], [103.691598, 1.3463276], [103.6915808, 1.3463161], [103.6915619, 1.3463105], [103.6915218, 1.3462687], [103.6915513, 1.3462334], [103.6916041, 1.3462572], [103.6916121, 1.3462499], [103.6917068, 1.3463563], [103.6916435, 1.3464114]]]}},
{"type": "Feature", "properties": {"osm_way": 1217580711, "osm_name": "", "height_m": 31.5, "min_height_m": 28.0}, "geometry": {"type": "Polygon", "coordinates": [[[103.6909457, 1.3410568], [103.6910272, 1.3410413], [103.6910267, 1.3410373], [103.6910299, 1.341024], [103.6909431, 1.3410409], [103.6909457, 1.3410568]]]}},
{"type": "Feature", "properties": {"osm_way": 1217580716, "osm_name": "", "height_m": 3.5, "min_height_m": 0.0}, "geometry": {"type": "Polygon", "coordinates": [[[103.6904595, 1.3405854], [103.690476, 1.3407108], [103.6906636, 1.3406877], [103.690652, 1.3405623], [103.6904595, 1.3405854]]]}},
{"type": "Feature", "properties": {"osm_way": 1217580727, "osm_name": "", "height_m": 49.0, "min_height_m": 0.0}, "geometry": {"type": "Polygon", "coordinates": [[[103.6908155, 1.3405147], [103.6907341, 1.3404513], [103.6907253, 1.3404624], [103.6907388, 1.3404729], [103.6907237, 1.3404931], [103.6907319, 1.3404995], [103.6907189, 1.3405166], [103.6907045, 1.3405355], [103.6905294, 1.340398], [103.6905569, 1.3403625], [103.6905663, 1.3403699], [103.6905805, 1.3403503], [103.6905945, 1.3403611], [103.6906032, 1.3403494], [103.6905833, 1.3403339], [103.6905024, 1.3403434], [103.6904369, 1.3404268], [103.6904468, 1.3404993], [103.6904321, 1.3405004], [103.6904342, 1.3405175], [103.6904092, 1.3405204], [103.6904105, 1.3405318], [103.6903665, 1.3405366], [103.6903624, 1.3405024], [103.6903404, 1.3403173], [103.6903841, 1.3403129], [103.6903852, 1.3403221], [103.6904095, 1.3403189], [103.6904116, 1.3403363], [103.6904243, 1.3403346], [103.6904323, 1.3403931], [103.6904392, 1.340398], [103.6904684, 1.3403596], [103.6904284, 1.340328], [103.6904489, 1.3403023], [103.6904438, 1.3402524], [103.6904114, 1.3402926], [103.6904017, 1.3402851], [103.6903912, 1.3402986], [103.690371, 1.3402834], [103.6903646, 1.3402916], [103.6903286, 1.3402642], [103.6904578, 1.3401003], [103.6904665, 1.3400893], [103.6905019, 1.3401169], [103.6904945, 1.3401263], [103.6905141, 1.3401405], [103.6905032, 1.3401545], [103.6905152, 1.3401635], [103.6904562, 1.340237], [103.6904623, 1.3402847], [103.6904981, 1.3402385], [103.6905189, 1.3402544], [103.6905158, 1.340258], [103.6905347, 1.3402735], [103.6905025, 1.3403147], [103.6905178, 1.3403268], [103.6905897, 1.3403169], [103.6905758, 1.3403061], [103.6905856, 1.3402948], [103.6905689, 1.3402818], [103.690608, 1.3402313], [103.6907457, 1.3403387], [103.6907055, 1.3403889], [103.6906888, 1.3403758], [103.6906796, 1.3403876], [103.6907355, 1.3404317], [103.6907423, 1.3404228], [103.6907288, 1.3404123], [103.6907439, 1.3403921], [103.6907357, 1.3403857], [103.6907632, 1.3403498], [103.6909381, 1.3404875], [103.6909105, 1.3405229], [103.6909011, 1.3405156], [103.690887, 1.3405351], [103.690873, 1.3405243], [103.6908658, 1.3405344], [103.6908725, 1.3405397], [103.6908572, 1.3405596], [103.6908095, 1.3405226], [103.6908155, 1.3405147]]]}},
{"type": "Feature", "properties": {"osm_way": 1228269597, "osm_name": "", "height_m": 3.5, "min_height_m": 0.0}, "geometry": {"type": "Polygon", "coordinates": [[[103.6914298, 1.3537876], [103.6914405, 1.3538457], [103.6914606, 1.3538819], [103.6914875, 1.3539188], [103.6915217, 1.353951], [103.6915652, 1.3539765], [103.6916041, 1.3539892], [103.6916363, 1.3539946], [103.6916799, 1.3539966], [103.6917339, 1.3539828], [103.6917061, 1.3539372], [103.6916712, 1.353896], [103.6916209, 1.3538544], [103.6915733, 1.3538263], [103.691527, 1.3538058], [103.6914834, 1.3537924], [103.6914452, 1.3537877], [103.6914298, 1.3537876]]]}},
{"type": "Feature", "properties": {"osm_way": 1228269598, "osm_name": "", "height_m": 10.0, "min_height_m": 0.0}, "geometry": {"type": "Polygon", "coordinates": [[[103.6916548, 1.3538126], [103.6917057, 1.3538568], [103.6917473, 1.3539041], [103.6917701, 1.3539517], [103.6917825, 1.3539765], [103.6917926, 1.3539966], [103.6918007, 1.3540205], [103.6918083, 1.3540428], [103.6919592, 1.3538122], [103.6919421, 1.3538013], [103.6919245, 1.35379], [103.6919094, 1.3537803], [103.6918906, 1.3537683], [103.6917636, 1.3536871], [103.6917439, 1.3536745], [103.6917161, 1.3537227], [103.6916866, 1.353769], [103.6916548, 1.3538126]]]}},
{"type": "Feature", "properties": {"osm_way": 1228269599, "osm_name": "", "height_m": 10.0, "min_height_m": 0.0}, "geometry": {"type": "Polygon", "coordinates": [[[103.6914298, 1.3521839], [103.69154, 1.3520755], [103.691566, 1.3520499], [103.6915748, 1.3520413], [103.6915838, 1.3520325], [103.6915934, 1.352023], [103.6916063, 1.3520104], [103.6916203, 1.3519966], [103.6916303, 1.3519868], [103.69174, 1.3518788], [103.6917472, 1.3518717], [103.6917699, 1.3518495], [103.6917873, 1.3518323], [103.691799, 1.3518208], [103.6918045, 1.3518154], [103.6917315, 1.3517434], [103.6916477, 1.3516845], [103.6915565, 1.3516282], [103.6914634, 1.3515809], [103.6913721, 1.3515424], [103.6913211, 1.351526], [103.6913217, 1.3515413], [103.6913224, 1.3515598], [103.6913233, 1.351584], [103.6913246, 1.3516171], [103.691331, 1.3517873], [103.6913321, 1.3518182], [103.6913329, 1.3518386], [103.6913336, 1.3518578], [103.6913343, 1.3518756], [103.6913348, 1.3518896], [103.6913353, 1.351902], [103.6913435, 1.3521182], [103.6913857, 1.3521503], [103.6914298, 1.3521839]]]}},
{"type": "Feature", "properties": {"osm_way": 1228269600, "osm_name": "", "height_m": 10.0, "min_height_m": 0.0}, "geometry": {"type": "Polygon", "coordinates": [[[103.6914438, 1.3525265], [103.6915516, 1.3524766], [103.6917468, 1.3523862], [103.6917647, 1.3523779], [103.6917776, 1.3523719], [103.6917901, 1.3523662], [103.6918001, 1.3523615], [103.691818, 1.3523532], [103.6918331, 1.3523462], [103.6918161, 1.3522958], [103.6917929, 1.3522415], [103.6917681, 1.3521953], [103.6917431, 1.3521578], [103.6917283, 1.3521646], [103.6917147, 1.3521707], [103.6917034, 1.3521759], [103.6916913, 1.3521814], [103.691678, 1.3521875], [103.6916589, 1.3521962], [103.691545, 1.352248], [103.6914345, 1.3522983], [103.691391, 1.3523181], [103.6913517, 1.352336], [103.6913603, 1.3525651], [103.6913988, 1.3525473], [103.6914438, 1.3525265]]]}},
{"type": "Feature", "properties": {"osm_way": 1228269601, "osm_name": "", "height_m": 10.0, "min_height_m": 0.0}, "geometry": {"type": "Polygon", "coordinates": [[[103.6914606, 1.3529572], [103.6915647, 1.3529525], [103.691828, 1.3529417], [103.6918465, 1.3529409], [103.6918594, 1.3529404], [103.6918736, 1.3529398], [103.6918848, 1.3529393], [103.6919065, 1.3529384], [103.6919146, 1.3529381], [103.6919106, 1.3527369], [103.6919002, 1.3527373], [103.6918801, 1.3527379], [103.6918678, 1.3527383], [103.6918526, 1.3527388], [103.6918395, 1.3527392], [103.69182, 1.3527398], [103.6915589, 1.3527482], [103.6914524, 1.3527516], [103.691406, 1.3527531], [103.6913674, 1.3527543], [103.6913752, 1.3529611], [103.691413, 1.3529594], [103.6914606, 1.3529572]]]}},
{"type": "Feature", "properties": {"osm_way": 1228269602, "osm_name": "", "height_m": 10.0, "min_height_m": 0.0}, "geometry": {"type": "Polygon", "coordinates": [[[103.6917074, 1.3534971], [103.6917236, 1.3535032], [103.6917364, 1.353508], [103.6917491, 1.3535128], [103.6917641, 1.3535184], [103.6917834, 1.3535256], [103.6917957, 1.3535303], [103.6918153, 1.3534773], [103.6918311, 1.3534364], [103.6918462, 1.3533925], [103.6918638, 1.3533355], [103.6918524, 1.3533312], [103.6918346, 1.3533245], [103.6918234, 1.3533203], [103.6918101, 1.3533153], [103.691796, 1.35331], [103.6917785, 1.3533034], [103.6915723, 1.3532259], [103.6914698, 1.3531874], [103.6914201, 1.3531687], [103.6913825, 1.3531546], [103.6913909, 1.3533785], [103.6914278, 1.3533923], [103.6917074, 1.3534971]]]}},
{"type": "Feature", "properties": {"osm_way": 1228269604, "osm_name": "", "height_m": 10.0, "min_height_m": 0.0}, "geometry": {"type": "Polygon", "coordinates": [[[103.6914298, 1.3521839], [103.6914345, 1.3522983], [103.691545, 1.352248], [103.6916589, 1.3521962], [103.691678, 1.3521875], [103.6916913, 1.3521814], [103.6917034, 1.3521759], [103.6917147, 1.3521707], [103.6917283, 1.3521646], [103.6917431, 1.3521578], [103.6917681, 1.3521953], [103.6917929, 1.3522415], [103.6918161, 1.3522958], [103.6918331, 1.3523462], [103.691818, 1.3523532], [103.6918001, 1.3523615], [103.6917901, 1.3523662], [103.6917776, 1.3523719], [103.6917647, 1.3523779], [103.6917468, 1.3523862], [103.6915516, 1.3524766], [103.6914438, 1.3525265], [103.6914524, 1.3527516], [103.6915589, 1.3527482], [103.69182, 1.3527398], [103.6918395, 1.3527392], [103.6918526, 1.3527388], [103.6918678, 1.3527383], [103.6918801, 1.3527379], [103.6919002, 1.3527373], [103.6919106, 1.3527369], [103.6919146, 1.3529381], [103.6919065, 1.3529384], [103.6918848, 1.3529393], [103.6918736, 1.3529398], [103.6918594, 1.3529404], [103.6918465, 1.3529409], [103.691828, 1.3529417], [103.6915647, 1.3529525], [103.6914606, 1.3529572], [103.6914698, 1.3531874], [103.6915723, 1.3532259], [103.6917785, 1.3533034], [103.691796, 1.35331], [103.6918101, 1.3533153], [103.6918234, 1.3533203], [103.6918346, 1.3533245], [103.6918524, 1.3533312], [103.6918638, 1.3533355], [103.6918462, 1.3533925], [103.6918311, 1.3534364], [103.6918153, 1.3534773], [103.6917957, 1.3535303], [103.6917834, 1.3535256], [103.6917641, 1.3535184], [103.6917491, 1.3535128], [103.6917364, 1.353508], [103.6917236, 1.3535032], [103.6917074, 1.3534971], [103.6916802, 1.3535551], [103.6916578, 1.3535913], [103.6916316, 1.3536255], [103.6915994, 1.3536627], [103.6915663, 1.3536932], [103.6915294, 1.3537194], [103.6914865, 1.3537425], [103.6914533, 1.3537375], [103.6914167, 1.3537355], [103.691416, 1.3537874], [103.6914298, 1.3537876], [103.6914452, 1.3537877], [103.6914834, 1.3537924], [103.691527, 1.3538058], [103.6915733, 1.3538263], [103.6916209, 1.3538544], [103.6916712, 1.353896], [103.6917061, 1.3539372], [103.6917339, 1.3539828], [103.6917411, 1.3539981], [103.6917701, 1.3539517], [103.6917473, 1.3539041], [103.6917057, 1.3538568], [103.6916548, 1.3538126], [103.6916866, 1.353769], [103.6917161, 1.3537227], [103.6917439, 1.3536745], [103.6917785, 1.3536114], [103.6918142, 1.3535372], [103.6920332, 1.3536193], [103.6920517, 1.3536262], [103.6920711, 1.3536335], [103.692091, 1.353641], [103.6921104, 1.3536483], [103.6921295, 1.3536554], [103.6922013, 1.3534623], [103.6921818, 1.353455], [103.6921632, 1.353448], [103.6921433, 1.3534405], [103.6921246, 1.3534335], [103.6921047, 1.353426], [103.6918857, 1.3533437], [103.6919002, 1.353296], [103.6919119, 1.3532484], [103.6919243, 1.3531921], [103.6919317, 1.3531462], [103.6921047, 1.3531636], [103.6921238, 1.3531656], [103.6921442, 1.3531676], [103.6921641, 1.3531696], [103.6921845, 1.3531717], [103.6922046, 1.3529655], [103.6921838, 1.3529637], [103.6921637, 1.3529618], [103.6921436, 1.35296], [103.6921232, 1.3529581], [103.6919505, 1.3529424], [103.6919513, 1.3528787], [103.691948, 1.352799], [103.6919434, 1.3527338], [103.6923353, 1.3526676], [103.6923549, 1.3526643], [103.6923744, 1.352661], [103.6923952, 1.3526575], [103.6924147, 1.3526542], [103.6924346, 1.3526508], [103.6924011, 1.3524474], [103.692382, 1.3524506], [103.6923598, 1.3524543], [103.6923404, 1.3524575], [103.6923218, 1.3524606], [103.6923025, 1.3524639], [103.6919092, 1.3525298], [103.6918931, 1.3524735], [103.6918717, 1.3524044], [103.6918487, 1.352339], [103.6920632, 1.3522398], [103.6920816, 1.3522312], [103.6920997, 1.3522229], [103.692118, 1.3522144], [103.6921354, 1.3522064], [103.6921543, 1.3521976], [103.6920688, 1.3520096], [103.692049, 1.3520186], [103.6920311, 1.3520267], [103.6920135, 1.3520348], [103.6919948, 1.3520433], [103.6919765, 1.3520516], [103.6917602, 1.35215], [103.6917171, 1.3520867], [103.6916739, 1.3520304], [103.6916303, 1.3519868], [103.6916203, 1.3519966], [103.6916063, 1.3520104], [103.6915934, 1.352023], [103.6915838, 1.3520325], [103.6915748, 1.3520413], [103.691566, 1.3520499], [103.69154, 1.3520755], [103.6914298, 1.3521839]]]}},
{"type": "Feature", "properties": {"osm_way": 1237477486, "osm_name": "", "height_m": 10.0, "min_height_m": 0.0}, "geometry": {"type": "Polygon", "coordinates": [[[103.6737658, 1.3433028], [103.6737641, 1.3428421], [103.6753557, 1.3428358], [103.6753562, 1.3429768], [103.6754498, 1.3429764], [103.6754492, 1.3428442], [103.676046, 1.3428416], [103.6760473, 1.3431511], [103.6758437, 1.343152], [103.675824, 1.3432385], [103.6753375, 1.3432966], [103.6737658, 1.3433028]]]}},
{"type": "Feature", "properties": {"osm_way": 1237477487, "osm_name": "", "height_m": 10.0, "min_height_m": 0.0}, "geometry": {"type": "Polygon", "coordinates": [[[103.6765289, 1.3437791], [103.6765284, 1.3436658], [103.676857, 1.3436644], [103.6768575, 1.3437776], [103.6765289, 1.3437791]]]}},
{"type": "Feature", "properties": {"osm_way": 1237477489, "osm_name": "", "height_m": 10.0, "min_height_m": 0.0}, "geometry": {"type": "Polygon", "coordinates": [[[103.6762062, 1.3426747], [103.6761348, 1.3425747], [103.6761905, 1.342535], [103.6762619, 1.342635], [103.6762062, 1.3426747]]]}},
{"type": "Feature", "properties": {"osm_way": 1237477494, "osm_name": "", "height_m": 10.0, "min_height_m": 0.0}, "geometry": {"type": "Polygon", "coordinates": [[[103.6761681, 1.3447105], [103.676789, 1.3447096], [103.6767893, 1.3448972], [103.6761683, 1.344898], [103.6761681, 1.3447105]]]}},
{"type": "Feature", "properties": {"osm_way": 1249541345, "osm_name": "", "height_m": 10.0, "min_height_m": 0.0}, "geometry": {"type": "Polygon", "coordinates": [[[103.6868377, 1.3496242], [103.6866569, 1.3495315], [103.6867403, 1.3493689], [103.6869212, 1.3494616], [103.6868377, 1.3496242]]]}},
{"type": "Feature", "properties": {"osm_way": 1384005751, "osm_name": "Sports & Aesthetics Wing", "height_m": 17.5, "min_height_m": 0.0}, "geometry": {"type": "Polygon", "coordinates": [[[103.6867514, 1.3426242], [103.6869898, 1.3423133], [103.6872057, 1.3424742], [103.6870494, 1.3426656], [103.6870937, 1.3427006], [103.6871049, 1.3426865], [103.6871513, 1.3427232], [103.6870915, 1.3427987], [103.6870559, 1.3427706], [103.6870217, 1.3428137], [103.6869754, 1.3427771], [103.6869637, 1.3427919], [103.6867514, 1.3426242]]]}},
{"type": "Feature", "properties": {"osm_way": 1384532857, "osm_name": "", "height_m": 3.5, "min_height_m": 0.0}, "geometry": {"type": "Polygon", "coordinates": [[[103.6899131, 1.3443081], [103.6898008, 1.3442223], [103.6897522, 1.3442859], [103.6898645, 1.3443716], [103.6899131, 1.3443081]]]}},
{"type": "Feature", "properties": {"osm_way": 1384532858, "osm_name": "", "height_m": 3.5, "min_height_m": 0.0}, "geometry": {"type": "Polygon", "coordinates": [[[103.6907461, 1.3440958], [103.690659, 1.3442071], [103.6907221, 1.3442564], [103.6908091, 1.3441451], [103.6907461, 1.3440958]]]}},
{"type": "Feature", "properties": {"osm_way": 1384532859, "osm_name": "", "height_m": 10.0, "min_height_m": 0.0}, "geometry": {"type": "Polygon", "coordinates": [[[103.6865446, 1.3415264], [103.6864072, 1.3415411], [103.6864003, 1.3414765], [103.6865377, 1.3414618], [103.6865446, 1.3415264]]]}},
{"type": "Feature", "properties": {"osm_way": 1412957024, "osm_name": "", "height_m": 10.0, "min_height_m": 0.0}, "geometry": {"type": "Polygon", "coordinates": [[[103.6843305, 1.3395417], [103.6846586, 1.3394057], [103.6843616, 1.3386894], [103.6840334, 1.3388254], [103.6843305, 1.3395417]]]}},
{"type": "Feature", "properties": {"osm_way": 1412957025, "osm_name": "", "height_m": 10.0, "min_height_m": 0.0}, "geometry": {"type": "Polygon", "coordinates": [[[103.6844175, 1.3385328], [103.6845857, 1.3384649], [103.6846108, 1.338527], [103.6844426, 1.3385949], [103.6844175, 1.3385328]]]}},
{"type": "Feature", "properties": {"osm_way": 1412957026, "osm_name": "", "height_m": 10.0, "min_height_m": 0.0}, "geometry": {"type": "Polygon", "coordinates": [[[103.6831594, 1.3399282], [103.6832916, 1.3398723], [103.6833358, 1.3399767], [103.6838103, 1.339776], [103.6837656, 1.3396703], [103.6839135, 1.3396077], [103.6840139, 1.339845], [103.6833321, 1.3401333], [103.6833101, 1.3400813], [103.6832373, 1.3401121], [103.6831594, 1.3399282]]]}},
{"type": "Feature", "properties": {"osm_way": 1412957027, "osm_name": "", "height_m": 10.0, "min_height_m": 0.0}, "geometry": {"type": "Polygon", "coordinates": [[[103.683567, 1.3402587], [103.6836671, 1.3402164], [103.6836877, 1.340265], [103.6840662, 1.3401052], [103.6840446, 1.3400541], [103.6841506, 1.3400093], [103.6842111, 1.3401524], [103.6840876, 1.3402046], [103.6841007, 1.3402356], [103.6837566, 1.3403809], [103.6837401, 1.3403419], [103.6836231, 1.3403913], [103.683567, 1.3402587]]]}},
{"type": "Feature", "properties": {"osm_way": 1412957028, "osm_name": "", "height_m": 10.0, "min_height_m": 0.0}, "geometry": {"type": "Polygon", "coordinates": [[[103.6837176, 1.3404636], [103.6838083, 1.3404245], [103.6838581, 1.3405401], [103.6837674, 1.3405792], [103.6837176, 1.3404636]]]}},
{"type": "Feature", "properties": {"osm_way": 1412957029, "osm_name": "", "height_m": 10.0, "min_height_m": 0.0}, "geometry": {"type": "Polygon", "coordinates": [[[103.6838989, 1.3406051], [103.6840018, 1.3405635], [103.6840237, 1.3406174], [103.6845443, 1.3404065], [103.6846657, 1.3403573], [103.6846385, 1.3402903], [103.6847275, 1.3402543], [103.6847851, 1.3403965], [103.6846751, 1.340441], [103.6846978, 1.3404971], [103.6840892, 1.3407433], [103.6840724, 1.3407018], [103.683957, 1.3407485], [103.6838989, 1.3406051]]]}},
{"type": "Feature", "properties": {"osm_way": 1412957030, "osm_name": "", "height_m": 10.0, "min_height_m": 0.0}, "geometry": {"type": "Polygon", "coordinates": [[[103.6842426, 1.3407853], [103.6843478, 1.3407401], [103.6843992, 1.3408598], [103.684294, 1.3409049], [103.6842426, 1.3407853]]]}},
{"type": "Feature", "properties": {"osm_way": 1466470682, "osm_name": "Nanyang Lake Pavilion", "height_m": 10.0, "min_height_m": 0.0}, "geometry": {"type": "Polygon", "coordinates": [[[103.6847112, 1.3441066], [103.6847527, 1.3441412], [103.6847675, 1.3441235], [103.6847945, 1.344146], [103.68491, 1.3440078], [103.6848831, 1.3439854], [103.6848976, 1.3439681], [103.6848479, 1.3439265], [103.684812, 1.3438966], [103.6847988, 1.3439124], [103.6847838, 1.3439112], [103.6847672, 1.3439123], [103.6847491, 1.3439165], [103.6847347, 1.3439224], [103.684719, 1.343932], [103.6847072, 1.3439214], [103.6846902, 1.3439416], [103.6846723, 1.3439635], [103.684685, 1.3439733], [103.6846776, 1.3439946], [103.6846749, 1.3440148], [103.684676, 1.344035], [103.6846803, 1.3440529], [103.6846868, 1.3440683], [103.6846761, 1.3440811], [103.6846365, 1.3440481], [103.6845934, 1.3440997], [103.6846468, 1.3441443], [103.6846435, 1.3441481], [103.6846505, 1.3441531], [103.684687, 1.3441792], [103.6846519, 1.3441825], [103.6846598, 1.3442571], [103.6847308, 1.3442497], [103.6847223, 1.3441765], [103.6847257, 1.3441716], [103.684685, 1.3441386], [103.6847112, 1.3441066]]]}},
{"type": "Feature", "properties": {"osm_way": 1474745038, "osm_name": "S2.2", "height_m": 10.0, "min_height_m": 0.0}, "geometry": {"type": "Polygon", "coordinates": [[[103.6809193, 1.3429033], [103.6809466, 1.3428761], [103.6809716, 1.3428511], [103.6811917, 1.3430714], [103.6811383, 1.3431247], [103.6811257, 1.3431122], [103.6808325, 1.343405], [103.6808463, 1.3434188], [103.6807946, 1.3434705], [103.6805757, 1.3432512], [103.6805993, 1.3432276], [103.6806264, 1.3432006], [103.6806375, 1.3432116], [103.6809328, 1.3429169], [103.6809193, 1.3429033]]]}},
{"type": "Feature", "properties": {"osm_way": 1474745042, "osm_name": "", "height_m": 3.5, "min_height_m": 0.0}, "geometry": {"type": "Polygon", "coordinates": [[[103.6821345, 1.3422909], [103.6821913, 1.3422803], [103.682239, 1.3422825], [103.6823005, 1.3422917], [103.6823738, 1.3423308], [103.6824359, 1.3423815], [103.6824819, 1.3424452], [103.6825072, 1.3425024], [103.6825166, 1.3425545], [103.6825201, 1.3426233], [103.6825048, 1.3426898], [103.6825755, 1.3427072], [103.6825851, 1.3426456], [103.6825863, 1.3425739], [103.6825806, 1.342531], [103.68257, 1.3424932], [103.6825569, 1.3424542], [103.6825364, 1.342416], [103.6825107, 1.3423779], [103.6824642, 1.3423267], [103.6824158, 1.3422891], [103.6823706, 1.3422621], [103.6823259, 1.3422445], [103.6822745, 1.342229], [103.6822541, 1.342227], [103.6822287, 1.3422244], [103.6821739, 1.3422272], [103.6821073, 1.3422374], [103.6821345, 1.3422909]]]}},
{"type": "Feature", "properties": {"osm_way": 1474745045, "osm_name": "", "height_m": 10.0, "min_height_m": 0.0}, "geometry": {"type": "Polygon", "coordinates": [[[103.6823422, 1.3414035], [103.6823195, 1.341615], [103.6823734, 1.3416208], [103.682369, 1.3416619], [103.6826555, 1.3416926], [103.6826826, 1.3414399], [103.6823422, 1.3414035]]]}},
{"type": "Feature", "properties": {"osm_way": 1477388470, "osm_name": "", "height_m": 10.0, "min_height_m": 0.0}, "geometry": {"type": "Polygon", "coordinates": [[[103.6860478, 1.3518267], [103.6860681, 1.3518571], [103.6860734, 1.3518547], [103.6860915, 1.3518807], [103.6861249, 1.3518575], [103.6861411, 1.351882], [103.6861965, 1.3518416], [103.6861904, 1.3518342], [103.6861987, 1.3518283], [103.686171, 1.3517919], [103.6861683, 1.3517687], [103.686181, 1.3517766], [103.6861923, 1.3517575], [103.6861697, 1.3517439], [103.6861925, 1.3517087], [103.686186, 1.3517035], [103.6862121, 1.3516649], [103.6861991, 1.3516576], [103.6862041, 1.3516428], [103.6862216, 1.3516291], [103.6861985, 1.3515969], [103.6861941, 1.3515993], [103.6861723, 1.3515722], [103.68615, 1.35159], [103.6861472, 1.3515867], [103.6861394, 1.3515926], [103.6861285, 1.3515761], [103.6861241, 1.3515793], [103.6861206, 1.3515734], [103.6860686, 1.3516125], [103.6860733, 1.3516201], [103.6860677, 1.351624], [103.6860947, 1.3516627], [103.686098, 1.3516842], [103.6860871, 1.3516762], [103.6860736, 1.3516959], [103.6860912, 1.3517071], [103.6860853, 1.3517186], [103.6860724, 1.3517103], [103.6860448, 1.3517556], [103.6860674, 1.3517688], [103.6860548, 1.3517911], [103.6860674, 1.351797], [103.6860627, 1.3518076], [103.6860686, 1.3518149], [103.6860478, 1.3518267]]]}},
{"type": "Feature", "properties": {"osm_way": 1477388471, "osm_name": "", "height_m": 10.0, "min_height_m": 0.0}, "geometry": {"type": "Polygon", "coordinates": [[[103.6861212, 1.3512611], [103.6860833, 1.3512982], [103.6860874, 1.3513034], [103.6860824, 1.3513084], [103.6861118, 1.3513372], [103.6861162, 1.3513328], [103.6861256, 1.3513566], [103.6861097, 1.3513507], [103.6861, 1.3513675], [103.686128, 1.3513784], [103.6861312, 1.3513925], [103.6860989, 1.3513751], [103.6860809, 1.3514121], [103.6861077, 1.3514254], [103.686098, 1.3514445], [103.686113, 1.3514503], [103.6861092, 1.3514597], [103.6861206, 1.3514644], [103.6861033, 1.3514809], [103.6861224, 1.3515015], [103.68613, 1.3514953], [103.6861565, 1.3515211], [103.6861738, 1.3515029], [103.6861814, 1.3515097], [103.686187, 1.3515038], [103.6862053, 1.3515214], [103.6862097, 1.3515176], [103.6862141, 1.3515217], [103.6862546, 1.3514844], [103.6862508, 1.3514794], [103.6862546, 1.3514759], [103.6862285, 1.3514462], [103.6862217, 1.3514509], [103.6862117, 1.351428], [103.6862288, 1.3514348], [103.6862373, 1.3514174], [103.6862102, 1.351406], [103.6862293, 1.3513766], [103.6862241, 1.3513698], [103.6862405, 1.351339], [103.6862273, 1.3513343], [103.6862314, 1.3513243], [103.6862241, 1.3513222], [103.686252, 1.3512932], [103.6862552, 1.3513002], [103.6862623, 1.3512961], [103.686269, 1.3513102], [103.686306, 1.3512937], [103.6863078, 1.3512993], [103.6863319, 1.3512885], [103.6863299, 1.3512811], [103.6863387, 1.3512805], [103.686351, 1.3513114], [103.6863698, 1.3513034], [103.6863648, 1.3512888], [103.6863848, 1.3512958], [103.6863804, 1.3512993], [103.6864115, 1.3513302], [103.6864168, 1.3513255], [103.6864212, 1.3513299], [103.6864624, 1.3512876], [103.6864436, 1.3512679], [103.6864489, 1.3512632], [103.6864436, 1.3512567], [103.6864639, 1.3512356], [103.6864386, 1.3512103], [103.6864442, 1.3512053], [103.6864207, 1.3511818], [103.6864068, 1.3511968], [103.6864007, 1.3511856], [103.686391, 1.3511906], [103.6863848, 1.3511756], [103.6863654, 1.3511845], [103.6863542, 1.3511589], [103.6863187, 1.3511759], [103.6863299, 1.3512003], [103.686326, 1.3512071], [103.6863178, 1.3512083], [103.6863037, 1.3511765], [103.6862855, 1.3511836], [103.6862919, 1.3511991], [103.6862702, 1.3511921], [103.6862743, 1.3511874], [103.6862452, 1.3511568], [103.6862402, 1.3511618], [103.6862349, 1.3511565], [103.6861956, 1.3511959], [103.6861982, 1.3511994], [103.6861944, 1.3512041], [103.6862123, 1.3512212], [103.6862055, 1.3512268], [103.6862111, 1.3512332], [103.6861938, 1.3512517], [103.6862202, 1.3512785], [103.6862097, 1.3512908], [103.686182, 1.3512623], [103.6861638, 1.3512794], [103.6861582, 1.3512735], [103.6861512, 1.3512805], [103.686133, 1.3512611], [103.6861274, 1.3512658], [103.6861212, 1.3512611]]]}},
{"type": "Feature", "properties": {"osm_way": 1477388472, "osm_name": "", "height_m": 10.0, "min_height_m": 0.0}, "geometry": {"type": "Polygon", "coordinates": [[[103.6865804, 1.3509542], [103.686527, 1.3509855], [103.6865306, 1.3509935], [103.6865241, 1.3509978], [103.6865453, 1.3510347], [103.6865507, 1.3510316], [103.6865537, 1.351057], [103.6865398, 1.3510438], [103.6865283, 1.3510577], [103.6865552, 1.3510804], [103.6865503, 1.3510888], [103.6865231, 1.351068], [103.6864963, 1.3510992], [103.6865187, 1.3511188], [103.6865044, 1.3511348], [103.6865174, 1.3511443], [103.6865113, 1.3511524], [103.6865212, 1.3511599], [103.6865002, 1.3511714], [103.6865171, 1.3511993], [103.6865225, 1.3511957], [103.6865415, 1.3512274], [103.6865639, 1.3512147], [103.6865693, 1.3512214], [103.6865772, 1.351218], [103.6865883, 1.3512367], [103.6865936, 1.3512342], [103.6865968, 1.3512393], [103.6866456, 1.3512136], [103.6866432, 1.3512078], [103.6866478, 1.3512054], [103.6866301, 1.35117], [103.6866224, 1.3511728], [103.6866186, 1.3511481], [103.6866333, 1.351159], [103.6866458, 1.3511439], [103.6866167, 1.3511194], [103.6866225, 1.3511121], [103.6866303, 1.3511161], [103.6866465, 1.3510965], [103.6866389, 1.3510924], [103.6866668, 1.3510632], [103.686655, 1.3510532], [103.6866632, 1.3510443], [103.6866541, 1.3510388], [103.686689, 1.3510178], [103.6866884, 1.3510283], [103.6866993, 1.3510265], [103.6867, 1.3510411], [103.6867388, 1.3510331], [103.6867406, 1.3510391], [103.6867646, 1.3510336], [103.6867648, 1.3510245], [103.6867714, 1.3510228], [103.6867775, 1.3510633], [103.6867973, 1.3510584], [103.6867944, 1.3510398], [103.6868133, 1.3510524], [103.6868061, 1.3510564], [103.6868291, 1.3510933], [103.6868346, 1.3510908], [103.686838, 1.3510945], [103.6868833, 1.3510697], [103.6868819, 1.3510634], [103.6868873, 1.3510597], [103.6868746, 1.3510374], [103.6868827, 1.3510335], [103.6868782, 1.3510252], [103.6868985, 1.3510134], [103.6868797, 1.3509789], [103.6868894, 1.3509744], [103.6868747, 1.3509478], [103.6868553, 1.3509592], [103.6868539, 1.3509471], [103.6868448, 1.3509512], [103.6868418, 1.3509343], [103.6868261, 1.3509413], [103.6868195, 1.3509088], [103.6867753, 1.3509155], [103.6867833, 1.3509542], [103.6867726, 1.3509501], [103.6867653, 1.350913], [103.6867457, 1.3509158], [103.6867493, 1.3509359], [103.686728, 1.350921], [103.6867362, 1.3509168], [103.6867164, 1.3508811], [103.686711, 1.350884], [103.686706, 1.3508782], [103.6866595, 1.3509066], [103.6866623, 1.3509139], [103.6866559, 1.3509196], [103.6866723, 1.3509484], [103.6866643, 1.350952], [103.686668, 1.3509597], [103.6866465, 1.3509731], [103.6866608, 1.3509953], [103.6866507, 1.3510013], [103.6866307, 1.3509733], [103.6866091, 1.3509863], [103.6866031, 1.3509783], [103.6865961, 1.3509833], [103.6865804, 1.3509542]]]}},
{"type": "Feature", "properties": {"osm_way": 1477388474, "osm_name": "", "height_m": 10.0, "min_height_m": 0.0}, "geometry": {"type": "Polygon", "coordinates": [[[103.686179, 1.351079], [103.6861436, 1.3511039], [103.686167, 1.3511371], [103.6862023, 1.3511123], [103.686179, 1.351079]]]}},
{"type": "Feature", "properties": {"osm_way": 1477388475, "osm_name": "", "height_m": 10.0, "min_height_m": 0.0}, "geometry": {"type": "Polygon", "coordinates": [[[103.6865696, 1.3512884], [103.6865397, 1.3513084], [103.6865601, 1.3513388], [103.68659, 1.3513188], [103.6865696, 1.3512884]]]}},
{"type": "Feature", "properties": {"osm_way": 1478531786, "osm_name": "", "height_m": 10.0, "min_height_m": 0.0}, "geometry": {"type": "Polygon", "coordinates": [[[103.6875801, 1.3525677], [103.6875318, 1.3526183], [103.6875552, 1.3526406], [103.6875508, 1.3526452], [103.6875696, 1.3526631], [103.6875745, 1.3526579], [103.6876174, 1.3526988], [103.687655, 1.3526594], [103.687647, 1.3526517], [103.6876571, 1.3526411], [103.6876023, 1.3525889], [103.6875801, 1.3525677]]]}},
{"type": "Feature", "properties": {"osm_way": 1478531787, "osm_name": "", "height_m": 10.0, "min_height_m": 0.0}, "geometry": {"type": "Polygon", "coordinates": [[[103.6876023, 1.3525889], [103.6876571, 1.3526411], [103.6876776, 1.3526607], [103.6876846, 1.3526533], [103.6876958, 1.352664], [103.6877394, 1.3526182], [103.687691, 1.352572], [103.6876945, 1.3525683], [103.6876782, 1.3525527], [103.687673, 1.3525581], [103.6876514, 1.3525375], [103.6876023, 1.3525889]]]}},
{"type": "Feature", "properties": {"osm_way": 1478531788, "osm_name": "", "height_m": 10.0, "min_height_m": 0.0}, "geometry": {"type": "Polygon", "coordinates": [[[103.6878039, 1.3525853], [103.6878557, 1.3526344], [103.6878813, 1.3526586], [103.6878899, 1.3526495], [103.6878961, 1.3526554], [103.687938, 1.3526112], [103.687892, 1.3525676], [103.6878962, 1.3525632], [103.6878817, 1.3525495], [103.687877, 1.3525545], [103.6878538, 1.3525326], [103.6878039, 1.3525853]]]}},
{"type": "Feature", "properties": {"osm_way": 1478531789, "osm_name": "", "height_m": 10.0, "min_height_m": 0.0}, "geometry": {"type": "Polygon", "coordinates": [[[103.6877864, 1.3525688], [103.6877394, 1.3526182], [103.6877582, 1.3526358], [103.6877482, 1.3526464], [103.6877693, 1.3526665], [103.6877772, 1.3526582], [103.6878165, 1.3526954], [103.6878568, 1.3526528], [103.6878471, 1.3526436], [103.6878557, 1.3526344], [103.6878039, 1.3525853], [103.6877864, 1.3525688]]]}},
{"type": "Feature", "properties": {"osm_way": 1478531790, "osm_name": "", "height_m": 10.0, "min_height_m": 0.0}, "geometry": {"type": "Polygon", "coordinates": [[[103.6879845, 1.3525614], [103.687938, 1.3526112], [103.6879586, 1.3526314], [103.6879532, 1.352637], [103.6879698, 1.3526527], [103.6879757, 1.3526466], [103.6880216, 1.3526901], [103.6880574, 1.3526524], [103.688046, 1.3526416], [103.688057, 1.35263], [103.6880065, 1.3525822], [103.6879845, 1.3525614]]]}},
{"type": "Feature", "properties": {"osm_way": 1478531791, "osm_name": "", "height_m": 10.0, "min_height_m": 0.0}, "geometry": {"type": "Polygon", "coordinates": [[[103.6880065, 1.3525822], [103.688057, 1.35263], [103.6880819, 1.3526535], [103.6880889, 1.3526461], [103.6881, 1.3526567], [103.6881439, 1.3526105], [103.6880951, 1.3525643], [103.6880986, 1.3525606], [103.6880825, 1.3525453], [103.6880773, 1.3525507], [103.6880557, 1.3525303], [103.6880065, 1.3525822]]]}},
{"type": "Feature", "properties": {"osm_way": 1478531792, "osm_name": "", "height_m": 10.0, "min_height_m": 0.0}, "geometry": {"type": "Polygon", "coordinates": [[[103.6881907, 1.3525609], [103.6881439, 1.3526105], [103.6881661, 1.3526319], [103.6881577, 1.3526408], [103.6881763, 1.3526584], [103.6881837, 1.3526506], [103.6882248, 1.3526896], [103.688265, 1.3526473], [103.6882546, 1.3526375], [103.6882625, 1.3526291], [103.6882123, 1.3525814], [103.6881907, 1.3525609]]]}},
{"type": "Feature", "properties": {"osm_way": 1478531793, "osm_name": "", "height_m": 10.0, "min_height_m": 0.0}, "geometry": {"type": "Polygon", "coordinates": [[[103.6882123, 1.3525814], [103.6882625, 1.3526291], [103.6882887, 1.3526538], [103.6882977, 1.3526443], [103.6883059, 1.3526521], [103.6883475, 1.3526082], [103.6883024, 1.3525654], [103.6883064, 1.3525613], [103.6882913, 1.3525471], [103.6882875, 1.3525511], [103.688263, 1.3525279], [103.6882123, 1.3525814]]]}},
{"type": "Feature", "properties": {"osm_way": 1478531794, "osm_name": "", "height_m": 10.0, "min_height_m": 0.0}, "geometry": {"type": "Polygon", "coordinates": [[[103.6883948, 1.3525585], [103.6883475, 1.3526082], [103.6883707, 1.3526294], [103.6883624, 1.3526382], [103.6883822, 1.3526567], [103.6883896, 1.3526488], [103.6884306, 1.3526873], [103.6884705, 1.3526448], [103.68846, 1.3526349], [103.6884675, 1.3526269], [103.688419, 1.3525813], [103.6883948, 1.3525585]]]}},
{"type": "Feature", "properties": {"osm_way": 1478531795, "osm_name": "", "height_m": 10.0, "min_height_m": 0.0}, "geometry": {"type": "Polygon", "coordinates": [[[103.688419, 1.3525813], [103.6884675, 1.3526269], [103.6884945, 1.3526522], [103.6885035, 1.3526426], [103.6885132, 1.3526517], [103.6885563, 1.3526059], [103.6885117, 1.352564], [103.688515, 1.3525605], [103.6884942, 1.3525409], [103.6884909, 1.3525443], [103.6884712, 1.3525258], [103.688419, 1.3525813]]]}},
{"type": "Feature", "properties": {"osm_way": 1478531796, "osm_name": "", "height_m": 10.0, "min_height_m": 0.0}, "geometry": {"type": "Polygon", "coordinates": [[[103.6880003, 1.3523519], [103.6879508, 1.3523029], [103.6879692, 1.3522844], [103.6879632, 1.3522784], [103.6879757, 1.3522659], [103.6879797, 1.3522698], [103.688027, 1.3522222], [103.688067, 1.3522619], [103.6880536, 1.3522755], [103.6880647, 1.3522865], [103.6880203, 1.3523309], [103.6880003, 1.3523519]]]}},
{"type": "Feature", "properties": {"osm_way": 1478531797, "osm_name": "", "height_m": 10.0, "min_height_m": 0.0}, "geometry": {"type": "Polygon", "coordinates": [[[103.6880203, 1.3523309], [103.6880647, 1.3522865], [103.688089, 1.3522621], [103.6881005, 1.3522736], [103.6881136, 1.3522605], [103.6881475, 1.3522982], [103.6881029, 1.3523467], [103.6881119, 1.3523557], [103.6880976, 1.3523701], [103.6880854, 1.3523578], [103.6880663, 1.3523769], [103.6880203, 1.3523309]]]}},
{"type": "Feature", "properties": {"osm_way": 1478531798, "osm_name": "", "height_m": 10.0, "min_height_m": 0.0}, "geometry": {"type": "Polygon", "coordinates": [[[103.6881975, 1.3523474], [103.6881475, 1.3522982], [103.6881666, 1.3522789], [103.6881608, 1.3522732], [103.6881739, 1.3522598], [103.6881796, 1.3522653], [103.6882267, 1.3522174], [103.688265, 1.352255], [103.6882513, 1.352269], [103.6882635, 1.3522809], [103.6882183, 1.3523252], [103.6881975, 1.3523474]]]}},
{"type": "Feature", "properties": {"osm_way": 1478531799, "osm_name": "", "height_m": 10.0, "min_height_m": 0.0}, "geometry": {"type": "Polygon", "coordinates": [[[103.6882183, 1.3523252], [103.6882635, 1.3522809], [103.6882875, 1.3522574], [103.6882988, 1.3522689], [103.688313, 1.3522549], [103.688349, 1.352292], [103.6883008, 1.3523397], [103.6883108, 1.3523498], [103.6882954, 1.3523649], [103.6882845, 1.3523538], [103.6882651, 1.3523728], [103.6882183, 1.3523252]]]}},
{"type": "Feature", "properties": {"osm_way": 1478531800, "osm_name": "", "height_m": 10.0, "min_height_m": 0.0}, "geometry": {"type": "Polygon", "coordinates": [[[103.6883974, 1.3523403], [103.688349, 1.352292], [103.6883675, 1.3522736], [103.6883611, 1.3522672], [103.6883741, 1.3522541], [103.6883784, 1.3522584], [103.6884256, 1.3522112], [103.6884651, 1.3522506], [103.6884514, 1.3522643], [103.6884626, 1.3522756], [103.6884184, 1.3523184], [103.6883974, 1.3523403]]]}},
{"type": "Feature", "properties": {"osm_way": 1478531801, "osm_name": "", "height_m": 10.0, "min_height_m": 0.0}, "geometry": {"type": "Polygon", "coordinates": [[[103.6884184, 1.3523184], [103.6884626, 1.3522756], [103.6884872, 1.3522518], [103.6884979, 1.3522627], [103.6885118, 1.3522493], [103.6885495, 1.3522883], [103.6885015, 1.3523347], [103.6885112, 1.3523447], [103.6884948, 1.3523605], [103.6884827, 1.3523481], [103.6884643, 1.3523658], [103.6884184, 1.3523184]]]}},
{"type": "Feature", "properties": {"osm_way": 1478531802, "osm_name": "", "height_m": 10.0, "min_height_m": 0.0}, "geometry": {"type": "Polygon", "coordinates": [[[103.6877994, 1.3523576], [103.6877499, 1.3523083], [103.6877695, 1.3522886], [103.6877638, 1.3522829], [103.687776, 1.3522706], [103.6877801, 1.3522747], [103.687828, 1.3522265], [103.687868, 1.3522663], [103.6878541, 1.3522803], [103.6878655, 1.3522916], [103.6878205, 1.3523358], [103.6877994, 1.3523576]]]}},
{"type": "Feature", "properties": {"osm_way": 1478531803, "osm_name": "", "height_m": 10.0, "min_height_m": 0.0}, "geometry": {"type": "Polygon", "coordinates": [[[103.6878205, 1.3523358], [103.6878655, 1.3522916], [103.6878895, 1.3522682], [103.6879008, 1.3522797], [103.6879147, 1.3522661], [103.6879508, 1.3523029], [103.6879024, 1.3523503], [103.6879125, 1.3523607], [103.6878974, 1.3523754], [103.6878861, 1.3523638], [103.6878667, 1.3523829], [103.6878205, 1.3523358]]]}},
{"type": "Feature", "properties": {"osm_way": 1478531804, "osm_name": "", "height_m": 10.0, "min_height_m": 0.0}, "geometry": {"type": "Polygon", "coordinates": [[[103.6874847, 1.3531063], [103.687432, 1.353161], [103.6874566, 1.3531847], [103.6874522, 1.3531893], [103.68747, 1.3532064], [103.687475, 1.3532013], [103.6875179, 1.3532425], [103.6875619, 1.3531967], [103.6875507, 1.353186], [103.6875588, 1.3531776], [103.6875359, 1.3531556], [103.6874847, 1.3531063]]]}},
{"type": "Feature", "properties": {"osm_way": 1478531805, "osm_name": "", "height_m": 10.0, "min_height_m": 0.0}, "geometry": {"type": "Polygon", "coordinates": [[[103.687462, 1.3530843], [103.6874847, 1.3531063], [103.6875359, 1.3531556], [103.6875447, 1.3531466], [103.6875552, 1.3531567], [103.6875988, 1.3531117], [103.6875529, 1.3530674], [103.6875582, 1.3530619], [103.687542, 1.3530463], [103.6875362, 1.3530523], [103.6875139, 1.3530306], [103.687462, 1.3530843]]]}},
{"type": "Feature", "properties": {"osm_way": 1478531806, "osm_name": "", "height_m": 10.0, "min_height_m": 0.0}, "geometry": {"type": "Polygon", "coordinates": [[[103.6874773, 1.3528972], [103.6874287, 1.3529476], [103.687456, 1.352974], [103.68745, 1.3529803], [103.6874618, 1.3529916], [103.6874674, 1.3529857], [103.6875139, 1.3530306], [103.6875531, 1.3529897], [103.6875427, 1.3529797], [103.6875524, 1.3529696], [103.6875293, 1.3529473], [103.6874773, 1.3528972]]]}},
{"type": "Feature", "properties": {"osm_way": 1478531807, "osm_name": "", "height_m": 10.0, "min_height_m": 0.0}, "geometry": {"type": "Polygon", "coordinates": [[[103.6874542, 1.3528749], [103.6874773, 1.3528972], [103.6875293, 1.3529473], [103.6875415, 1.3529346], [103.687554, 1.3529467], [103.6875929, 1.3529064], [103.687546, 1.3528611], [103.6875516, 1.3528553], [103.6875361, 1.3528403], [103.6875303, 1.3528462], [103.6875053, 1.3528221], [103.6874542, 1.3528749]]]}},
{"type": "Feature", "properties": {"osm_way": 1478531809, "osm_name": "", "height_m": 10.0, "min_height_m": 0.0}, "geometry": {"type": "Polygon", "coordinates": [[[103.6872346, 1.3530991], [103.687287, 1.3531497], [103.6872633, 1.3531742], [103.6872679, 1.3531786], [103.6872514, 1.3531957], [103.6872473, 1.3531918], [103.6872065, 1.3532339], [103.6871637, 1.3531926], [103.6871739, 1.353182], [103.6871644, 1.3531729], [103.687186, 1.3531492], [103.6872346, 1.3530991]]]}},
{"type": "Feature", "properties": {"osm_way": 1478531810, "osm_name": "", "height_m": 10.0, "min_height_m": 0.0}, "geometry": {"type": "Polygon", "coordinates": [[[103.6872565, 1.3530766], [103.6872346, 1.3530991], [103.687186, 1.3531492], [103.6871766, 1.3531401], [103.6871665, 1.3531506], [103.6871263, 1.3531116], [103.6871688, 1.3530679], [103.6871588, 1.3530583], [103.6871767, 1.3530399], [103.6871868, 1.3530497], [103.6872071, 1.3530281], [103.6872565, 1.3530766]]]}},
{"type": "Feature", "properties": {"osm_way": 1478531811, "osm_name": "", "height_m": 10.0, "min_height_m": 0.0}, "geometry": {"type": "Polygon", "coordinates": [[[103.6872334, 1.3528924], [103.6872882, 1.3529445], [103.6872631, 1.3529709], [103.6872663, 1.352974], [103.6872514, 1.3529897], [103.6872473, 1.3529858], [103.6872071, 1.3530281], [103.6871656, 1.3529887], [103.6871757, 1.3529781], [103.6871636, 1.3529665], [103.6871861, 1.3529414], [103.6872334, 1.3528924]]]}},
{"type": "Feature", "properties": {"osm_way": 1478531812, "osm_name": "", "height_m": 10.0, "min_height_m": 0.0}, "geometry": {"type": "Polygon", "coordinates": [[[103.687254, 1.352871], [103.6872334, 1.3528924], [103.6871861, 1.3529414], [103.6871732, 1.352929], [103.6871631, 1.3529394], [103.6871237, 1.3529014], [103.6871669, 1.3528567], [103.6871604, 1.3528505], [103.6871756, 1.3528346], [103.6871816, 1.3528404], [103.6872012, 1.3528229], [103.687254, 1.352871]]]}},
{"type": "Feature", "properties": {"osm_way": 1478531813, "osm_name": "", "height_m": 10.0, "min_height_m": 0.0}, "geometry": {"type": "Polygon", "coordinates": [[[103.6872012, 1.3528229], [103.6872422, 1.3527807], [103.687246, 1.3527843], [103.687262, 1.3527678], [103.6872571, 1.3527631], [103.6872819, 1.3527376], [103.687227, 1.3526844], [103.687178, 1.3527356], [103.687158, 1.3527566], [103.6871671, 1.3527654], [103.6871549, 1.352778], [103.6872012, 1.3528229]]]}},
{"type": "Feature", "properties": {"osm_way": 1478531814, "osm_name": "", "height_m": 10.0, "min_height_m": 0.0}, "geometry": {"type": "Polygon", "coordinates": [[[103.687178, 1.3527356], [103.687227, 1.3526844], [103.6872499, 1.3526605], [103.6871992, 1.3526119], [103.6871795, 1.3526323], [103.6871755, 1.3526285], [103.6871581, 1.3526465], [103.6871635, 1.3526516], [103.6871206, 1.3526963], [103.6871575, 1.3527317], [103.6871653, 1.3527235], [103.687178, 1.3527356]]]}},
{"type": "Feature", "properties": {"osm_way": 1478531815, "osm_name": "", "height_m": 10.0, "min_height_m": 0.0}, "geometry": {"type": "Polygon", "coordinates": [[[103.6871048, 1.3525832], [103.6871207, 1.3525986], [103.6870803, 1.3526403], [103.687069, 1.352652], [103.6871074, 1.3526891], [103.687191, 1.3526027], [103.6871505, 1.3525634], [103.6871773, 1.3525357], [103.6871636, 1.3525225], [103.6871115, 1.3525762], [103.6871048, 1.3525832]]]}},
{"type": "Feature", "properties": {"osm_way": 1478531816, "osm_name": "", "height_m": 10.0, "min_height_m": 0.0}, "geometry": {"type": "Polygon", "coordinates": [[[103.6870803, 1.3526403], [103.6871207, 1.3525986], [103.6871048, 1.3525832], [103.6871115, 1.3525762], [103.6870617, 1.352528], [103.6870424, 1.3525478], [103.6870362, 1.3525418], [103.6870191, 1.3525596], [103.6870262, 1.3525665], [103.6869842, 1.3526099], [103.687026, 1.3526504], [103.687037, 1.352639], [103.6870473, 1.3526489], [103.6870676, 1.352628], [103.6870803, 1.3526403]]]}},
{"type": "Feature", "properties": {"osm_way": 1478531817, "osm_name": "", "height_m": 10.0, "min_height_m": 0.0}, "geometry": {"type": "Polygon", "coordinates": [[[103.6871477, 1.3523457], [103.6871997, 1.352294], [103.6871748, 1.3522689], [103.6871839, 1.3522599], [103.6871639, 1.3522397], [103.6871531, 1.3522505], [103.6871237, 1.3522209], [103.6870857, 1.3522586], [103.6870997, 1.3522725], [103.6870871, 1.352285], [103.6871292, 1.3523271], [103.6871477, 1.3523457]]]}},
{"type": "Feature", "properties": {"osm_way": 1478531818, "osm_name": "", "height_m": 10.0, "min_height_m": 0.0}, "geometry": {"type": "Polygon", "coordinates": [[[103.6871292, 1.3523271], [103.6870871, 1.352285], [103.6870598, 1.3522578], [103.6870486, 1.3522691], [103.6870375, 1.3522579], [103.6869953, 1.3522996], [103.6870395, 1.3523431], [103.6870356, 1.3523469], [103.6870525, 1.3523638], [103.687056, 1.3523603], [103.687076, 1.3523803], [103.6871292, 1.3523271]]]}},
{"type": "Feature", "properties": {"osm_way": 1478531819, "osm_name": "", "height_m": 10.0, "min_height_m": 0.0}, "geometry": {"type": "Polygon", "coordinates": [[[103.6869581, 1.3523372], [103.6869953, 1.3522996], [103.6869714, 1.3522759], [103.6869806, 1.3522665], [103.6869575, 1.3522437], [103.6869512, 1.35225], [103.68692, 1.3522191], [103.6868766, 1.3522631], [103.6868895, 1.3522758], [103.6868767, 1.3522887], [103.6869185, 1.3523297], [103.6869344, 1.3523138], [103.6869581, 1.3523372]]]}},
{"type": "Feature", "properties": {"osm_way": 1478531820, "osm_name": "", "height_m": 10.0, "min_height_m": 0.0}, "geometry": {"type": "Polygon", "coordinates": [[[103.6869185, 1.3523297], [103.6868767, 1.3522887], [103.6868484, 1.3522609], [103.6868365, 1.3522729], [103.6868251, 1.3522617], [103.6867875, 1.3522999], [103.6868304, 1.352342], [103.6868256, 1.3523469], [103.6868441, 1.352365], [103.6868484, 1.3523606], [103.6868687, 1.3523805], [103.6869185, 1.3523297]]]}},
{"type": "Feature", "properties": {"osm_way": 1478531822, "osm_name": "", "height_m": 10.0, "min_height_m": 0.0}, "geometry": {"type": "Polygon", "coordinates": [[[103.6872509, 1.3520326], [103.6872302, 1.3520135], [103.6871822, 1.3519691], [103.6871742, 1.3519777], [103.6871614, 1.3519659], [103.6871236, 1.3520068], [103.6871684, 1.3520482], [103.6871608, 1.3520564], [103.6871764, 1.3520709], [103.6871831, 1.3520636], [103.6872042, 1.3520831], [103.6872509, 1.3520326]]]}},
{"type": "Feature", "properties": {"osm_way": 1478531823, "osm_name": "", "height_m": 10.0, "min_height_m": 0.0}, "geometry": {"type": "Polygon", "coordinates": [[[103.6872302, 1.3520135], [103.6872875, 1.3519524], [103.6872662, 1.3519325], [103.6872721, 1.3519262], [103.6872545, 1.3519097], [103.6872472, 1.3519175], [103.6872019, 1.351875], [103.6871625, 1.351917], [103.6871752, 1.351929], [103.6871585, 1.3519468], [103.6871822, 1.3519691], [103.6872302, 1.3520135]]]}},
{"type": "Feature", "properties": {"osm_way": 1478531824, "osm_name": "", "height_m": 10.0, "min_height_m": 0.0}, "geometry": {"type": "Polygon", "coordinates": [[[103.6872502, 1.3518218], [103.6872282, 1.3518012], [103.6871682, 1.3517451], [103.6871193, 1.3517974], [103.6871639, 1.351839], [103.6871573, 1.351846], [103.6871783, 1.3518657], [103.6871854, 1.3518581], [103.6872019, 1.351875], [103.6872502, 1.3518218]]]}},
{"type": "Feature", "properties": {"osm_way": 1478531825, "osm_name": "", "height_m": 10.0, "min_height_m": 0.0}, "geometry": {"type": "Polygon", "coordinates": [[[103.6872282, 1.3518012], [103.6872824, 1.3517436], [103.6872599, 1.3517225], [103.6872651, 1.351717], [103.6872483, 1.3517012], [103.6872413, 1.3517086], [103.6871974, 1.3516673], [103.6871575, 1.3517097], [103.6871688, 1.3517203], [103.6871562, 1.3517336], [103.6871682, 1.3517451], [103.6872282, 1.3518012]]]}},
{"type": "Feature", "properties": {"osm_way": 1478531826, "osm_name": "", "height_m": 10.0, "min_height_m": 0.0}, "geometry": {"type": "Polygon", "coordinates": [[[103.6871466, 1.3515258], [103.6871722, 1.3515501], [103.6872253, 1.3516005], [103.687234, 1.3515912], [103.6872776, 1.3515453], [103.6872585, 1.3515272], [103.6872638, 1.3515216], [103.6872436, 1.3515024], [103.6872369, 1.3515095], [103.687187, 1.3514621], [103.687145, 1.3515063], [103.6871556, 1.3515163], [103.6871466, 1.3515258]]]}},
{"type": "Feature", "properties": {"osm_way": 1478531827, "osm_name": "", "height_m": 10.0, "min_height_m": 0.0}, "geometry": {"type": "Polygon", "coordinates": [[[103.6872253, 1.3516005], [103.6871722, 1.3515501], [103.687163, 1.35156], [103.6871496, 1.3515474], [103.6871103, 1.3515891], [103.6871531, 1.3516293], [103.6871463, 1.3516365], [103.6871683, 1.3516572], [103.6871767, 1.3516483], [103.6871974, 1.3516673], [103.6872405, 1.3516219], [103.6872709, 1.3516504], [103.6872832, 1.3516374], [103.687234, 1.3515912], [103.6872253, 1.3516005]]]}},
{"type": "Feature", "properties": {"osm_way": 1478531828, "osm_name": "", "height_m": 10.0, "min_height_m": 0.0}, "geometry": {"type": "Polygon", "coordinates": [[[103.6874864, 1.351806], [103.6874362, 1.3517592], [103.6874551, 1.3517389], [103.6874452, 1.3517297], [103.687462, 1.3517118], [103.6874714, 1.3517206], [103.6875153, 1.3516735], [103.687553, 1.3517087], [103.6875407, 1.3517219], [103.6875536, 1.3517338], [103.6875308, 1.3517586], [103.6874864, 1.351806]]]}},
{"type": "Feature", "properties": {"osm_way": 1478531829, "osm_name": "", "height_m": 10.0, "min_height_m": 0.0}, "geometry": {"type": "Polygon", "coordinates": [[[103.6874633, 1.3518307], [103.6874864, 1.351806], [103.6875308, 1.3517586], [103.6875452, 1.351772], [103.6875546, 1.351762], [103.6875897, 1.3517948], [103.6875483, 1.351839], [103.6875546, 1.3518449], [103.6875374, 1.3518633], [103.6875313, 1.3518575], [103.6875128, 1.3518738], [103.6874633, 1.3518307]]]}},
{"type": "Feature", "properties": {"osm_way": 1478531830, "osm_name": "", "height_m": 10.0, "min_height_m": 0.0}, "geometry": {"type": "Polygon", "coordinates": [[[103.6874825, 1.3520061], [103.6874334, 1.3519594], [103.6874521, 1.3519398], [103.6874434, 1.3519315], [103.6874608, 1.3519133], [103.6874684, 1.3519205], [103.6875128, 1.3518738], [103.68755, 1.3519091], [103.6875379, 1.3519218], [103.687551, 1.3519342], [103.6875308, 1.3519556], [103.6874825, 1.3520061]]]}},
{"type": "Feature", "properties": {"osm_way": 1478531831, "osm_name": "", "height_m": 10.0, "min_height_m": 0.0}, "geometry": {"type": "Polygon", "coordinates": [[[103.6874601, 1.3520295], [103.6874825, 1.3520061], [103.6875308, 1.3519556], [103.6875444, 1.3519687], [103.6875532, 1.3519595], [103.6875896, 1.3519944], [103.6875466, 1.3520392], [103.6875526, 1.3520449], [103.6875353, 1.3520629], [103.6875298, 1.3520576], [103.6875104, 1.3520761], [103.6874601, 1.3520295]]]}},
{"type": "Feature", "properties": {"osm_way": 1478531832, "osm_name": "", "height_m": 10.0, "min_height_m": 0.0}, "geometry": {"type": "Polygon", "coordinates": [[[103.6875104, 1.3520761], [103.6874661, 1.352123], [103.6874573, 1.3521146], [103.6874405, 1.3521323], [103.6874497, 1.3521409], [103.6874304, 1.3521612], [103.6874794, 1.3522076], [103.687526, 1.3521585], [103.6875474, 1.3521359], [103.6875357, 1.3521249], [103.6875481, 1.3521118], [103.6875104, 1.3520761]]]}},
{"type": "Feature", "properties": {"osm_way": 1478531833, "osm_name": "", "height_m": 10.0, "min_height_m": 0.0}, "geometry": {"type": "Polygon", "coordinates": [[[103.687526, 1.3521585], [103.6874794, 1.3522076], [103.6874558, 1.3522323], [103.6875064, 1.3522805], [103.6875256, 1.3522603], [103.6875313, 1.3522658], [103.6875493, 1.3522469], [103.687544, 1.3522418], [103.687587, 1.3521966], [103.6875503, 1.3521617], [103.6875403, 1.3521721], [103.687526, 1.3521585]]]}},
{"type": "Feature", "properties": {"osm_way": 1478531834, "osm_name": "", "height_m": 10.0, "min_height_m": 0.0}, "geometry": {"type": "Polygon", "coordinates": [[[103.6875585, 1.351533], [103.6875451, 1.3515209], [103.6875567, 1.3515081], [103.6875177, 1.3514727], [103.6874742, 1.3515206], [103.6874654, 1.3515126], [103.6874502, 1.3515293], [103.6874572, 1.3515356], [103.6874357, 1.3515593], [103.6874726, 1.3515927], [103.6874201, 1.3516507], [103.6874375, 1.3516665], [103.6874676, 1.3516333], [103.6875344, 1.3515595], [103.6875585, 1.351533]]]}},
{"type": "Feature", "properties": {"osm_way": 1478531835, "osm_name": "", "height_m": 10.0, "min_height_m": 0.0}, "geometry": {"type": "Polygon", "coordinates": [[[103.6875344, 1.3515595], [103.6874676, 1.3516333], [103.6875153, 1.3516735], [103.6875335, 1.3516584], [103.6875386, 1.3516631], [103.6875562, 1.3516442], [103.6875499, 1.3516383], [103.6875923, 1.3515927], [103.6875589, 1.3515617], [103.6875487, 1.3515727], [103.6875344, 1.3515595]]]}},
{"type": "Feature", "properties": {"osm_way": 1478531836, "osm_name": "", "height_m": 10.0, "min_height_m": 0.0}, "geometry": {"type": "Polygon", "coordinates": [[[103.6869967, 1.3507999], [103.6870116, 1.3507805], [103.6870154, 1.3507892], [103.6870247, 1.3507841], [103.6870347, 1.3508016], [103.6870562, 1.350789], [103.6870733, 1.3508194], [103.6871207, 1.3507921], [103.6870993, 1.3507558], [103.6871099, 1.3507535], [103.6871294, 1.3507904], [103.6871511, 1.3507782], [103.6871431, 1.3507625], [103.6871626, 1.3507704], [103.6871594, 1.3507735], [103.6872076, 1.3508109], [103.6872532, 1.3507507], [103.6872499, 1.3507473], [103.6872551, 1.3507416], [103.6872296, 1.3507218], [103.6872372, 1.3507106], [103.6872296, 1.3507034], [103.6872545, 1.35067], [103.6872262, 1.3506474], [103.687222, 1.3506533], [103.6872137, 1.3506467], [103.6872211, 1.3506368], [103.6871898, 1.350614], [103.6871765, 1.3506336], [103.6871687, 1.3506201], [103.6871594, 1.3506264], [103.687148, 1.3506091], [103.6871116, 1.3506336], [103.6871078, 1.3506275], [103.6870733, 1.3506503], [103.6870581, 1.3506173], [103.6870336, 1.3506313], [103.6870442, 1.3506503], [103.6870228, 1.3506427], [103.6870277, 1.3506383], [103.6869826, 1.3506007], [103.6869799, 1.3506042], [103.6869759, 1.3506011], [103.6869309, 1.3506554], [103.6869378, 1.3506615], [103.6869323, 1.3506683], [103.6869566, 1.3506877], [103.686948, 1.3506981], [103.6869569, 1.3507053], [103.6869341, 1.3507339], [103.6869711, 1.3507632], [103.6869632, 1.3507721], [103.6869967, 1.3507999]]]}},
{"type": "Feature", "properties": {"osm_way": 1497822998, "osm_name": "", "height_m": 10.0, "min_height_m": 0.0}, "geometry": {"type": "Polygon", "coordinates": [[[103.6839456, 1.3548846], [103.6839612, 1.3548604], [103.6840377, 1.3549097], [103.684022, 1.3549339], [103.6839456, 1.3548846]]]}},
{"type": "Feature", "properties": {"osm_way": 1497836019, "osm_name": "", "height_m": 10.0, "min_height_m": 0.0}, "geometry": {"type": "Polygon", "coordinates": [[[103.6785389, 1.3461998], [103.6785338, 1.3460922], [103.6785641, 1.3460907], [103.6785693, 1.3461984], [103.6785389, 1.3461998]]]}},
{"type": "Feature", "properties": {"osm_way": 1497836020, "osm_name": "", "height_m": 10.0, "min_height_m": 0.0}, "geometry": {"type": "Polygon", "coordinates": [[[103.6783323, 1.345904], [103.6783651, 1.3459039], [103.6783648, 1.3457996], [103.6783321, 1.3457997], [103.6783323, 1.345904]]]}},
{"type": "Feature", "properties": {"osm_way": 1500148758, "osm_name": "Blk 21B", "height_m": 10.0, "min_height_m": 0.0}, "geometry": {"type": "Polygon", "coordinates": [[[103.6888028, 1.3533723], [103.6888839, 1.3533022], [103.6888386, 1.3532499], [103.6886624, 1.3534021], [103.6887076, 1.3534545], [103.6887868, 1.353386], [103.6888028, 1.3533723]]]}},
{"type": "Feature", "properties": {"osm_way": 1500148759, "osm_name": "Block 100 (Nanyang Meadows)", "height_m": 10.0, "min_height_m": 0.0}, "geometry": {"type": "Polygon", "coordinates": [[[103.689352, 1.3511149], [103.6892882, 1.3511153], [103.6892901, 1.3510546], [103.6891863, 1.3510527], [103.6891862, 1.3510366], [103.6892615, 1.3510376], [103.6892938, 1.3510064], [103.6892813, 1.3509932], [103.6891986, 1.350993], [103.6891996, 1.350913], [103.6892532, 1.3508631], [103.6892823, 1.3508885], [103.6892973, 1.3508729], [103.6892719, 1.3508456], [103.6892993, 1.3508183], [103.6893023, 1.3507661], [103.6893837, 1.3507652], [103.6893821, 1.3507791], [103.6894256, 1.350819], [103.6893943, 1.3508458], [103.6894137, 1.3508655], [103.6893764, 1.3509024], [103.6893876, 1.3509146], [103.6894608, 1.3508446], [103.6894759, 1.3508625], [103.6895571, 1.3508611], [103.6895566, 1.3509425], [103.6895049, 1.3509909], [103.6894774, 1.3509647], [103.6894612, 1.3509832], [103.6894791, 1.3510013], [103.6894626, 1.3510176], [103.6894836, 1.3510382], [103.6895416, 1.3509809], [103.6895579, 1.3509964], [103.6896395, 1.3509955], [103.6896384, 1.351076], [103.6895843, 1.3511257], [103.689558, 1.3510988], [103.6895409, 1.3511166], [103.689567, 1.3511443], [103.6895383, 1.3511708], [103.6895387, 1.3512301], [103.6894514, 1.3512298], [103.6894503, 1.3512078], [103.6894138, 1.3511713], [103.6894455, 1.3511415], [103.6894, 1.3510967], [103.6893671, 1.351129], [103.689352, 1.3511149]]]}},
{"type": "Feature", "properties": {"osm_way": 1500148760, "osm_name": "Block 102 (Nanyang Meadows)", "height_m": 10.0, "min_height_m": 0.0}, "geometry": {"type": "Polygon", "coordinates": [[[103.6888894, 1.3508624], [103.6888162, 1.3508613], [103.6888161, 1.3509461], [103.6888632, 1.350993], [103.6888926, 1.3509655], [103.6889089, 1.3509816], [103.6888866, 1.3510027], [103.6889035, 1.3510192], [103.688882, 1.3510399], [103.6888197, 1.3509756], [103.6888034, 1.3509955], [103.6887279, 1.3509945], [103.6887243, 1.3510777], [103.6887753, 1.351125], [103.6888016, 1.3511003], [103.6888205, 1.3511199], [103.6887918, 1.351143], [103.6888204, 1.3511715], [103.6888182, 1.3512295], [103.6889019, 1.3512274], [103.6889017, 1.3512098], [103.6889406, 1.3511735], [103.6889133, 1.3511423], [103.6889559, 1.3510976], [103.6889919, 1.3511294], [103.6890046, 1.3511144], [103.6890711, 1.3511146], [103.6890752, 1.3510532], [103.6891863, 1.3510527], [103.6891862, 1.3510366], [103.6891025, 1.3510359], [103.6890762, 1.3510071], [103.6890913, 1.3509935], [103.6891685, 1.3509935], [103.6891672, 1.3509135], [103.6891204, 1.350866], [103.689093, 1.35089], [103.6890762, 1.350874], [103.6891045, 1.3508461], [103.6890765, 1.3508222], [103.6890783, 1.3507656], [103.6889963, 1.350765], [103.6889945, 1.3507789], [103.6889467, 1.350819], [103.6889777, 1.3508457], [103.6889558, 1.3508679], [103.6889935, 1.350904], [103.6889803, 1.350917], [103.6889108, 1.350844], [103.6888894, 1.3508624]]]}},
{"type": "Feature", "properties": {"osm_way": 1500170587, "osm_name": "", "height_m": 10.0, "min_height_m": 0.0}, "geometry": {"type": "Polygon", "coordinates": [[[103.6815093, 1.3449895], [103.6815068, 1.3449059], [103.6816307, 1.3449031], [103.6816309, 1.344989], [103.6815093, 1.3449895]]]}},
{"type": "Feature", "properties": {"osm_way": 1501653371, "osm_name": "", "height_m": 10.0, "min_height_m": 0.0}, "geometry": {"type": "Polygon", "coordinates": [[[103.6855163, 1.344383], [103.6855138, 1.344351], [103.6854958, 1.3443524], [103.6854948, 1.3443452], [103.6855059, 1.3443437], [103.6855035, 1.3443082], [103.6855148, 1.344308], [103.6855133, 1.3442937], [103.6854643, 1.3442981], [103.6854648, 1.3442932], [103.6854751, 1.3442881], [103.6854845, 1.344281], [103.68549, 1.3442742], [103.6854942, 1.3442648], [103.6854945, 1.3442494], [103.6854899, 1.3442382], [103.6854839, 1.3442287], [103.6854745, 1.3442239], [103.6854674, 1.34422], [103.6854557, 1.3442194], [103.6854553, 1.3442123], [103.6854989, 1.3442086], [103.6854951, 1.3441587], [103.6854921, 1.3441189], [103.6854066, 1.3441292], [103.6853889, 1.3441365], [103.6853659, 1.3441509], [103.6853467, 1.3441664], [103.6853323, 1.3441812], [103.6853205, 1.3442076], [103.6853113, 1.3442298], [103.6853083, 1.3442586], [103.6853113, 1.3442823], [103.6853182, 1.3443078], [103.6853309, 1.3443331], [103.6853426, 1.3443489], [103.6853662, 1.3443678], [103.6853798, 1.3443753], [103.6853971, 1.3443824], [103.6854101, 1.3443875], [103.6854272, 1.3443898], [103.6854381, 1.3443899], [103.6855163, 1.344383]]]}},
{"type": "Feature", "properties": {"osm_way": 1501653372, "osm_name": "", "height_m": 10.0, "min_height_m": 0.0}, "geometry": {"type": "Polygon", "coordinates": [[[103.6854989, 1.3442086], [103.6855512, 1.3442051], [103.6855628, 1.3442208], [103.6855742, 1.3442304], [103.6855951, 1.3442308], [103.6856103, 1.3442236], [103.685618, 1.3442139], [103.685621, 1.3441989], [103.6856587, 1.344193], [103.6856607, 1.3442121], [103.6856731, 1.3442221], [103.6856973, 1.3442192], [103.6856884, 1.3441424], [103.6856452, 1.3441463], [103.6856438, 1.34414], [103.6854951, 1.3441587], [103.6854989, 1.3442086]]]}},
{"type": "Feature", "properties": {"osm_way": 1501687662, "osm_name": "", "height_m": 10.0, "min_height_m": 0.0}, "geometry": {"type": "Polygon", "coordinates": [[[103.676107, 1.3489781], [103.6761489, 1.3485741], [103.6762114, 1.3485791], [103.6762131, 1.3485694], [103.6761499, 1.3485644], [103.6761635, 1.3484325], [103.676174, 1.3484349], [103.6762969, 1.3481676], [103.6764394, 1.348233], [103.6763113, 1.3485179], [103.6762991, 1.3486424], [103.6762644, 1.348638], [103.6762459, 1.3488293], [103.6762406, 1.3488288], [103.67624, 1.3488439], [103.6762318, 1.3488428], [103.6762287, 1.3488744], [103.676219, 1.3488735], [103.6762061, 1.3489891], [103.676107, 1.3489781]]]}},
{"type": "Feature", "properties": {"osm_way": 1523908687, "osm_name": "", "height_m": 10.0, "min_height_m": 0.0}, "geometry": {"type": "Polygon", "coordinates": [[[103.6787321, 1.3446149], [103.6787078, 1.3446043], [103.678746, 1.3445172], [103.6787703, 1.3445278], [103.6787321, 1.3446149]]]}},
{"type": "Feature", "properties": {"osm_way": 1523908688, "osm_name": "", "height_m": 10.0, "min_height_m": 0.0}, "geometry": {"type": "Polygon", "coordinates": [[[103.6790777, 1.3420349], [103.679036, 1.3420349], [103.6790359, 1.3419269], [103.6790777, 1.3419269], [103.6790777, 1.3420349]]]}},
{"type": "Feature", "properties": {"osm_way": 1523908689, "osm_name": "", "height_m": 10.0, "min_height_m": 0.0}, "geometry": {"type": "Polygon", "coordinates": [[[103.679273, 1.3421813], [103.6792323, 1.3421792], [103.6792394, 1.3420381], [103.6792801, 1.3420402], [103.679273, 1.3421813]]]}},
{"type": "Feature", "properties": {"osm_way": 1523908690, "osm_name": "", "height_m": 10.0, "min_height_m": 0.0}, "geometry": {"type": "Polygon", "coordinates": [[[103.6815938, 1.3398682], [103.6814859, 1.339851], [103.6814917, 1.3398143], [103.6815997, 1.3398315], [103.6815938, 1.3398682]]]}},
{"type": "Feature", "properties": {"osm_way": 1523908691, "osm_name": "", "height_m": 10.0, "min_height_m": 0.0}, "geometry": {"type": "Polygon", "coordinates": [[[103.681816, 1.3401224], [103.6817052, 1.3401018], [103.6817123, 1.3400635], [103.6818231, 1.3400841], [103.681816, 1.3401224]]]}},
{"type": "Feature", "properties": {"osm_way": 1523908692, "osm_name": "", "height_m": 10.0, "min_height_m": 0.0}, "geometry": {"type": "Polygon", "coordinates": [[[103.6869513, 1.3436706], [103.6868785, 1.3436157], [103.686895, 1.343594], [103.6869677, 1.3436489], [103.6869513, 1.3436706]]]}},
{"type": "Feature", "properties": {"osm_way": 1523908693, "osm_name": "", "height_m": 10.0, "min_height_m": 0.0}, "geometry": {"type": "Polygon", "coordinates": [[[103.6875313, 1.344192], [103.6874776, 1.3441525], [103.6874933, 1.3441312], [103.687547, 1.3441707], [103.6875313, 1.344192]]]}},
{"type": "Feature", "properties": {"osm_way": 1523908694, "osm_name": "", "height_m": 3.5, "min_height_m": 0.0}, "geometry": {"type": "Polygon", "coordinates": [[[103.6878635, 1.3455987], [103.6877997, 1.3456783], [103.6877689, 1.3456537], [103.6878327, 1.3455741], [103.6878635, 1.3455987]]]}},
{"type": "Feature", "properties": {"osm_way": 1523908695, "osm_name": "", "height_m": 3.5, "min_height_m": 0.0}, "geometry": {"type": "Polygon", "coordinates": [[[103.6878428, 1.3458062], [103.687779, 1.3458858], [103.6877482, 1.3458612], [103.687812, 1.3457815], [103.6878428, 1.3458062]]]}},
{"type": "Feature", "properties": {"osm_way": 1540191975, "osm_name": "", "height_m": 10.0, "min_height_m": 28.0}, "geometry": {"type": "Polygon", "coordinates": [[[103.6924445, 1.3411809], [103.6924586, 1.3411922], [103.6924395, 1.341216], [103.6924254, 1.3412047], [103.6924445, 1.3411809]]]}},
{"type": "Feature", "properties": {"osm_way": 1543051835, "osm_name": "", "height_m": 10.0, "min_height_m": 28.0}, "geometry": {"type": "Polygon", "coordinates": [[[103.6927017, 1.3409311], [103.6927459, 1.340933], [103.6927444, 1.3409714], [103.6927001, 1.3409695], [103.6927017, 1.3409311]]]}},
{"type": "Feature", "properties": {"osm_way": 1545022452, "osm_name": "", "height_m": 3.5, "min_height_m": 0.0}, "geometry": {"type": "Polygon", "coordinates": [[[103.6928017, 1.342031], [103.6928564, 1.3419609], [103.6926872, 1.3418292], [103.6926326, 1.3418993], [103.6928017, 1.342031]]]}},
{"type": "Feature", "properties": {"osm_way": 1549107670, "osm_name": "", "height_m": 10.0, "min_height_m": 0.0}, "geometry": {"type": "Polygon", "coordinates": [[[103.6898677, 1.3431646], [103.6898563, 1.3431546], [103.6898572, 1.343139], [103.6898631, 1.343131], [103.6898757, 1.3431232], [103.6898887, 1.3431215], [103.6899019, 1.3431271], [103.68991, 1.3431366], [103.689907, 1.3431515], [103.689897, 1.3431628], [103.6898826, 1.3431677], [103.6898677, 1.3431646]]]}},
{"type": "Feature", "properties": {"osm_way": 1549107671, "osm_name": "", "height_m": 10.0, "min_height_m": 0.0}, "geometry": {"type": "Polygon", "coordinates": [[[103.6898626, 1.3433402], [103.6898529, 1.3433519], [103.6898374, 1.3433516], [103.6898291, 1.343346], [103.6898209, 1.3433336], [103.6898187, 1.3433207], [103.6898239, 1.3433072], [103.6898331, 1.3432988], [103.6898481, 1.3433014], [103.6898598, 1.343311], [103.6898651, 1.3433252], [103.6898626, 1.3433402]]]}},
{"type": "Feature", "properties": {"osm_way": 1549107674, "osm_name": "", "height_m": 10.0, "min_height_m": 0.0}, "geometry": {"type": "Polygon", "coordinates": [[[103.6879342, 1.3422491], [103.688021, 1.3422402], [103.6880151, 1.3421822], [103.6879283, 1.3421911], [103.6879342, 1.3422491]]]}},
{"type": "Feature", "properties": {"osm_way": 1549107675, "osm_name": "", "height_m": 10.0, "min_height_m": 0.0}, "geometry": {"type": "Polygon", "coordinates": [[[103.687794, 1.3422624], [103.6878434, 1.342256], [103.6878362, 1.3422002], [103.6877868, 1.3422066], [103.687794, 1.3422624]]]}},
{"type": "Feature", "properties": {"osm_way": 1549546926, "osm_name": "", "height_m": 10.0, "min_height_m": 0.0}, "geometry": {"type": "Polygon", "coordinates": [[[103.6809193, 1.3512844], [103.6809432, 1.3513121], [103.6809673, 1.3513401], [103.681023, 1.351292], [103.6809923, 1.3512564], [103.6809749, 1.3512364], [103.6809193, 1.3512844]]]}},
{"type": "Feature", "properties": {"osm_way": 1550096936, "osm_name": "", "height_m": 10.0, "min_height_m": 0.0}, "geometry": {"type": "Polygon", "coordinates": [[[103.6902903, 1.3452164], [103.6902799, 1.3452275], [103.6902645, 1.3452262], [103.6902565, 1.3452201], [103.6902491, 1.3452072], [103.6902477, 1.3451942], [103.6902537, 1.3451811], [103.6902634, 1.3451733], [103.6902782, 1.3451768], [103.6902893, 1.3451871], [103.6902937, 1.3452015], [103.6902903, 1.3452164]]]}},
{"type": "Feature", "properties": {"osm_way": 1550096937, "osm_name": "", "height_m": 10.0, "min_height_m": 0.0}, "geometry": {"type": "Polygon", "coordinates": [[[103.6901777, 1.3451709], [103.6901672, 1.34516], [103.6901691, 1.3451446], [103.6901756, 1.345137], [103.6901889, 1.3451302], [103.6902019, 1.3451295], [103.6902148, 1.3451361], [103.6902221, 1.3451462], [103.6902179, 1.3451608], [103.6902071, 1.3451714], [103.6901924, 1.3451751], [103.6901777, 1.3451709]]]}},
{"type": "Feature", "properties": {"osm_way": 1550096938, "osm_name": "", "height_m": 10.0, "min_height_m": 0.0}, "geometry": {"type": "Polygon", "coordinates": [[[103.6881451, 1.3438656], [103.6881162, 1.3438433], [103.688144, 1.3438073], [103.6881729, 1.3438297], [103.6881451, 1.3438656]]]}},
{"type": "Feature", "properties": {"osm_way": 1550488123, "osm_name": "", "height_m": 10.0, "min_height_m": 0.0}, "geometry": {"type": "Polygon", "coordinates": [[[103.6869757, 1.3395903], [103.6871299, 1.3395708], [103.6871197, 1.3394896], [103.6870586, 1.3394973], [103.6870617, 1.3395221], [103.6869686, 1.3395339], [103.6869757, 1.3395903]]]}},
{"type": "Feature", "properties": {"osm_way": 1550488124, "osm_name": "", "height_m": 10.0, "min_height_m": 0.0}, "geometry": {"type": "Polygon", "coordinates": [[[103.6875196, 1.3394952], [103.687627, 1.339482], [103.6876198, 1.3394238], [103.6875124, 1.339437], [103.6875196, 1.3394952]]]}},
{"type": "Feature", "properties": {"osm_way": 1550869241, "osm_name": "", "height_m": 10.0, "min_height_m": 0.0}, "geometry": {"type": "Polygon", "coordinates": [[[103.6879856, 1.3416103], [103.6879567, 1.341588], [103.6879845, 1.341552], [103.6880134, 1.3415744], [103.6879856, 1.3416103]]]}},
{"type": "Feature", "properties": {"osm_way": 1550869242, "osm_name": "", "height_m": 10.0, "min_height_m": 0.0}, "geometry": {"type": "Polygon", "coordinates": [[[103.6878353, 1.3409363], [103.6878001, 1.3409266], [103.6878122, 1.3408828], [103.6878474, 1.3408926], [103.6878353, 1.3409363]]]}},
{"type": "Feature", "properties": {"osm_way": 1550869243, "osm_name": "", "height_m": 10.0, "min_height_m": 0.0}, "geometry": {"type": "Polygon", "coordinates": [[[103.6880088, 1.3408259], [103.6879852, 1.3408537], [103.6879505, 1.3408244], [103.6879741, 1.3407965], [103.6880088, 1.3408259]]]}},
{"type": "Feature", "properties": {"osm_way": 1550869244, "osm_name": "", "height_m": 10.0, "min_height_m": 0.0}, "geometry": {"type": "Polygon", "coordinates": [[[103.6894013, 1.3406648], [103.6894053, 1.3407011], [103.6893601, 1.3407061], [103.6893562, 1.3406698], [103.6894013, 1.3406648]]]}},
{"type": "Feature", "properties": {"osm_way": 1550869245, "osm_name": "", "height_m": 10.0, "min_height_m": 0.0}, "geometry": {"type": "Polygon", "coordinates": [[[103.6892062, 1.3407787], [103.68917, 1.3407739], [103.689176, 1.3407288], [103.6892122, 1.3407337], [103.6892062, 1.3407787]]]}},
{"type": "Feature", "properties": {"osm_way": 1550869246, "osm_name": "", "height_m": 10.0, "min_height_m": 0.0}, "geometry": {"type": "Polygon", "coordinates": [[[103.6886928, 1.339616], [103.6886566, 1.3396206], [103.6886508, 1.3395755], [103.6886871, 1.3395709], [103.6886928, 1.339616]]]}},
{"type": "Feature", "properties": {"osm_way": 1550869247, "osm_name": "", "height_m": 10.0, "min_height_m": 0.0}, "geometry": {"type": "Polygon", "coordinates": [[[103.6895212, 1.3393347], [103.6895169, 1.3392985], [103.6895621, 1.3392932], [103.6895663, 1.3393295], [103.6895212, 1.3393347]]]}},
{"type": "Feature", "properties": {"osm_way": 1550869249, "osm_name": "", "height_m": 10.0, "min_height_m": 0.0}, "geometry": {"type": "Polygon", "coordinates": [[[103.6895982, 1.3407264], [103.6895868, 1.3407396], [103.6895705, 1.3407467], [103.6895543, 1.3407429], [103.6895421, 1.3407326], [103.6895318, 1.3407214], [103.6895258, 1.3407074], [103.6895204, 1.3406854], [103.6895215, 1.3406596], [103.6895274, 1.3406418], [103.6895392, 1.3406284], [103.6895554, 1.3406203], [103.6895728, 1.3406235], [103.6895873, 1.340633], [103.6895994, 1.3406499], [103.6896065, 1.3406757], [103.6896063, 1.3406986], [103.6896038, 1.3407133], [103.6895982, 1.3407264]]]}},
{"type": "Feature", "properties": {"osm_way": 1550869250, "osm_name": "", "height_m": 10.0, "min_height_m": 0.0}, "geometry": {"type": "Polygon", "coordinates": [[[103.6882547, 1.3409103], [103.688234, 1.3409323], [103.6882087, 1.3409441], [103.6881847, 1.3409408], [103.6881665, 1.340929], [103.6881491, 1.3409092], [103.6881349, 1.3408835], [103.6881299, 1.3408477], [103.68813, 1.3408066], [103.6881407, 1.3407741], [103.6881619, 1.3407483], [103.6881858, 1.3407358], [103.6882168, 1.3407399], [103.6882412, 1.3407592], [103.688257, 1.3407913], [103.6882657, 1.3408264], [103.6882659, 1.3408618], [103.6882603, 1.3408971], [103.6882547, 1.3409103]]]}},
{"type": "Feature", "properties": {"osm_way": 1551762983, "osm_name": "", "height_m": 10.0, "min_height_m": 0.0}, "geometry": {"type": "Polygon", "coordinates": [[[103.685811, 1.3406791], [103.6856785, 1.3406953], [103.6856706, 1.3406305], [103.685803, 1.3406143], [103.685811, 1.3406791]]]}},
{"type": "Feature", "properties": {"osm_way": 1551763003, "osm_name": "", "height_m": 10.0, "min_height_m": 0.0}, "geometry": {"type": "Polygon", "coordinates": [[[103.6917679, 1.3465115], [103.6916969, 1.3465714], [103.69162, 1.3464803], [103.691691, 1.3464204], [103.6917679, 1.3465115]]]}},
{"type": "Feature", "properties": {"osm_way": 1552341128, "osm_name": "", "height_m": 10.0, "min_height_m": 0.0}, "geometry": {"type": "Polygon", "coordinates": [[[103.6921647, 1.3466465], [103.6922201, 1.346598], [103.6921413, 1.3465079], [103.6920859, 1.3465563], [103.6921647, 1.3466465]]]}},
{"type": "Feature", "properties": {"osm_way": 1552341133, "osm_name": "", "height_m": 10.0, "min_height_m": 0.0}, "geometry": {"type": "Polygon", "coordinates": [[[103.6924686, 1.3448958], [103.6924332, 1.3447807], [103.6923114, 1.3446808], [103.6923449, 1.3446383], [103.6919462, 1.3443208], [103.691922, 1.3443512], [103.6918828, 1.3444278], [103.6924686, 1.3448958]]]}},
{"type": "Feature", "properties": {"osm_way": 1552573812, "osm_name": "", "height_m": 3.5, "min_height_m": 0.0}, "geometry": {"type": "Polygon", "coordinates": [[[103.6923269, 1.3443542], [103.6923085, 1.344203], [103.6924101, 1.3441909], [103.6924282, 1.3443425], [103.6923269, 1.3443542]]]}},
{"type": "Feature", "properties": {"osm_way": 1552978413, "osm_name": "", "height_m": 10.0, "min_height_m": 0.0}, "geometry": {"type": "Polygon", "coordinates": [[[103.6913033, 1.3458401], [103.6912938, 1.3457546], [103.6913662, 1.3457466], [103.6913758, 1.3458322], [103.6913033, 1.3458401]]]}},
{"type": "Feature", "properties": {"osm_way": 1552978415, "osm_name": "", "height_m": 10.0, "min_height_m": 0.0}, "geometry": {"type": "Polygon", "coordinates": [[[103.6914608, 1.3462224], [103.6914271, 1.34623], [103.6914234, 1.3462167], [103.6914218, 1.346195], [103.6914267, 1.3461758], [103.6914352, 1.3461611], [103.691464, 1.3461784], [103.691458, 1.3461981], [103.6914608, 1.3462224]]]}},
{"type": "Feature", "properties": {"osm_way": 1552978417, "osm_name": "", "height_m": 10.0, "min_height_m": 0.0}, "geometry": {"type": "Polygon", "coordinates": [[[103.6914853, 1.3462585], [103.6914731, 1.3462907], [103.6914577, 1.3462817], [103.6914417, 1.3462669], [103.6914321, 1.3462496], [103.6914283, 1.3462331], [103.6914612, 1.346226], [103.6914702, 1.3462445], [103.6914853, 1.3462585]]]}},
{"type": "Feature", "properties": {"osm_way": 1552978422, "osm_name": "", "height_m": 10.0, "min_height_m": 0.0}, "geometry": {"type": "Polygon", "coordinates": [[[103.692176, 1.3469602], [103.6922046, 1.346941], [103.6922119, 1.3469574], [103.6922163, 1.3469786], [103.692214, 1.3469983], [103.6922075, 1.347014], [103.6921767, 1.3470006], [103.69218, 1.3469803], [103.692176, 1.3469602]]]}},
{"type": "Feature", "properties": {"osm_way": 1552978423, "osm_name": "", "height_m": 10.0, "min_height_m": 0.0}, "geometry": {"type": "Polygon", "coordinates": [[[103.6929006, 1.3478121], [103.6929346, 1.3478178], [103.6929287, 1.3478347], [103.6929173, 1.3478532], [103.6929022, 1.347866], [103.6928867, 1.3478729], [103.6928734, 1.3478421], [103.6928897, 1.3478296], [103.6929006, 1.3478121]]]}},
{"type": "Feature", "properties": {"osm_way": 1552978424, "osm_name": "", "height_m": 10.0, "min_height_m": 0.0}, "geometry": {"type": "Polygon", "coordinates": [[[103.6928428, 1.3477661], [103.6927867, 1.347701], [103.6928418, 1.3476535], [103.6928981, 1.3477186], [103.6928428, 1.3477661]]]}},
{"type": "Feature", "properties": {"osm_way": 1552995642, "osm_name": "", "height_m": 10.0, "min_height_m": 0.0}, "geometry": {"type": "Polygon", "coordinates": [[[103.6885433, 1.3414135], [103.6885276, 1.3412766], [103.6886005, 1.3412683], [103.6886162, 1.3414052], [103.6885433, 1.3414135]]]}},
{"type": "Feature", "properties": {"osm_way": 1553658972, "osm_name": "", "height_m": 10.0, "min_height_m": 0.0}, "geometry": {"type": "Polygon", "coordinates": [[[103.6912489, 1.3451616], [103.691292, 1.3450861], [103.6913432, 1.3451153], [103.6913009, 1.3451912], [103.6912489, 1.3451616]]]}},
{"type": "Feature", "properties": {"osm_way": 1553658973, "osm_name": "", "height_m": 10.0, "min_height_m": 0.0}, "geometry": {"type": "Polygon", "coordinates": [[[103.6912851, 1.3452198], [103.6912684, 1.3452498], [103.6912546, 1.3452385], [103.6912411, 1.3452214], [103.6912344, 1.3452028], [103.6912333, 1.3451859], [103.6912669, 1.3451841], [103.6912728, 1.3452038], [103.6912851, 1.3452198]]]}}
]}
